pl_name,hostname,discoverymethod,disc_year,disc_facility,pl_orbper,pl_rade,pl_bmasse,pl_eqt,st_teff,st_rad,st_mass,sy_dist,ra,dec
11 Com b,11 Com,Radial Velocity,2007.0,Xinglong Station,323.21,12.2,4914.89848585,,4874.0,13.76,2.09,93.1846,185.1787793,17.7932516
11 UMi b,11 UMi,Radial Velocity,2009.0,Thueringer Landessternwarte Tautenburg,516.21997,12.3,4684.8142,,4213.0,29.79,2.78,125.321,229.2745954,71.8239428
14 And b,14 And,Radial Velocity,2008.0,Okayama Astrophysical Observatory,186.76,13.1,1131.15130051,,4888.0,11.55,1.78,75.4392,352.82415,39.2358367
14 Her b,14 Her,Radial Velocity,2002.0,W. M. Keck Observatory,1766.41,12.5,2828.6728223,,5338.0,0.93,0.97,17.9323,242.6021014,43.8163621
16 Cyg B b,16 Cyg B,Radial Velocity,1996.0,Multiple Observatories,798.5,13.5,565.7374,,5750.0,1.13,1.08,21.1397,295.4656422,50.5168243
17 Sco b,17 Sco,Radial Velocity,2020.0,Lick Observatory,578.38,12.9,1373.01871824,,4157.0,25.92,1.22,124.953,243.4620874,-11.8377905
18 Del b,18 Del,Radial Velocity,2008.0,Okayama Astrophysical Observatory,982.85,12.5,2926.24614325,,4980.0,8.8,2.1,76.222,314.6078375,10.8391378
1RXS J160929.1-210524 b,1RXS J160929.1-210524,Imaging,2008.0,Gemini Observatory,,18.647,3000.0,1700.0,4060.0,1.31316,0.85,139.135,242.3762343,-21.0831403
24 Boo b,24 Boo,Radial Velocity,2018.0,Okayama Astrophysical Observatory,30.33,13.9,280.64248338,,4816.0,12.19,1.05,95.9863,217.1555242,49.8446488
24 Sex b,24 Sex,Radial Velocity,2010.0,Lick Observatory,452.8,13.4,632.46,,5098.0,4.9,1.54,72.0691,155.8684866,-0.9023998
24 Sex c,24 Sex,Radial Velocity,2010.0,Lick Observatory,883.0,13.9,273.32,,5098.0,4.9,1.54,72.0691,155.8684866,-0.9023998
2M0437 b,2MASS J04372171+2651014,Imaging,2021.0,Subaru Telescope,,13.0,1271.313628,1450.0,3100.0,0.84,0.17,128.484,69.3405531,26.8502997
2MASS J01033563-5515561 AB b,2MASS J01033563-5515561 A,Imaging,2013.0,Paranal Observatory,,12.3,4131.79,,,,0.19,47.2,15.8992489,-55.2658291
2MASS J01225093-2439505 b,2MASS J01225093-2439505,Imaging,2013.0,W. M. Keck Observatory,,11.209,7786.5,1600.0,3530.0,0.36645,0.4,33.8281,20.7128012,-24.6646128
2MASS J02192210-3925225 b,2MASS J02192210-3925225,Imaging,2015.0,Cerro Tololo Inter-American Observatory,,16.14096,4417.837,,3064.0,0.281,0.108,40.08964117,34.8427046,-39.4230767
2MASS J0249-0557 c,2MASS J0249-0557 A,Imaging,2018.0,Mauna Kea Observatory,,17.37392009,3616.88727166,1723.0,2859.0,0.315959,0.046,66.0613,42.4851627,-5.9599921
2MASS J03590986+2009361 b,2MASS J03590986+2009361,Imaging,2024.0,European Space Agency (ESA) Gaia Satellite,,12.2,5720.911326,2369.0,2943.0,0.289776,0.264996,117.435,59.7911026,20.1599759
2MASS J04414489+2301513 b,2MASS J04414489+2301513,Imaging,2010.0,Hubble Space Telescope,,12.6,2383.6,,2936.0,0.231916,0.019,120.42398696,70.4371079,23.0308544
2MASS J11011926-7732383 b,2MASS J11011926-7732383,Imaging,2024.0,European Space Agency (ESA) Gaia Satellite,,11.9,8899.195396,2677.0,,,,,165.3295388,-77.5440912
2MASS J11550485-7919108 b,2MASS J11550485-7919108,Imaging,2024.0,European Space Agency (ESA) Gaia Satellite,,12.1,6356.56814,2506.0,3021.0,0.600455,0.58846,100.862,178.7691634,-79.3197558
2MASS J12073346-3932539 b,2MASS J12073346-3932539,Imaging,2004.0,Paranal Observatory,,15.69257298,1652.7077164,1163.0,2825.0,0.21887,0.188001,64.308,181.8890906,-39.5484399
2MASS J19383260+4603591 b,2MASS J19383260+4603591,Eclipse Timing Variations,2015.0,Kepler,406.0,13.4,603.877,,29564.0,0.203,0.48,396.332,294.6359173,46.0664076
2MASS J21252752-8138278 b,2MASS J21252752-8138278,Imaging,2024.0,European Space Agency (ESA) Gaia Satellite,,12.4,3813.940884,1616.0,3592.0,0.672832,0.643977,34.1154,321.3662989,-81.6414894
2MASS J22362452+4751425 b,2MASS J22362452+4751425,Imaging,2016.0,W. M. Keck Observatory,,12.3,3972.875,,4045.0,0.641152,0.6,69.5737,339.1025931,47.861683
2MASS J22501512+2325342 b,2MASS J22501512+2325342,Imaging,2018.0,The 2 (Two) Micron All Sky Survey (2MASS),,11.9,9534.85221,1600.0,3352.0,0.437589,0.433173,57.2309,342.5634097,23.4259058
4 UMa b,4 UMa,Radial Velocity,2006.0,Thueringer Landessternwarte Tautenburg,270.27,12.6,2511.48007211,,4415.0,18.11,1.234,73.4603,130.0528099,64.3280504
47 UMa b,47 UMa,Radial Velocity,1996.0,Lick Observatory,1078.0,13.2,804.08,,5872.0,1.21334,1.06,13.7967,164.8647611,40.4304931
47 UMa c,47 UMa,Radial Velocity,2001.0,Lick Observatory,2391.0,14.2,171.621,,5872.0,1.21334,1.06,13.7967,164.8647611,40.4304931
47 UMa d,47 UMa,Radial Velocity,2009.0,Lick Observatory,14002.0,13.5,521.22,,5872.0,1.21334,1.06,13.7967,164.8647611,40.4304931
51 Eri b,51 Eri,Imaging,2015.0,Gemini Observatory,9100.0,,3464.3296363,807.0,7422.0,1.45,1.75,29.7575,69.4007424,-2.4738245
51 Peg b,51 Peg,Radial Velocity,1995.0,Haute-Provence Observatory,4.230785,14.3,146.2018,,5758.0,1.17561,1.03,15.4614,344.3675399,20.7690958
55 Cnc B b,55 Cnc B,Radial Velocity,2025.0,Mauna Kea Observatory,6.7994,1.69,3.5,,3286.0,0.274,0.26,12.4773,133.167908,28.3152863
55 Cnc B c,55 Cnc B,Radial Velocity,2025.0,Mauna Kea Observatory,33.747,2.16,5.3,,3286.0,0.274,0.26,12.4773,133.167908,28.3152863
55 Cnc b,55 Cnc,Radial Velocity,1996.0,Lick Observatory,14.651552,13.9,263.9785,700.0,5198.0,0.98,1.015,12.5855,133.1468373,28.3298154
55 Cnc c,55 Cnc,Radial Velocity,2004.0,McDonald Observatory,44.3936,8.51,54.4738,,5198.0,0.98,1.015,12.5855,133.1468373,28.3298154
55 Cnc d,55 Cnc,Radial Velocity,2002.0,Lick Observatory,4799.0,13.0,1232.493,,5198.0,0.98,1.015,12.5855,133.1468373,28.3298154
55 Cnc e,55 Cnc,Radial Velocity,2004.0,McDonald Observatory,0.7365474,1.875,7.99,1958.0,5172.0,0.943,0.905,12.5855,133.1468373,28.3298154
55 Cnc f,55 Cnc,Radial Velocity,2007.0,Multiple Observatories,260.58,7.59,44.812,,5198.0,0.98,1.015,12.5855,133.1468373,28.3298154
6 Lyn b,6 Lyn,Radial Velocity,2008.0,Okayama Astrophysical Observatory,919.86,13.4,597.83523357,,4941.0,4.94,1.32,54.6599,97.6960311,58.1611753
61 Vir b,61 Vir,Radial Velocity,2009.0,Multiple Observatories,4.215,2.11,5.1,,5577.0,0.963,0.942,8.50332,199.596455,-18.3157745
61 Vir c,61 Vir,Radial Velocity,2009.0,Multiple Observatories,38.021,4.46,18.2,,5577.0,0.963,0.942,8.50332,199.596455,-18.3157745
61 Vir d,61 Vir,Radial Velocity,2009.0,Multiple Observatories,123.01,5.11,22.9,,5577.0,0.963,0.942,8.50332,199.596455,-18.3157745
7 CMa b,7 CMa,Radial Velocity,2011.0,Anglo-Australian Telescope,735.1,13.4,587.9855,,4826.0,4.87,1.34,19.8101,99.171276,-19.2561808
7 CMa c,7 CMa,Radial Velocity,2019.0,Multiple Observatories,996.0,13.9,276.5121,,4826.0,4.87,1.34,19.8101,99.171276,-19.2561808
70 Vir b,70 Vir,Radial Velocity,1996.0,Lick Observatory,116.688,12.6,2380.45,,5495.0,1.89,1.09,17.9011,202.1064898,13.7763085
75 Cet b,75 Cet,Radial Velocity,2012.0,Okayama Astrophysical Observatory,696.62,13.3,787.89662095,,4809.0,10.38,1.92,82.9613,38.0391598,-1.0350269
75 Cet c,75 Cet,Radial Velocity,2023.0,Okayama Astrophysical Observatory,2051.62,13.9,289.85950718,,4809.0,10.38,1.92,82.9613,38.0391598,-1.0350269
8 UMi b,8 UMi,Radial Velocity,2015.0,Bohyunsan Optical Astronomical Observatory,93.31,13.5,524.41687155,,4847.0,10.73,1.51,162.552,224.201685,74.9009379
81 Cet b,81 Cet,Radial Velocity,2008.0,Okayama Astrophysical Observatory,1005.57,13.1,1051.05854195,,4734.0,11.21,1.23,101.26,39.4243555,-3.3963607
91 Aqr b,91 Aqr,Radial Velocity,2013.0,Lick Observatory,181.4,13.1,1017.0,,4665.0,11.0,1.4,44.0304,348.9745031,-9.0878076
AB Aur b,AB Aur,Imaging,2022.0,Subaru Telescope,,12.5,2860.455663,,9770.0,2.95887,2.4,162.127,73.9410446,30.5510888
AB Pic b,AB Pic,Imaging,2005.0,Paranal Observatory,,12.3,4290.5,,5285.0,0.999394,0.9,50.0475,94.8039208,-58.0541184
AF Lep b,AF Lep,Imaging,2023.0,Paranal Observatory,8905.0,13.0,1147.36054927,1400.0,6140.0,1.25,1.218,26.8564,81.7699216,-11.9011752
AT2021ueyL b,AT2021ueyL,Microlensing,2025.0,Multiple Observatories,4168.69,13.6,425.89006538,,3680.0,,0.49,1040.0,324.5450417,26.4665694
AU Mic b,AU Mic,Transit,2020.0,Transiting Exoplanet Survey Satellite (TESS),8.463446,4.79,8.99,554.8,3540.0,0.862,0.635,9.7221,311.2911369,-31.34245
AU Mic c,AU Mic,Transit,2021.0,Transiting Exoplanet Survey Satellite (TESS),18.859023,2.79,14.46,424.7,3540.0,0.862,0.635,9.7221,311.2911369,-31.34245
AU Mic d,AU Mic,Transit Timing Variations,2023.0,Multiple Observatories,12.73596,1.02,1.053,,3678.0,0.744,0.51,9.7221,311.2911369,-31.34245
AU Mic e,AU Mic,Radial Velocity,2025.0,Mauna Kea Observatory,33.11,4.87,21.1,,3665.0,0.82,0.6,9.7221,311.2911369,-31.34245
BD+03 2562 b,BD+03 2562,Radial Velocity,2017.0,Multiple Observatories,481.9,12.7,2034.112,,4095.0,32.35,1.14,1070.63,177.5647268,2.7601075
BD+05 4868 A b,BD+05 4868 A,Transit,2025.0,Transiting Exoplanet Survey Satellite (TESS),1.271869,,6.2,1820.0,4596.0,0.69,0.7,43.5687,326.8614036,6.6053185
BD+14 4559 b,BD+14 4559,Radial Velocity,2009.0,McDonald Observatory,268.94,13.8,330.5432,,4864.0,0.86,0.49,49.352,318.4010002,14.6893834
BD+15 2375 b,BD+15 2375,Radial Velocity,2016.0,Roque de los Muchachos Observatory,153.22,13.8,337.21763,,4649.0,8.95,1.08,768.045,176.4820239,14.6163182
BD+15 2940 b,BD+15 2940,Radial Velocity,2013.0,McDonald Observatory,137.48,13.7,352.78,,4796.0,14.7,1.1,426.42,240.09564,15.5467507
BD+20 2457 b,BD+20 2457,Radial Velocity,2009.0,McDonald Observatory,379.63,12.1,6807.63,,4137.0,49.0,2.8,1539.71,154.186782,19.8912626
BD+20 2457 c,BD+20 2457,Radial Velocity,2009.0,McDonald Observatory,621.99,12.4,3963.17,,4137.0,49.0,2.8,1539.71,154.186782,19.8912626
BD+20 274 b,BD+20 274,Radial Velocity,2012.0,McDonald Observatory,578.2,13.0,1334.886,,4296.0,17.3,0.8,1322.51,25.9203179,21.0052692
BD+20 594 b,BD+20 594,Transit,2016.0,K2,41.6855,2.57807,22.2481,546.0,5766.0,1.08,1.67,179.461,53.6511231,20.5990205
BD+37 3172 b,BD+37 3172,Radial Velocity,2023.0,McDonald Observatory,1887.76,12.4,3368.9811142,,4500.0,50.24,3.75,454.251,278.8155071,38.1153886
BD+42 2315 b,BD+42 2315,Radial Velocity,2023.0,McDonald Observatory,123.05,14.2,174.80562385,,4500.0,17.85,1.38,610.715,187.5887597,41.2695674
BD+45 564 b,BD+45 564,Radial Velocity,2021.0,Haute-Provence Observatory,307.88,13.6,432.24663352,,5004.0,0.813064,0.81,53.622,32.9470485,45.9242187
BD+48 738 b,BD+48 738,Radial Velocity,2011.0,McDonald Observatory,392.6,13.9,289.2253,,4414.0,11.0,0.74,871.493,40.7102869,49.5869395
BD+48 740 b,BD+48 740,Radial Velocity,2018.0,Multiple Observatories,733.0,13.5,540.311,,4534.0,10.33,1.09,666.589,40.7425426,48.9300579
BD+49 828 b,BD+49 828,Radial Velocity,2015.0,McDonald Observatory,2590.0,13.5,508.5,,4943.0,7.6,1.52,442.042,45.6406187,49.7299481
BD+55 362 b,BD+55 362,Radial Velocity,2021.0,Haute-Provence Observatory,265.59,14.0,228.83645304,,5012.0,0.896193,0.909,52.5697,23.9636676,56.6982282
BD+60 1417 b,BD+60 1417,Imaging,2021.0,Wide-field Infrared Survey Explorer (WISE) Sat,,14.68376472,4767.426105,1303.0,4993.0,0.797,1.0,44.9543,190.8875453,60.0143636
BD+63 1405 b,BD+63 1405,Radial Velocity,2021.0,Haute-Provence Observatory,1198.48,12.4,3305.4154328,,5000.0,0.804724,0.816,38.0473,271.3979337,63.6700064
BD-06 1339 b,BD-06 1339,Radial Velocity,2013.0,La Silla Observatory,3.8728,,1523.03372634,,4324.0,0.686355,0.7,20.2695,88.2511811,-5.9963378
BD-06 1339 c,BD-06 1339,Radial Velocity,2013.0,La Silla Observatory,125.94,8.38,53.0,,4324.0,0.686355,0.7,20.2695,88.2511811,-5.9963378
BD-08 2823 b,BD-08 2823,Radial Velocity,2009.0,La Silla Observatory,5.6,,2948.49413174,,4816.0,0.71,0.5,41.3342,150.1971964,-9.5165689
BD-08 2823 c,BD-08 2823,Radial Velocity,2009.0,La Silla Observatory,237.6,12.5,104.0,,4746.0,0.71,0.74,41.3342,150.1971964,-9.5165689
BD-10 3166 b,BD-10 3166,Radial Velocity,2000.0,W. M. Keck Observatory,3.48777,14.1,187.5197,,5393.0,0.91,1.47,84.4069,164.6191243,-10.7704227
BD-11 4672 b,BD-11 4672,Radial Velocity,2014.0,La Silla Observatory,1634.0,14.1,206.5895,,4550.0,0.639,0.651,27.1665,278.3688659,-11.6370481
BD-11 4672 c,BD-11 4672,Radial Velocity,2020.0,Roque de los Muchachos Observatory,74.2,4.04,15.37,,4550.0,0.639,0.651,27.1665,278.3688659,-11.6370481
BD-13 2130 b,BD-13 2130,Radial Velocity,2007.0,La Silla Observatory,714.29999,12.5,3108.3774,,4545.0,19.17,2.12,925.214,114.2884692,-13.9066703
BD-14 3065 b,BD-14 3065 A,Transit,2024.0,Transiting Exoplanet Survey Satellite (TESS),4.2889731,21.59,3932.0,2001.0,6935.0,2.35,1.41,589.423,153.6696689,-15.6428372
BD-17 63 b,BD-17 63,Radial Velocity,2008.0,La Silla Observatory,655.57,12.8,1639.99458012,,4714.0,0.74,0.741,34.4603,7.1413494,-16.2273254
BD-210397 b,BD-210397,Radial Velocity,2023.0,La Silla Observatory,1891.0,14.0,214.0,,4051.0,0.747,0.679,23.7324,33.3024198,-21.1962147
BD-210397 c,BD-210397,Radial Velocity,2023.0,La Silla Observatory,6240.0,12.9,1525.5763536,,4051.0,0.747,0.69,23.7324,33.3024198,-21.1962147
BEBOP-3 b,BEBOP-3,Radial Velocity,2025.0,Haute-Provence Observatory,547.0,14.2,177.34825111,,6033.0,1.414,1.083,119.052,110.902655,79.1323952
BEBOP-4 AB b,BEBOP-4 A,Radial Velocity,2025.0,Haute-Provence Observatory,1823.5,,8358.8871041,,5701.43,2.75645,1.507,234.294,192.5772651,26.1595358
Barnard b,Barnard's star,Radial Velocity,2024.0,Paranal Observatory,3.1542,0.72,0.299,438.0,3195.0,0.185,0.162,1.82655,269.4486144,4.7379808
Barnard c,Barnard's star,Radial Velocity,2025.0,Gemini Observatory,4.1244,0.743,0.335,400.0,3195.0,0.185,0.162,1.82655,269.4486144,4.7379808
Barnard d,Barnard's star,Radial Velocity,2025.0,Gemini Observatory,2.3402,0.694,0.263,483.0,3195.0,0.185,0.162,1.82655,269.4486144,4.7379808
Barnard e,Barnard's star,Radial Velocity,2025.0,Gemini Observatory,6.7392,0.637,0.193,340.0,3195.0,0.185,0.162,1.82655,269.4486144,4.7379808
CD Cet b,CD Cet,Radial Velocity,2020.0,Calar Alto Observatory,2.2907,1.82,3.95,464.0,3130.0,0.175,0.161,8.60715,48.3530155,4.7751881
CD-35 2722 b,CD-35 2722,Imaging,2011.0,Gemini Observatory,,17.37392009,9375.9380065,1800.0,3689.0,0.558549,0.4,22.3896,92.3300147,-35.8255375
CFBDSIR J145829+101343 b,CFBDSIR J145829+101343,Imaging,2011.0,W. M. Keck Observatory,10037.5,12.4,3337.1,370.0,580.5,,0.021,23.1,224.6208333,10.2286111
CFHTWIR-Oph 98 b,CFHTWIR-Oph 98 A,Imaging,2020.0,Hubble Space Telescope,8040000.0,20.8487041,2479.0615746,1800.0,2320.0,0.245,0.0147,,246.934277,-23.98115
CHXR 73 b,CHXR 73,Imaging,2006.0,Hubble Space Telescope,,12.3,3994.486,,3099.0,,0.35,190.374,166.6193985,-77.6258725
CI Tau c,CI Tau,Radial Velocity,2024.0,Multiple Observatories,25.2,13.0,1144.1822652,,3807.0,1.880857,0.9,157.998,68.4667685,22.8416192
COCONUTS-2 b,COCONUTS-2 A,Imaging,2021.0,NASA Infrared Telescope Facility (IRTF),402000000.0,12.57647635,2383.7130525,493.0,3552.0,0.366,0.4,10.8864,117.300914,-76.702696
CT Cha b,CT Cha,Imaging,2007.0,Paranal Observatory,,24.66,5403.0,2600.0,4403.0,1.679694,,190.72,166.0375038,-76.4553693
CWISEP J193518.59-154620.3 b,CWISEP J193518.59-154620.3,Imaging,2025.0,James Webb Space Telescope (JWST),,12.2,4926.3403085,390.0,,,0.024,14.43,293.8262172,-15.7725727
CoRoT-1 b,CoRoT-1,Transit,2008.0,CoRoT,1.5089557,16.7,327.35,1898.0,5950.0,1.11,0.95,787.909,102.0798591,-3.1021394
CoRoT-10 b,CoRoT-10,Transit,2010.0,CoRoT,13.2406,10.87,874.0,600.0,5075.0,0.79,0.89,338.386,291.0636813,0.7460143
CoRoT-11 b,CoRoT-11,Transit,2010.0,CoRoT,2.99433,16.03,740.51,1657.0,6440.0,1.37,1.27,655.037,280.6872998,5.9376586
CoRoT-12 b,CoRoT-12,Transit,2010.0,CoRoT,2.828042,16.14,291.438,1442.0,5675.0,1.116,1.078,1126.37,100.7656871,-1.2964437
CoRoT-13 b,CoRoT-13,Transit,2010.0,CoRoT,4.03519,9.92,415.704,1700.0,5945.0,1.01,1.09,1148.93,102.7211432,-5.0864557
CoRoT-14 b,CoRoT-14,Transit,2010.0,CoRoT,1.51214,12.22,2415.4,1952.0,6035.0,1.21,1.13,1744.6,103.4242023,-5.5360385
CoRoT-16 b,CoRoT-16,Transit,2011.0,CoRoT,5.35227,13.11,170.032,,5650.0,1.19,1.098,732.409,278.5246658,-6.0026026
CoRoT-17 b,CoRoT-17,Transit,2011.0,CoRoT,3.7681,11.43,772.29,1626.0,5740.0,1.59,1.04,1176.12,278.699236,-6.612288
CoRoT-18 b,CoRoT-18,Transit,2011.0,CoRoT,1.9000693,14.68,1102.82,1550.0,5440.0,1.0,0.95,764.889,98.1724172,-0.0316045
CoRoT-19 b,CoRoT-19,Transit,2011.0,CoRoT,3.89713,14.46,352.78,2000.0,6090.0,1.65,1.21,790.663,97.0335983,-0.1707293
CoRoT-2 b,CoRoT-2,Transit,2008.0,CoRoT,1.7429935,16.432,1102.82,1521.0,5625.0,0.906,0.96,213.283,291.7770457,1.3836634
CoRoT-20 b,CoRoT-20,Transit,2011.0,CoRoT,9.24285,9.41556,1366.669,1024.0,5880.0,1.02,1.14,844.061,97.7204249,0.2268931
CoRoT-20 c,CoRoT-20,Radial Velocity,2018.0,Multiple Observatories,1675.0,12.2,5403.11,,5880.0,1.02,1.14,844.061,97.7204249,0.2268931
CoRoT-21 b,CoRoT-21,Transit,2012.0,CoRoT,2.72474,14.5717,718.2958,,6200.0,1.95,1.29,1398.83419686,101.0526207,-0.2991544
CoRoT-22 b,CoRoT-22,Transit,2014.0,CoRoT,9.75598,4.88,12.2,885.0,5939.0,1.136,1.099,627.158,280.6671392,6.2191669
CoRoT-23 b,CoRoT-23,Transit,2011.0,CoRoT,3.6313,11.77,889.9,1660.0,5900.0,1.61,1.14,1060.97,279.7826586,4.3577516
CoRoT-24 b,CoRoT-24,Transit,2014.0,CoRoT,5.1134,3.7,5.7,1070.0,4950.0,0.86,0.91,591.555,101.922543,-3.7192892
CoRoT-24 c,CoRoT-24,Transit,2014.0,CoRoT,11.759,5.0,28.0,850.0,4950.0,0.86,0.91,591.555,101.922543,-3.7192892
CoRoT-25 b,CoRoT-25,Transit,2013.0,CoRoT,4.86069,12.11,85.81,1330.0,6040.0,1.19,1.09,1103.48,280.6296561,6.5138223
CoRoT-26 b,CoRoT-26,Transit,2013.0,CoRoT,4.20474,14.12,165.26,1600.0,5590.0,1.79,1.09,1045.18,279.7504991,6.9697828
CoRoT-27 b,CoRoT-27,Transit,2014.0,CoRoT,3.57532,11.287,3302.11,1500.0,5900.0,1.08,1.05,1010.28,278.4958319,5.5383811
CoRoT-28 b,CoRoT-28,Transit,2015.0,CoRoT,5.20851,10.704595,153.82972,,5150.0,1.78,1.01,766.183,278.6883216,5.5736911
CoRoT-29 b,CoRoT-29,Transit,2015.0,CoRoT,2.85057,10.0881,270.1555,,5260.0,0.9,0.97,806.507,278.9020691,6.4795703
CoRoT-3 b,CoRoT-3,Transit,2008.0,CoRoT,4.2568,11.32,6883.91,1695.0,6740.0,1.56,1.37,768.771,292.0552827,0.1218359
CoRoT-30 b,CoRoT-30,Transit,2020.0,CoRoT,9.06005,11.309881,921.707,,5650.0,0.91,0.98,1032.23,277.6011767,6.8359338
CoRoT-31 b,CoRoT-31,Transit,2020.0,CoRoT,4.62941,16.36514,266.9772,,5700.0,2.15,1.25,2005.76,94.820735,-4.4222978
CoRoT-32 b,CoRoT-32,Transit,2018.0,CoRoT,6.71837,6.38913,47.6745,938.0,5970.0,0.79,1.08,576.683,100.1951714,9.2573953
CoRoT-35 b,CoRoT-35,Transit,2022.0,CoRoT,3.22748,18.83108758,349.6112477,1747.0,6390.0,1.65,1.01,1123.21,289.3143526,-2.7747085
CoRoT-36 b,CoRoT-36,Transit,2022.0,CoRoT,5.616531,15.80466279,216.12331676,1567.0,6730.0,1.52,1.32,925.958,277.7510149,7.1833465
CoRoT-4 b,CoRoT-4,Transit,2008.0,CoRoT,9.20205,13.34,228.83,1074.0,6190.0,1.17,1.16,726.412,102.1946233,-0.6727861
CoRoT-5 b,CoRoT-5,Transit,2009.0,CoRoT,4.0378962,15.558,148.42,1438.0,6100.0,1.186,1.0,882.472,101.2772396,0.8152163
CoRoT-6 b,CoRoT-6,Transit,2009.0,CoRoT,8.886593,13.068,940.74,1017.0,6090.0,1.025,1.05,645.294,281.0725563,6.6632062
CoRoT-7 b,CoRoT-7,Transit,2009.0,CoRoT,0.85359163,1.68135,4.07660518,1756.0,5275.0,0.83,0.82,159.906,100.9561682,-1.0630076
CoRoT-7 c,CoRoT-7,Radial Velocity,2009.0,CoRoT,3.698,2.83,8.4,,5256.0,0.864273,0.899,159.906,100.9561682,-1.0630076
CoRoT-7 d,CoRoT-7,Radial Velocity,2022.0,La Silla Observatory,8.966,4.31,17.142,,5250.0,0.8389,0.915,159.906,100.9561682,-1.0630076
CoRoT-8 b,CoRoT-8,Transit,2010.0,CoRoT,6.21229,6.39,69.92,870.0,5080.0,0.77,0.88,322.037,291.5885696,1.4262972
CoRoT-9 b,CoRoT-9,Transit,2009.0,CoRoT,95.272656,11.948794,266.9772,420.0,5625.0,0.96,0.96,412.98,280.7866461,6.2040783
DE CVn b,DE CVn,Eclipse Timing Variations,2018.0,Multiple Facilities,4098.1,12.4,3823.27330161,,3579.0,0.424754,0.51,30.5225,201.7207198,45.5455449
DENIS-P J082303.1-491201 b,DENIS-P J082303.1-491201,Astrometry,2013.0,Paranal Observatory,246.36,11.9,9057.77,,,,0.075,20.77,125.7620668,-49.2003008
DH Tau b,DH Tau,Imaging,2004.0,Subaru Telescope,,30.2643,3496.0,2200.0,4371.0,0.27,0.33,134.846,67.4231674,26.5493897
DMPP-1 b,DMPP-1,Radial Velocity,2019.0,La Silla Observatory,17.812,4.26,16.8,877.0,6196.0,1.26,1.21,62.5388,86.7761233,-10.6303217
DMPP-1 c,DMPP-1,Radial Velocity,2019.0,La Silla Observatory,10.03,3.31,10.94,1239.0,6196.0,1.26,1.21,62.5388,86.7761233,-10.6303217
DMPP-1 d,DMPP-1,Radial Velocity,2019.0,La Silla Observatory,3.1417,2.02,4.72,1632.0,6196.0,1.26,1.21,62.5388,86.7761233,-10.6303217
DMPP-1 e,DMPP-1,Radial Velocity,2019.0,La Silla Observatory,5.516,1.86,4.13,1314.0,6196.0,1.26,1.21,62.5388,86.7761233,-10.6303217
DMPP-2 b,DMPP-2,Radial Velocity,2019.0,Multiple Facilities,5.203,14.2,171.48,1000.0,6500.0,1.78,1.41,137.94,27.407731,-34.4590985
DMPP-2 c,DMPP-2,Radial Velocity,2026.0,Multiple Observatories,3.168,8.26,51.79,,6500.0,1.78,1.41,137.94,27.407731,-34.4590985
DMPP-2 d,DMPP-2,Radial Velocity,2026.0,Multiple Observatories,16.491,11.6,91.79,,6500.0,1.78,1.41,137.94,27.407731,-34.4590985
DMPP-3 A b,DMPP-3 A,Radial Velocity,2019.0,La Silla Observatory,5.59,1.44,2.67,854.0,5138.0,0.91,0.9,46.8917,91.6243532,-72.5143057
DMPP-4 b,DMPP-4,Radial Velocity,2023.0,Multiple Observatories,3.4982,3.53,12.2,,6400.0,1.38,1.25,25.3284,293.5826648,51.2358069
DMPP-6 b,DMPP-6,Radial Velocity,2026.0,Multiple Observatories,7.6027,2.28,5.8,,6182.09,1.27,1.079,54.6303,120.3857827,-70.0234291
DMPP-6 c,DMPP-6,Radial Velocity,2026.0,Multiple Observatories,36.441,3.74,13.47,,6182.09,1.27,1.079,54.6303,120.3857827,-70.0234291
DMPP-7 b,DMPP-7,Radial Velocity,2026.0,Multiple Observatories,4.984,9.13,61.39,,5996.82,1.53949,1.09,101.386,203.5284651,0.4988127
DMPP-8 b,DMPP-8,Radial Velocity,2026.0,Multiple Observatories,62.915,10.8,81.09,,6009.0,1.24,0.99,76.1335,305.3083517,-81.6166664
DMPP-9 b,DMPP-9,Radial Velocity,2026.0,Multiple Observatories,12.733,3.89,14.43,,6092.0,1.26,1.1,109.539,316.3060007,-66.9581622
DP Leo b,DP Leo,Eclipse Timing Variations,2009.0,Yunnan Astronomical Observatory,10220.0,12.7,1995.88832,,13500.0,0.0115,0.69,305.684,169.3162193,17.9615717
DS Tuc A b,DS Tuc A,Transit,2019.0,Transiting Exoplanet Survey Satellite (TESS),8.138268,5.7,413.179,850.0,5428.0,0.964,1.01,44.0622,354.9154673,-69.196043
EPIC 201170410.02,EPIC 201170410,Transit,2020.0,K2,6.7987,1.047,1.15,,3648.0,0.282,0.287,134.0,170.1408561,-4.8070039
EPIC 201238110 b,EPIC 201238110,Transit,2019.0,K2,28.1656,1.87,4.16,,3587.0,0.374,0.41,159.259,179.7058532,-3.3894613
EPIC 201427007 b,EPIC 201427007,Transit,2021.0,K2,0.72091,1.5,2.86,,5633.0,0.94,0.93,706.391,184.6021322,-0.5512886
EPIC 201497682 b,EPIC 201497682,Transit,2019.0,K2,2.13174,0.692,0.26,,4991.0,0.554,0.78,253.026,168.9366786,0.4880606
EPIC 201595106 b,EPIC 201595106,Transit,2021.0,K2,0.87724,1.565,7.67,2038.0,5679.0,0.98,0.958,232.1,183.7203635,1.9681688
EPIC 201615463 c,K2-166,Transit,2019.0,K2,3.80464,1.22,1.98,,5960.0,1.61,1.073,476.882,185.1880932,2.2823788
EPIC 201754305 d,K2-16,Transit,2019.0,K2,2.71578,1.03,1.08,,4761.0,0.544,0.67,334.967,175.0972238,4.5574311
EPIC 201757695.02,EPIC 201757695,Transit,2020.0,K2,2.0478,0.90819,0.688,,4520.0,0.655,0.727,577.6,173.9385102,4.6164303
EPIC 201833600 c,K2-50,Transit,2019.0,K2,3.96151,1.0,0.972,,4326.0,0.634,0.611,257.443,169.483654,5.988289
EPIC 201841433 b,EPIC 201841433,Transit,2019.0,K2,4.1698,1.04,1.12,,5053.0,0.628461,0.802,436.488,175.206752,6.1348146
EPIC 205950854 c,K2-168,Transit,2019.0,K2,8.050722,1.31,2.27,960.6,5502.7,0.83,0.877,243.935,333.1100738,-16.3418863
EPIC 206024342 b,EPIC 206024342,Transit,2019.0,K2,4.50756,1.7,3.53,,5724.0,0.823,0.928,369.888,331.2771441,-14.1218019
EPIC 206024342 c,EPIC 206024342,Transit,2021.0,K2,0.911724,1.4,2.54,,5724.0,1.1,0.928,369.888,331.2771441,-14.1218019
EPIC 206024342 d,EPIC 206024342,Transit,2021.0,K2,14.647531,2.6,7.27,,5724.0,1.1,0.928,369.888,331.2771441,-14.1218019
EPIC 206032309 b,EPIC 206032309,Transit,2019.0,K2,2.87814,1.01,1.01,,3489.0,0.37344,0.221,161.365,341.2404563,-13.9011223
EPIC 206042996 b,EPIC 206042996,Transit,2019.0,K2,5.2986,1.7,3.53,,4114.0,0.5,0.565,451.769,337.5136198,-13.6101475
EPIC 206042996 c,EPIC 206042996,Transit,2021.0,K2,0.354884,1.2,1.87,,4114.0,0.5,0.565,451.769,337.5136198,-13.6101475
EPIC 206215704 b,EPIC 206215704,Transit,2019.0,K2,2.255436,1.0,0.972,,3297.0,0.25,0.407,109.888,335.0949721,-9.5097112
EPIC 206317286 b,EPIC 206317286,Transit,2019.0,K2,1.58252,0.96,0.84,,4752.0,0.669,0.711,314.35,337.6178427,-7.972456
EPIC 206317286 c,EPIC 206317286,Transit,2022.0,K2,17.515472,2.094,5.03,,4752.0,0.758,0.832,314.35,337.6178427,-7.972456
EPIC 211822797 b,EPIC 211822797,Transit,2016.0,K2,21.1701963,1.92,4.35,431.0,4057.0,0.58,0.62,186.197,130.4102091,17.6399744
EPIC 211945201 b,EPIC 211945201,Transit,2018.0,K2,19.49221,5.76,11.0,817.0,6069.0,1.39,1.17,181.69,136.5741931,19.4020565
EPIC 212297394 b,EPIC 212297394,Transit,2019.0,K2,2.289363,1.48,2.79,1149.0,5171.0,0.8,0.83,418.395,207.2061241,-17.6098985
EPIC 212297394 c,EPIC 212297394,Transit,2021.0,K2,5.213965,2.27,5.77,866.0,5171.0,0.8,0.83,418.395,207.2061241,-17.6098985
EPIC 212424622 b,EPIC 212424622,Transit,2019.0,K2,18.0983,2.17,5.35,,5782.33,1.2247,1.106,611.804,202.3313765,-14.3594358
EPIC 212499991 b,EPIC 212499991,Transit,2019.0,K2,34.885,1.6,3.19,,4982.79,0.757541,0.912,283.29,202.488752,-12.7347749
EPIC 212587672 b,EPIC 212587672,Transit,2019.0,K2,15.28078,1.26,2.13,756.0,6004.0,0.98,0.99,320.07,205.4445125,-10.8625468
EPIC 212587672 c,EPIC 212587672,Transit,2021.0,K2,23.228555,2.32,5.99,658.0,6004.0,0.98,0.99,320.07,205.4445125,-10.8625468
EPIC 212624936 b,EPIC 212624936,Transit,2021.0,K2,0.578657,1.2,1.87,,5765.0,0.93,1.0,561.929,210.6376171,-10.0236852
EPIC 212624936 c,EPIC 212624936,Transit,2021.0,K2,11.811437,2.3,5.9,,5765.0,0.93,1.0,561.929,210.6376171,-10.0236852
EPIC 212737443 b,EPIC 212737443,Transit,2019.0,K2,13.603,2.586,7.2,536.0,4684.0,0.673,0.69,336.25,204.2215065,-7.3180577
EPIC 212737443 c,EPIC 212737443,Transit,2019.0,K2,65.55,2.69,7.7,316.0,4684.0,0.673,0.69,336.25,204.2215065,-7.3180577
EPIC 220492298 b,EPIC 220492298,Transit,2021.0,K2,0.762406,0.99,0.937,,5620.0,0.89,0.95,624.512,16.7615005,6.588798
EPIC 220554210 c,K2-282,Transit,2019.0,K2,0.70531,1.6,3.19,,5499.0,1.0,0.94,496.289,13.4321524,7.9952914
EPIC 220674823 b,EPIC 220674823,Transit,2016.0,K2,0.57130782,1.606,7.54,2324.0,5578.0,0.99,0.913,244.59,13.0800239,10.7947051
EPIC 220674823 c,EPIC 220674823,Transit,2016.0,K2,13.340603,2.712,7.9,838.0,5578.0,0.99,0.913,244.59,13.0800239,10.7947051
EPIC 228836835 b,EPIC 228836835,Transit,2021.0,K2,0.728113,1.1,1.37,932.0,3782.0,0.32,0.418179,150.124,189.5748998,-5.2446247
EPIC 229004835 b,EPIC 229004835,Transit,2023.0,K2,16.141132,2.332,10.4,804.0,5868.0,0.999,0.97,121.971,186.4860415,-1.4047214
EPIC 246851721 b,EPIC 246851721,Transit,2018.0,K2,6.180235,11.780659,953.49,1401.0,6202.0,1.586,1.317,372.632,78.9198197,16.2786991
EPIC 248847494 b,EPIC 248847494,Transit,2018.0,K2,3650.0,12.44199,4131.79,183.0,4898.0,2.7,0.9,551.886,159.3890808,11.8427484
EPIC 249893012 b,EPIC 249893012,Transit,2020.0,K2,3.5951,1.95,8.75,1616.0,5430.0,1.71,1.05,321.296,228.2482353,-16.7246474
EPIC 249893012 c,EPIC 249893012,Transit,2020.0,K2,15.624,3.67,14.67,990.0,5430.0,1.71,1.05,321.296,228.2482353,-16.7246474
EPIC 249893012 d,EPIC 249893012,Transit,2020.0,K2,35.747,3.94,10.18,752.0,5430.0,1.71,1.05,321.296,228.2482353,-16.7246474
FU Tau b,FU Tau,Imaging,2008.0,Spitzer Space Telescope,,12.2,5085.28,2375.0,2838.0,,0.05,133.4950466,65.8974962,25.0506711
G 192-15 b,G 192-15,Radial Velocity,2025.0,Calar Alto Observatory,2.27476,1.02,1.03,453.6,2999.0,0.170718,0.132,9.53114,90.6220931,49.861939
G 192-15 c,G 192-15,Radial Velocity,2025.0,Calar Alto Observatory,1219.0,3.87,14.3,55.9,2999.0,0.170718,0.132,9.53114,90.6220931,49.861939
G 196-3 b,G 196-3,Imaging,2024.0,European Space Agency (ESA) Gaia Satellite,,12.0,8263.538582,1670.0,3517.0,0.522432,0.519782,21.7912,151.0884754,50.3861806
G 261-6 b,G 261-6,Radial Velocity,2025.0,Calar Alto Observatory,5.4536,1.1,1.37,322.3,2907.0,0.153162,0.118,10.6267,291.07432,75.5558405
G 264-012 b,G 264-012,Radial Velocity,2021.0,Calar Alto Observatory,2.30538,1.39,2.5,587.0,3326.0,0.305,0.297,16.009,326.6719598,66.803848
G 264-012 c,G 264-012,Radial Velocity,2021.0,Calar Alto Observatory,8.0518,1.76,3.75,387.0,3326.0,0.305,0.297,16.009,326.6719598,66.803848
G 268-110 b,G 268-110,Radial Velocity,2025.0,Calar Alto Observatory,1.43263,1.13,1.52,534.0,,0.177,0.137,,16.223688,-18.124802
G 9-40 b,G 9-40,Transit,2019.0,K2,5.7459982,1.9,4.0,440.6,3395.0,0.3026,0.2952,27.9276,134.7188514,21.0747961
GJ 1002 b,GJ 1002,Radial Velocity,2022.0,Multiple Observatories,10.3465,1.03,1.08,230.9,3024.0,0.137,0.12,4.84867,1.6764641,-7.5462123
GJ 1002 c,GJ 1002,Radial Velocity,2022.0,Multiple Observatories,21.202,1.1,1.36,181.7,3024.0,0.137,0.12,4.84867,1.6764641,-7.5462123
GJ 1061 b,GJ 1061,Radial Velocity,2020.0,La Silla Observatory,3.2073,1.04,1.11,,2953.0,0.156,0.12,3.67278,54.0032486,-44.5143104
GJ 1061 c,GJ 1061,Radial Velocity,2020.0,La Silla Observatory,6.6821,1.19,1.81,,2953.0,0.156,0.12,3.67278,54.0032486,-44.5143104
GJ 1061 d,GJ 1061,Radial Velocity,2020.0,La Silla Observatory,13.066,1.16,1.67,,2953.0,0.156,0.12,3.67278,54.0032486,-44.5143104
GJ 1132 b,GJ 1132,Transit,2015.0,Cerro Tololo Inter-American Observatory,1.62892911,1.19151465,1.83704819,583.8,3229.0,0.2211,0.1945,12.613,153.7090696,-47.1549358
GJ 1132 c,GJ 1132,Radial Velocity,2018.0,La Silla Observatory,8.929,1.52,2.91,300.0,3090.0,0.226,0.198,12.613,153.7090696,-47.1549358
GJ 1137 c,HD 93083,Radial Velocity,2026.0,La Silla Observatory,9.6412,2.11,5.12,,5033.8,0.837,0.836,28.5159,161.0866672,-33.5776794
GJ 1148 b,GJ 1148,Radial Velocity,2010.0,W. M. Keck Observatory,41.38,11.9,96.7,,3287.0,0.358519,0.344045,11.0143,175.4326081,42.7515862
GJ 1148 c,GJ 1148,Radial Velocity,2017.0,Calar Alto Observatory,532.58,9.71,68.06,,3287.0,0.358519,0.344045,11.0143,175.4326081,42.7515862
GJ 1151 c,GJ 1151,Radial Velocity,2023.0,Multiple Facilities,389.7,3.25,10.62,,3280.0,0.1781,0.1639,8.03625,177.7304866,48.3732334
GJ 1214 b,GJ 1214,Transit,2009.0,MEarth Project,1.580404531,2.733,8.41,567.0,3101.0,0.2162,0.182,14.6427,258.8313991,4.9606795
GJ 1252 b,GJ 1252,Transit,2020.0,Transiting Exoplanet Survey Satellite (TESS),0.5182331,1.193,1.32,1090.0,3458.0,0.391,0.381,20.373,306.9286462,-56.4622865
GJ 1265 b,GJ 1265,Radial Velocity,2018.0,Calar Alto Observatory,3.6511,2.63,7.4,,3236.0,0.192,0.178,10.2525,333.4324675,-17.6870623
GJ 1289 b,GJ 1289,Radial Velocity,2024.0,Multiple Observatories,111.74,2.38,6.27,150.0,3296.0,0.245012,0.21,8.35147,355.7813464,36.5363314
GJ 143 b,GJ 143,Transit,2019.0,Transiting Exoplanet Survey Satellite (TESS),35.61253,2.61,22.7,422.0,4640.0,0.695,0.73,16.32,51.7501882,-63.500166
GJ 15 A b,GJ 15 A,Radial Velocity,2014.0,W. M. Keck Observatory,11.4407,1.55,3.03,550.0,3607.0,0.38,0.38,3.56228,4.6126677,44.0247296
GJ 15 A c,GJ 15 A,Radial Velocity,2018.0,Roque de los Muchachos Observatory,7600.0,6.67,36.0,,3607.0,0.38,0.38,3.56228,4.6126677,44.0247296
GJ 160.2 b,GJ 160.2,Radial Velocity,2014.0,Multiple Observatories,5.2354,3.17,10.2,,4347.0,0.655173,0.69,25.8557,61.6454173,-20.8564724
GJ 163 b,GJ 163,Radial Velocity,2013.0,La Silla Observatory,8.63182,3.25,10.6,,3500.0,0.409738,0.4,15.1285,62.3228353,-53.3711768
GJ 163 c,GJ 163,Radial Velocity,2013.0,La Silla Observatory,25.63058,2.5,6.8,,3500.0,0.409738,0.4,15.1285,62.3228353,-53.3711768
GJ 163 d,GJ 163,Radial Velocity,2013.0,La Silla Observatory,603.95116,5.92,29.4,,3500.0,0.409738,0.4,15.1285,62.3228353,-53.3711768
GJ 179 b,GJ 179,Radial Velocity,2009.0,W. M. Keck Observatory,2288.0,13.8,301.93698665,,3370.0,0.38,0.357,12.356,73.0245495,6.4752347
GJ 180 b,GJ 180,Radial Velocity,2014.0,Multiple Observatories,17.133,2.43,6.49,,3371.0,0.413049,0.43,11.9407,73.460097,-17.776194
GJ 180 c,GJ 180,Radial Velocity,2014.0,Multiple Observatories,24.329,2.41,6.4,,3371.0,0.413049,0.43,11.9407,73.460097,-17.776194
GJ 180 d,GJ 180,Radial Velocity,2020.0,Multiple Facilities,106.3,2.66,7.56,,3371.0,0.413049,0.43,11.9407,73.460097,-17.776194
GJ 2030 b,GJ 2030,Radial Velocity,2022.0,Multiple Observatories,2.38129,2.03,4.76742611,,5485.0,2.24104,0.96,37.0788,50.8237604,-7.7950429
GJ 2030 c,GJ 2030,Radial Velocity,2022.0,Multiple Observatories,25533.11353,12.3,4069.15709482,,5485.0,2.24104,0.96,37.0788,50.8237604,-7.7950429
GJ 2056 b,GJ 2056,Radial Velocity,2020.0,Multiple Observatories,69.971,4.17,16.2,,4069.95,0.709495,0.62,28.4434,108.0194945,-24.8921008
GJ 2126 b,GJ 2126,Radial Velocity,2025.0,La Silla Observatory,272.7,13.6,413.1769291,,4159.0,0.728,0.65,38.129,257.3606793,-35.391719
GJ 229 A c,GJ 229,Radial Velocity,2020.0,Multiple Facilities,121.93268,2.87,8.58136699,,3564.0,0.46,0.509,5.75624,92.6435993,-21.8677233
GJ 229 b,GJ 229,Radial Velocity,2014.0,Multiple Observatories,579.47495,3.97,14.93793513,,3564.0,0.46,0.509,5.75624,92.6435993,-21.8677233
GJ 238 b,GJ 238,Transit,2024.0,Transiting Exoplanet Survey Satellite (TESS),1.7446999,0.566,0.126,758.0,3485.0,0.4314,0.4193,15.2142,98.454881,-58.5250316
GJ 251 b,GJ 251,Radial Velocity,2020.0,W. M. Keck Observatory,14.237,1.79,3.85,336.0,3342.0,0.36,0.35,5.58057,103.7002499,33.2664632
GJ 251 c,GJ 251,Radial Velocity,2025.0,Multiple Observatories,53.647,1.8,3.88,216.0,3342.0,0.36,0.35,5.58057,103.7002499,33.2664632
GJ 27.1 b,GJ 27.1,Radial Velocity,2014.0,Multiple Observatories,15.819,3.66,13.0,,3542.0,0.518887,0.53,23.6062,9.9980016,-44.2541679
GJ 273 b,GJ 273,Radial Velocity,2017.0,La Silla Observatory,18.6498,1.51,2.89,,3382.0,0.293,0.29,5.921535,111.852091,5.225807
GJ 273 c,GJ 273,Radial Velocity,2017.0,La Silla Observatory,4.7234,1.06,1.18,,3382.0,0.293,0.29,5.921535,111.852091,5.225807
GJ 3021 b,GJ 3021,Radial Velocity,2000.0,La Silla Observatory,133.71,13.1,1071.04,350.0,5540.0,0.9,0.9,17.5559,4.0634323,-79.8514218
GJ 3082 b,GJ 3082,Radial Velocity,2020.0,Multiple Facilities,11.949,2.79,8.2,,3910.0,0.465216,0.47,16.6186,18.6432425,-53.9407751
GJ 3090 b,GJ 3090,Transit,2022.0,Transiting Exoplanet Survey Satellite (TESS),2.85310198,2.18,4.52,723.0,3707.0,0.516,0.519,22.4751,20.4384281,-46.7147234
GJ 3090 c,GJ 3090,Radial Velocity,2026.0,Multiple Facilities,15.9407,3.14,10.0,407.2,3707.0,0.516,0.519,22.4751,20.4384281,-46.7147234
GJ 3138 b,GJ 3138,Radial Velocity,2017.0,La Silla Observatory,1.22003,1.18,1.78,,3717.0,0.5,0.681,28.4712,32.2977385,-16.3392495
GJ 3138 c,GJ 3138,Radial Velocity,2017.0,La Silla Observatory,5.974,1.88,4.18,,3717.0,0.5,0.681,28.4712,32.2977385,-16.3392495
GJ 3138 d,GJ 3138,Radial Velocity,2017.0,La Silla Observatory,257.8,3.23,10.5,,3717.0,0.5,0.681,28.4712,32.2977385,-16.3392495
GJ 317 b,GJ 317,Radial Velocity,2007.0,W. M. Keck Observatory,695.69,13.3,794.5,,3496.0,0.403,0.402,15.1968,130.2445254,-23.452809
GJ 317 c,GJ 317,Radial Velocity,2016.0,W. M. Keck Observatory,6500.0,13.6,454.49462201,,3496.0,0.403,0.402,15.1968,130.2445254,-23.452809
GJ 3222 b,GJ 3222,Radial Velocity,2022.0,Multiple Observatories,10.66669,3.4,11.44182265,,5257.46,0.931389,0.89,18.23817,50.8972464,-40.0762325
GJ 328 b,GJ 328,Radial Velocity,2013.0,McDonald Observatory,3771.0,13.3,797.74930157,,3897.0,0.63,0.65,20.5266,133.7819507,1.5420011
GJ 328 c,GJ 328,Radial Velocity,2023.0,Roque de los Muchachos Observatory,241.8,4.91,21.4,,3897.0,0.63,0.65,20.5266,133.7819507,1.5420011
GJ 3293 b,GJ 3293,Radial Velocity,2015.0,La Silla Observatory,30.5987,5.19,23.54,,3466.0,0.404,0.42,20.1903,67.1484425,-25.1713396
GJ 3293 c,GJ 3293,Radial Velocity,2015.0,La Silla Observatory,122.6196,4.87,21.09,,3466.0,0.404,0.42,20.1903,67.1484425,-25.1713396
GJ 3293 d,GJ 3293,Radial Velocity,2017.0,La Silla Observatory,48.1345,2.67,7.6,,3466.0,0.404,0.42,20.1903,67.1484425,-25.1713396
GJ 3293 e,GJ 3293,Radial Velocity,2017.0,La Silla Observatory,13.2543,1.63,3.28,,3466.0,0.404,0.42,20.1903,67.1484425,-25.1713396
GJ 3323 b,GJ 3323,Radial Velocity,2017.0,La Silla Observatory,5.3636,1.23,2.02,,3159.0,0.119,0.164,5.37484,75.4868824,-6.9485133
GJ 3323 c,GJ 3323,Radial Velocity,2017.0,La Silla Observatory,40.54,1.32,2.31,,3159.0,0.119,0.164,5.37484,75.4868824,-6.9485133
GJ 3341 b,GJ 3341,Radial Velocity,2015.0,La Silla Observatory,14.207,2.46,6.6,,3526.0,0.439,0.47,23.619,78.9471415,-31.2948458
GJ 338 B b,GJ 338 B,Radial Velocity,2020.0,Calar Alto Observatory,24.422,3.25,10.6,391.0,4014.0,0.58,0.64,6.33256,138.5916722,52.6835211
GJ 341 b,GJ 341,Transit,2025.0,Transiting Exoplanet Survey Satellite (TESS),7.57686,0.88,4.0,629.0,3770.0,0.5066,0.48,10.454,140.3993759,-60.2811692
GJ 3470 b,GJ 3470,Radial Velocity,2012.0,La Silla Observatory,3.3366496,4.57,13.9,593.5,3600.0,0.547,0.539,29.4214,119.7735021,15.391209
GJ 3473 b,GJ 3473,Transit,2020.0,Transiting Exoplanet Survey Satellite (TESS),1.1980035,1.264,1.86,773.0,3347.0,0.364,0.36,27.3644,120.5936065,3.3371629
GJ 3473 c,GJ 3473,Radial Velocity,2020.0,Multiple Observatories,15.509,2.63,7.41,329.1,3347.0,0.364,0.36,27.3644,120.5936065,3.3371629
GJ 3512 b,GJ 3512,Radial Velocity,2019.0,Calar Alto Observatory,203.109,14.3,146.51889563,,3141.0,0.139,0.123,9.48637,130.3316616,59.4918364
GJ 3512 c,GJ 3512,Radial Velocity,2020.0,Multiple Observatories,2354.0,14.3,143.97626837,,3141.0,0.139,0.123,9.48637,130.3316616,59.4918364
GJ 357 b,GJ 357,Transit,2019.0,Transiting Exoplanet Survey Satellite (TESS),3.9306,1.2,1.83,518.0,3505.0,0.337,0.342,9.44181,144.0074644,-21.6650634
GJ 357 c,GJ 357,Radial Velocity,2019.0,Multiple Observatories,9.1247,1.66,3.4,401.2,3505.0,0.337,0.342,9.44181,144.0074644,-21.6650634
GJ 357 d,GJ 357,Radial Velocity,2019.0,Multiple Observatories,55.661,2.34,6.1,219.6,3505.0,0.337,0.342,9.44181,144.0074644,-21.6650634
GJ 3634 b,GJ 3634,Radial Velocity,2010.0,La Silla Observatory,2.64561,2.83,8.4,,3517.0,0.43,0.45,20.3779,164.6433493,-31.1443383
GJ 367 b,GJ 367,Transit,2021.0,Transiting Exoplanet Survey Satellite (TESS),0.3219225,0.699,0.633,1365.0,3522.0,0.458,0.455,9.41263,146.121464,-45.7790165
GJ 367 c,GJ 367,Radial Velocity,2023.0,La Silla Observatory,11.5301,1.86,4.13,,3522.0,0.458,0.455,9.41263,146.121464,-45.7790165
GJ 367 d,GJ 367,Radial Velocity,2023.0,La Silla Observatory,34.369,2.33,6.03,,3522.0,0.458,0.455,9.41263,146.121464,-45.7790165
GJ 3779 b,GJ 3779,Radial Velocity,2018.0,Calar Alto Observatory,3.0232,2.75,8.0,,3324.0,0.281,0.27,13.743,200.7335358,24.4639425
GJ 3929 b,GJ 3929,Transit,2022.0,Transiting Exoplanet Survey Satellite (TESS),2.616235,1.09,1.75,568.0,3384.0,0.32,0.313,15.8095,239.5775678,35.4081141
GJ 3929 c,GJ 3929,Radial Velocity,2022.0,Multiple Observatories,15.04,2.26,5.71,317.0,3384.0,0.32,0.313,15.8095,239.5775678,35.4081141
GJ 393 b,GJ 393,Radial Velocity,2021.0,Multiple Observatories,7.02679,1.17,1.71,485.0,3579.0,0.426,0.426,7.03149,157.2288672,0.8378485
GJ 3942 b,GJ 3942,Radial Velocity,2017.0,Roque de los Muchachos Observatory,6.905,2.57,7.14,590.0,3867.0,0.61,0.63,16.9287,242.2645452,52.9441443
GJ 3988 b,GJ 3988,Radial Velocity,2023.0,Calar Alto Observatory,6.9442,1.74,3.69,348.0,3273.0,0.19734,0.1842,9.9105,255.8503747,51.4089795
GJ 3998 b,GJ 3998,Radial Velocity,2016.0,Roque de los Muchachos Observatory,2.65033,1.39,2.5,,3726.0,0.5,0.52,18.1459,259.0020507,11.0561751
GJ 3998 c,GJ 3998,Radial Velocity,2016.0,Roque de los Muchachos Observatory,13.727,2.5,6.82,,3726.0,0.5,0.52,18.1459,259.0020507,11.0561751
GJ 3998 d,GJ 3998,Radial Velocity,2025.0,Multiple Observatories,41.78,2.34,6.07,,3726.0,0.5,0.52,18.1459,259.0020507,11.0561751
GJ 411 b,GJ 411,Radial Velocity,2019.0,Haute-Provence Observatory,12.9394,1.45,2.69,349.83,3719.0,0.3685,0.3899,5.675773,165.834471,35.972317
GJ 414 A b,GJ 414 A,Radial Velocity,2021.0,W. M. Keck Observatory,50.8,2.63,7.6,308.6,4120.0,0.68,0.65,11.8893,167.7745044,30.4451688
GJ 414 A c,GJ 414 A,Radial Velocity,2021.0,W. M. Keck Observatory,749.83,8.4,53.83,124.7,4120.0,0.68,0.65,11.8893,167.7745044,30.4451688
GJ 422 b,GJ 422,Radial Velocity,2014.0,Multiple Observatories,20.129,3.33,11.07,,3323.0,0.370328,0.35,12.6631,168.9810458,-57.5425629
GJ 4274 b,GJ 4274,Radial Velocity,2026.0,Mauna Kea Observatory,1.6339,1.53,2.97,,3228.0,0.19,0.18,7.23556,335.7805478,-17.6104078
GJ 4274 c,GJ 4274,Radial Velocity,2026.0,Mauna Kea Observatory,69.57,2.83,8.39,,3228.0,0.19,0.18,7.23556,335.7805478,-17.6104078
GJ 4276 b,GJ 4276,Radial Velocity,2019.0,Calar Alto Observatory,13.352,4.22,16.57,,3387.0,0.407,0.406,21.3362,336.3221454,59.412503
GJ 433 b,GJ 433,Radial Velocity,2013.0,La Silla Observatory,7.3705,2.33,6.043,,3461.0,0.5,0.48,9.06456,173.8619194,-32.5436302
GJ 433 c,GJ 433,Radial Velocity,2014.0,Multiple Observatories,5094.105,6.27,32.422,,3461.0,0.5,0.48,9.06456,173.8619194,-32.5436302
GJ 433 d,GJ 433,Radial Velocity,2020.0,Multiple Facilities,36.059,2.14,5.223,,3461.0,0.5,0.48,9.06456,173.8619194,-32.5436302
GJ 436 b,GJ 436,Radial Velocity,2004.0,W. M. Keck Observatory,2.64388312,4.17,22.1,686.0,3586.11,0.455,0.47,9.75321,175.5505363,26.7030669
GJ 463 b,GJ 463,Radial Velocity,2022.0,Multiple Observatories,3459.0,13.1,1080.6165838,,3563.0,0.483,0.486,18.3554,185.7440496,64.0324311
GJ 480 b,GJ 480,Radial Velocity,2020.0,Multiple Observatories,9.5536,2.91,8.8,406.0,3509.0,0.449,0.45,14.2358,189.7134226,11.6950708
GJ 486 b,GJ 486,Radial Velocity,2021.0,Calar Alto Observatory,1.46712127,1.289,2.77,696.3,3317.0,0.3243,0.312,8.07426,191.981531,9.7494181
GJ 504 b,GJ 504,Imaging,2013.0,Subaru Telescope,,12.10569916,1271.3,510.0,6234.0,1.26,1.22,17.5299,199.192348,9.4249781
GJ 508.2 b,GJ 508.2,Radial Velocity,2025.0,Calar Alto Observatory,5300.0,,587.98255295,,3720.0,0.53,0.54,16.6374,200.2443854,34.2776644
GJ 514 b,GJ 514,Radial Velocity,2022.0,Multiple Observatories,140.43,2.13,5.2,202.0,3728.0,0.5,0.51,7.61778,202.5040424,10.3725387
GJ 536 b,GJ 536,Radial Velocity,2016.0,La Silla Observatory,8.70874,2.41,6.37,451.0,3641.0,0.529,0.528,10.4092,210.2597264,-2.6522901
GJ 536 c,GJ 536,Radial Velocity,2025.0,Multiple Facilities,32.761,2.3,5.89,290.5,3641.0,0.529,0.528,10.4092,210.2597264,-2.6522901
GJ 581 b,GJ 581,Radial Velocity,2005.0,La Silla Observatory,5.3686,4.79,20.5,,3500.0,0.302,0.295,6.2981,229.8564725,-7.7226935
GJ 581 c,GJ 581,Radial Velocity,2007.0,La Silla Observatory,12.9211,2.5,6.81,,3500.0,0.302,0.295,6.2981,229.8564725,-7.7226935
GJ 581 e,GJ 581,Radial Velocity,2009.0,La Silla Observatory,3.1481,1.38,2.48,,3500.0,0.302,0.295,6.2981,229.8564725,-7.7226935
GJ 625 b,GJ 625,Radial Velocity,2017.0,Multiple Observatories,14.628,1.49,2.82,,3499.0,0.31,0.3,6.47249,246.3557854,54.3033625
GJ 649 b,GJ 649,Radial Velocity,2009.0,W. M. Keck Observatory,600.1,10.8,81.99972901,,3734.0,0.5,0.51,10.3796,254.5363221,25.7419719
GJ 667 C b,GJ 667 C,Radial Velocity,2012.0,La Silla Observatory,7.203,2.25,5.68,,3350.0,,0.33,7.24396,259.7510609,-34.9977651
GJ 667 C c,GJ 667 C,Radial Velocity,2013.0,La Silla Observatory,28.14,1.77,3.8,,3350.0,,0.33,7.24396,259.7510609,-34.9977651
GJ 667 C e,GJ 667 C,Radial Velocity,2013.0,La Silla Observatory,62.24,1.45,2.7,,3350.0,,0.33,7.24396,259.7510609,-34.9977651
GJ 667 C f,GJ 667 C,Radial Velocity,2013.0,La Silla Observatory,39.026,1.45,2.7,,3350.0,,0.33,7.24396,259.7510609,-34.9977651
GJ 667 C g,GJ 667 C,Radial Velocity,2013.0,La Silla Observatory,256.2,1.99,4.6,,3350.0,,0.33,7.24396,259.7510609,-34.9977651
GJ 674 b,GJ 674,Radial Velocity,2007.0,La Silla Observatory,4.6938,3.33,11.09,,3600.0,0.36463,0.35,4.54896,262.1700476,-46.8989826
GJ 676 A b,GJ 676 A,Radial Velocity,2010.0,La Silla Observatory,1051.44521,12.8,1840.86213334,,3734.0,0.69,0.626,16.0272,262.5448903,-51.6377777
GJ 676 A c,GJ 676 A,Radial Velocity,2016.0,Paranal Observatory,13921.42302,12.3,4288.14086724,,3734.0,0.69,0.626,16.0272,262.5448903,-51.6377777
GJ 676 A d,GJ 676 A,Radial Velocity,2012.0,La Silla Observatory,3.60076,1.78,3.81394088,,3734.0,0.69,0.626,16.0272,262.5448903,-51.6377777
GJ 676 A e,GJ 676 A,Radial Velocity,2012.0,La Silla Observatory,35.47358,2.47,6.67439655,,3734.0,0.69,0.626,16.0272,262.5448903,-51.6377777
GJ 680 b,GJ 680,Radial Velocity,2022.0,Multiple Observatories,17281.66514,12.0,7977.4930157,,3563.0,0.45933,0.456,9.67315,263.8072214,-48.6788427
GJ 682 b,GJ 682,Radial Velocity,2014.0,Multiple Observatories,17.478,1.93,4.4,,3028.0,0.298255,0.27,5.00671,264.2610245,-44.3232519
GJ 682 c,GJ 682,Radial Velocity,2014.0,Multiple Observatories,57.32,2.89,8.7,,3028.0,0.298255,0.27,5.00671,264.2610245,-44.3232519
GJ 685 b,GJ 685,Radial Velocity,2019.0,Roque de los Muchachos Observatory,24.16,2.95,9.0,,3816.0,0.54,0.55,14.3155,263.8960378,61.6793482
GJ 687 b,GJ 687,Radial Velocity,2014.0,Lick Observatory,38.142,4.32,17.2,,3413.0,0.4183,0.4,4.54939,264.1041731,68.3336741
GJ 687 c,GJ 687,Radial Velocity,2020.0,Multiple Observatories,727.562,4.14,16.0,,3413.0,0.4183,0.4,4.54939,264.1041731,68.3336741
GJ 720 A b,GJ 720 A,Radial Velocity,2021.0,Roque de los Muchachos Observatory,19.466,3.77,13.64,401.0,3837.0,0.56,0.57,15.5575,278.8294172,45.7456038
GJ 724 b,GJ 724,Radial Velocity,2023.0,Calar Alto Observatory,5.101284,3.27,10.75,611.0,3799.0,0.52226,0.5271,16.9658,280.238365,-13.3824997
GJ 740 b,GJ 740,Radial Velocity,2021.0,Multiple Observatories,2.37756,1.53,2.96,829.0,3913.0,0.56,0.58,11.1017,284.4997178,5.902867
GJ 806 b,GJ 806,Transit,2023.0,Transiting Exoplanet Survey Satellite (TESS),0.9263237,1.331,1.9,940.0,3600.0,0.4144,0.413,12.0445,311.2697002,44.5002351
GJ 806 c,GJ 806,Radial Velocity,2023.0,Multiple Observatories,6.64064,2.28,5.8,490.0,3600.0,0.4144,0.413,12.0445,311.2697002,44.5002351
GJ 832 b,GJ 832,Radial Velocity,2008.0,Anglo-Australian Telescope,3853.0,13.8,314.65012293,,3472.0,0.441557,0.45,4.96435,323.3912616,-49.0125169
GJ 849 b,GJ 849,Radial Velocity,2006.0,W. M. Keck Observatory,1925.31,13.9,283.82076745,,3467.0,0.45,0.45,8.80058,332.4229938,-4.6408317
GJ 849 c,GJ 849,Radial Velocity,2014.0,W. M. Keck Observatory,5990.0,13.8,314.65012293,,3467.0,0.45,0.45,8.80058,332.4229938,-4.6408317
GJ 86 b,GJ 86,Radial Velocity,1999.0,La Silla Observatory,15.76491,12.9,1404.8086,,5182.0,0.77,0.93,10.7836,32.6224785,-50.8209945
GJ 876 b,GJ 876,Radial Velocity,1998.0,Multiple Observatories,61.1166,13.3,723.2235,,3293.74,0.3,0.32,4.67517,343.3239737,-14.2665958
GJ 876 c,GJ 876,Radial Velocity,2000.0,Multiple Observatories,30.0881,14.0,226.9846,,3293.74,0.3,0.32,4.67517,343.3239737,-14.2665958
GJ 876 d,GJ 876,Radial Velocity,2005.0,W. M. Keck Observatory,1.93778,2.51,6.83,,3293.74,0.3,0.32,4.67517,343.3239737,-14.2665958
GJ 876 e,GJ 876,Radial Velocity,2010.0,W. M. Keck Observatory,124.26,3.92,14.6,,3293.74,0.3,0.32,4.67517,343.3239737,-14.2665958
GJ 887 b,GJ 887,Radial Velocity,2020.0,La Silla Observatory,9.2619,1.8,3.9,426.0,3688.0,0.468,0.495,3.28679,346.5027573,-35.8473489
GJ 887 c,GJ 887,Radial Velocity,2020.0,La Silla Observatory,21.784,2.43,6.5,320.0,3688.0,0.468,0.495,3.28679,346.5027573,-35.8473489
GJ 887 d,GJ 887,Radial Velocity,2026.0,Multiple Observatories,50.77,2.34,6.1,241.0,3688.0,0.468,0.495,3.28679,346.5027573,-35.8473489
GJ 887 e,GJ 887,Radial Velocity,2026.0,Multiple Observatories,4.4249,1.12,1.46,544.0,3688.0,0.468,0.495,3.28679,346.5027573,-35.8473489
GJ 896 A b,GJ 896 A,Astrometry,2022.0,Very Long Baseline Array,284.39,13.3,718.29219982,,3345.0,0.394682,0.43599,6.26022,352.9700384,19.9370011
GJ 900 b,GJ 900 A,Imaging,2024.0,Multiple Observatories,,12.4,3496.112477,,3976.0,0.716187,1.08,20.8065,353.7526177,1.6055211
GJ 9066 c,GJ 9066,Radial Velocity,2020.0,Multiple Observatories,771.36,9.6,66.74396547,,3154.0,0.164,0.15,4.471,30.0588307,13.0443172
GJ 9404 b,GJ 9404,Radial Velocity,2023.0,Roque de los Muchachos Observatory,13.4586,3.48,11.9,,3811.0,0.626041,0.62,23.8839,184.8472095,28.3827126
GJ 96 b,GJ 96,Radial Velocity,2018.0,Haute-Provence Observatory,73.94,4.67,19.66,,3785.0,0.580612,0.6,11.9315,35.5624031,47.8802075
GJ 9689 b,GJ 9689,Radial Velocity,2020.0,Roque de los Muchachos Observatory,18.27,3.07,9.65,453.04,3836.0,0.57,0.59,30.6203,303.467731,13.3888921
GJ 9714 b,GJ 9714,Radial Velocity,2022.0,Multiple Observatories,19240.75467,12.5,2988.54051102,,4263.0,0.662662,0.67,20.5121,315.4141767,-32.5250028
GJ 9773 b,GJ 9773,Radial Velocity,2025.0,Calar Alto Observatory,2965.0,14.2,172.580825,,3528.0,0.362,0.358,15.9211,333.1502333,8.5503355
GJ 9827 b,GJ 9827,Transit,2017.0,K2,1.208974,1.44,4.28,1035.01,4236.0,0.58,0.62,29.661,351.7717763,-1.2853435
GJ 9827 c,GJ 9827,Transit,2017.0,K2,3.648103,1.13,1.86,715.94,4236.0,0.58,0.62,29.661,351.7717763,-1.2853435
GJ 9827 d,GJ 9827,Transit,2017.0,K2,6.20183,1.98,3.02,675.0,4236.0,0.58,0.62,29.661,351.7717763,-1.2853435
GPX-1 b,GPX-1,Transit,2021.0,Acton Sky Portal Observatory,1.744579,16.47720163,6261.2196179,2300.0,7000.0,1.56,1.68,655.013,38.3691648,56.025708
GQ Lup b,GQ Lup,Imaging,2004.0,Paranal Observatory,,33.6,6356.0,2650.0,4360.0,1.94153,0.7,151.169,237.3003643,-35.6515055
GSC 06214-00210 b,GSC 06214-00210,Imaging,2010.0,Palomar Observatory,,20.1762,5000.0,2300.0,4200.0,0.90484,0.9,108.5,245.4776921,-20.7193398
GU Psc b,GU Psc,Imaging,2014.0,Gemini Observatory,,14.179,3591.3,1050.0,4031.81,0.450458,0.325,47.5501,18.146485,17.0650029
Gaia-1 b,Gaia-1,Transit,2022.0,European Space Agency (ESA) Gaia Satellite,3.052524,13.77583728,533.95172376,1159.07,5470.0,0.952,0.949,363.66,90.6436658,-0.5771099
Gaia-2 b,Gaia-2,Transit,2022.0,European Space Agency (ESA) Gaia Satellite,3.6915224,14.81827249,259.66580852,1213.23,5720.0,1.064,1.0,209.229,110.7353308,67.2526565
Gaia-4 b,Gaia-4,Astrometry,2025.0,European Space Agency (ESA) Gaia Satellite,571.3,12.4,3750.3752026,,4034.0,0.624,0.644,73.4829,209.5063762,31.6954898
Gaia-5 b,Gaia-5,Astrometry,2025.0,European Space Agency (ESA) Gaia Satellite,358.62,12.1,6633.07885409,,3447.0,0.345,0.339,41.1813,302.0408173,41.9415455
Gaia22dkvL b,Gaia22dkvL,Microlensing,2024.0,European Space Agency (ESA) Gaia Satellite,,14.1,187.83658854,,,,1.145,1270.0,151.769,-66.1808889
Gl 378 b,Gl 378,Radial Velocity,2019.0,Haute-Provence Observatory,3.822,3.66,13.02,830.0,3879.0,0.56,0.56,14.9545,150.5865513,48.0824515
Gl 410 b,Gl 410,Radial Velocity,2025.0,Mauna Kea Observatory,6.02,2.83,8.4,,3842.0,0.543,0.55,11.9324,165.6604212,21.9669164
Gl 49 b,Gl 49,Radial Velocity,2019.0,Multiple Observatories,13.8508,2.24,5.63,,3805.0,0.511,0.515,9.8528,15.6687321,62.3454386
Gl 686 b,Gl 686,Radial Velocity,2018.0,Roque de los Muchachos Observatory,15.53,2.46,6.624,379.0,3656.0,0.427,0.426,8.15728,264.4764878,18.5959509
Gl 725 A b,Gl 725 A,Radial Velocity,2025.0,Multiple Observatories,11.2201,1.48,2.78,,3433.0,0.351,0.33,3.5214,280.6834312,59.638109
Gliese 12 b,Gliese 12,Transit,2024.0,Transiting Exoplanet Survey Satellite (TESS),12.761418,0.93,0.95,314.6,3328.0,0.265,0.255,12.21,3.9579137,13.5576175
HAT-P-1 b,HAT-P-1,Transit,2006.0,HATNet,4.46529976,14.784671,166.86075,1322.0,5980.0,1.174,1.151,158.979,344.4453632,38.674919
HAT-P-11 b,HAT-P-11,Transit,2008.0,HATNet,4.888,4.36,25.0,838.0,4653.0,0.683,0.811,37.7647,297.7101763,48.0818635
HAT-P-11 c,HAT-P-11,Radial Velocity,2018.0,W. M. Keck Observatory,3361.0,13.2,851.78013076,,4653.0,0.683,0.811,37.7647,297.7101763,48.0818635
HAT-P-12 b,HAT-P-12,Transit,2009.0,HATNet,3.2130598,10.749,67.059,963.0,4650.0,0.701,0.733,142.751,209.3886452,43.49331
HAT-P-13 b,HAT-P-13,Transit,2009.0,HATNet,2.91625,14.258,270.462,1740.0,5653.0,1.756,1.32,246.81,129.8823772,47.3519076
HAT-P-13 c,HAT-P-13,Radial Velocity,2009.0,W. M. Keck Observatory,446.27,12.3,4538.421,340.0,5653.0,1.756,1.32,246.81,129.8823772,47.3519076
HAT-P-14 b,HAT-P-14,Transit,2010.0,HATNet,4.62767,15.91678,1093.3352,1624.0,6600.0,1.82,2.65,222.663,260.1161719,38.2421682
HAT-P-15 b,HAT-P-15,Transit,2010.0,HATNet,10.8635,11.88154,616.5902,904.0,5568.0,1.07,1.0,192.516,66.248142,39.460602
HAT-P-16 b,HAT-P-16,Transit,2010.0,HATNet,2.77596727,14.68376472,1341.56043,1566.0,6140.0,1.158,1.218,226.637,9.5730343,42.4630961
HAT-P-17 b,HAT-P-17,Transit,2010.0,HATNet,10.33852,11.76945,184.3414,800.0,5246.0,0.87,0.99,92.3831,324.5359781,30.4881882
HAT-P-17 c,HAT-P-17,Radial Velocity,2010.0,W. M. Keck Observatory,5584.0,13.1,1080.6,,5336.96,0.838682,0.92,92.3831,324.5359781,30.4881882
HAT-P-18 b,HAT-P-18,Transit,2010.0,HATNet,5.508023,11.153,62.61,852.0,4803.0,0.749,0.77,161.4,256.346376,33.0123251
HAT-P-19 b,HAT-P-19,Transit,2010.0,HATNet,4.00878322,11.29865255,88.03846874,981.2,4962.0,0.773,0.807,202.078,9.5165832,34.7114025
HAT-P-2 b,HAT-P-2,Transit,2007.0,HATNet,5.6335158,10.659759,2866.81223114,1540.0,6380.0,1.39,1.33,127.774,245.1514324,41.0479601
HAT-P-2 c,HAT-P-2,Radial Velocity,2023.0,Multiple Observatories,8500.0,12.4,3400.7639549,,6412.0,1.416,1.33,127.774,245.1514324,41.0479601
HAT-P-20 b,HAT-P-20,Transit,2010.0,HATNet,2.875317,9.718,2302.899,970.0,4595.0,0.694,0.756,71.0374,111.9164295,24.3361185
HAT-P-21 b,HAT-P-21,Transit,2010.0,HATNet,4.12448,12.44199,1547.8321,1367.0,5588.0,1.21,1.24,277.278,171.2749348,41.0280207
HAT-P-22 b,HAT-P-22,Transit,2010.0,HATNet,3.21222,12.89035,785.0401,1463.0,5302.0,1.11,1.13,81.7647,155.6814593,50.1287115
HAT-P-23 b,HAT-P-23,Transit,2010.0,HATNet,1.212884,15.334,664.237,2056.0,5905.0,1.203,1.13,364.813,306.1239076,16.7621462
HAT-P-24 b,HAT-P-24,Transit,2010.0,HATNet,3.35524,14.5717,238.3725,1637.0,6373.0,1.38,1.37,415.344,108.8251171,14.2626064
HAT-P-25 b,HAT-P-25,Transit,2010.0,HATNet,3.65281514,12.722215,180.84527,1182.0,5519.0,0.919,1.012,300.384,48.4354731,25.1973548
HAT-P-26 b,HAT-P-26,Transit,2010.0,HATNet,4.23452,7.06167,22.2481,1080.0,5079.0,0.87,1.12,141.837,213.1565508,4.0594175
HAT-P-27 b,HAT-P-27,Transit,2011.0,HATNet,3.039577,11.43,197.05,1091.99,5316.0,0.864673,0.916,199.173,222.7673221,5.9473626
HAT-P-28 b,HAT-P-28,Transit,2011.0,HATNet,3.257215,13.585,198.953,1384.0,5680.0,1.103,1.025,401.319,13.0009159,34.728402
HAT-P-29 b,HAT-P-29,Transit,2011.0,HATNet,5.72319,13.11453,279.6904,1281.0,6087.0,1.3,1.45,313.576,33.1310921,51.7787754
HAT-P-3 b,HAT-P-3,Transit,2007.0,HATNet,2.8997,10.53646,206.5895,1189.0,5185.0,0.87,1.06,134.554,206.0940142,48.028565
HAT-P-30 b,HAT-P-30,Transit,2011.0,HATNet,2.8106,16.14096,263.7989,1630.0,6304.0,1.31,1.55,213.985,123.9498431,5.8368669
HAT-P-31 b,HAT-P-31,Transit,2011.0,HATNet,5.00542,12.21781,721.4741,1450.0,6065.0,1.39,1.31,344.05,271.5376722,26.4266061
HAT-P-32 b,HAT-P-32,Transit,2011.0,HATNet,2.1500082,22.19382,216.1244,1835.7,6001.0,1.367,1.132,289.205,31.0427614,46.6878512
HAT-P-33 b,HAT-P-33,Transit,2011.0,HATNet,3.47447,20.73665,292.4036,1782.0,6446.0,1.79,1.82,396.11,113.1842383,33.8350214
HAT-P-34 b,HAT-P-34,Transit,2011.0,HATNet,5.452654,13.417173,1058.3739,1520.0,6442.0,1.53,1.392,249.325,303.1954355,18.1047776
HAT-P-35 b,HAT-P-35,Transit,2011.0,HATNet,3.646706,14.930388,335.62848,1581.0,6096.0,1.435,1.236,506.965,123.250703,4.7870288
HAT-P-36 b,HAT-P-36,Transit,2011.0,HATNet,1.32734683,14.313893,587.413406,1780.97,5620.0,1.041,1.03,294.419,188.2662048,44.9153672
HAT-P-37 b,HAT-P-37,Transit,2011.0,HATNet,2.797436,13.204,371.528,1271.0,5500.0,0.877,0.929,390.594,284.2960393,51.2691212
HAT-P-38 b,HAT-P-38,Transit,2012.0,HATNet,4.640382,9.247,84.857,1082.0,5330.0,0.923,0.886,255.206,35.3834942,32.2460441
HAT-P-39 b,HAT-P-39,Transit,2012.0,HATNet,3.54387,17.609,190.372,1752.0,6430.0,1.625,1.404,697.004,113.7582526,17.8300283
HAT-P-4 b,HAT-P-4,Transit,2007.0,HATNet,3.056536,14.28,213.255,1686.0,5860.0,1.596,1.248,320.451,229.99122,36.229545
HAT-P-40 b,HAT-P-40,Transit,2012.0,HATNet,4.45724,17.03768,152.5584,1770.0,6080.0,1.94,1.03,464.469,335.5129199,45.4573423
HAT-P-41 b,HAT-P-41,Transit,2012.0,HATNet,2.69405,22.97845,378.2177,1941.0,6390.0,2.05,2.56,348.185,297.3226523,4.6724124
HAT-P-42 b,HAT-P-42,Transit,2012.0,HATNet,4.641878,14.348,331.801,1428.0,5743.0,1.53,1.178,405.238,135.3443583,6.0970828
HAT-P-43 b,HAT-P-43,Transit,2012.0,HATNet,3.3326414,13.63,210.395,1353.0,5693.0,1.08,1.03,528.825,128.9256885,10.2065866
HAT-P-44 b,HAT-P-44,Transit,2014.0,HATNet,4.301219,13.922,111.871,1108.0,5295.0,0.949,0.942,347.85,213.1438604,47.0147826
HAT-P-44 c,HAT-P-44,Radial Velocity,2014.0,W. M. Keck Observatory,872.2,13.0,1271.3,,5295.0,0.949,0.942,347.85,213.1438604,47.0147826
HAT-P-45 b,HAT-P-45,Transit,2014.0,HATNet,3.128992,15.984,283.492,1652.0,6330.0,1.319,1.259,298.64,274.3732697,-3.3810594
HAT-P-46 b,HAT-P-46,Transit,2014.0,HATNet,4.463129,14.392,156.684,1458.0,6120.0,1.396,1.284,290.736,270.4441831,-2.97098
HAT-P-49 b,HAT-P-49,Transit,2014.0,HATNet,2.69155,17.82231,699.226,2131.0,6820.0,2.06,2.22,350.351,305.4413294,26.6926759
HAT-P-5 b,HAT-P-5,Transit,2007.0,HATNet,2.78849,13.56289,311.4734,1517.0,5960.0,1.12,1.04,303.336,274.4055335,36.6214617
HAT-P-50 b,HAT-P-50,Transit,2015.0,HATNet,3.1220109,14.437192,429.0705,1862.0,6280.0,1.698,1.273,515.458,118.0634379,12.1393474
HAT-P-51 b,HAT-P-51,Transit,2015.0,HATNet,4.21802091,13.50682174,97.57332095,1168.2,5453.0,0.995,0.961,440.089,21.0651251,32.8107
HAT-P-52 b,HAT-P-52,Transit,2015.0,HATNet,2.7535953,11.309881,259.98494,1218.0,5131.0,0.893,0.887,361.155,42.7217412,29.0222492
HAT-P-53 b,HAT-P-53,Transit,2015.0,HATNet,1.9616241,14.773462,471.65972,1778.0,5956.0,1.209,1.093,666.802,21.8711012,38.9681137
HAT-P-54 b,HAT-P-54,Transit,2015.0,HATNet,3.799847,10.581296,241.5508,818.0,4390.0,0.617,0.645,143.651,99.8979924,25.4824005
HAT-P-55 b,HAT-P-55,Transit,2015.0,HATNet,3.5852313,14.84069045,189.42573057,1367.0,5804.0,1.105,1.028,511.388,264.2735096,25.7311468
HAT-P-56 b,HAT-P-56,Transit,2015.0,HATNet,2.79083,16.92559,734.1873,1840.0,6566.0,1.47,1.42,320.639,100.8480137,27.2521823
HAT-P-57 b,HAT-P-57,Transit,2015.0,HATNet,2.4653,19.50366,448.1403,2200.0,6330.0,1.85,2.77,279.86,274.743418,10.5971968
HAT-P-58 b,HAT-P-58,Transit,2021.0,HATNet,4.0138379,14.93036229,118.2321674,1622.0,6078.0,1.53,1.031,515.59,68.8465093,56.8682691
HAT-P-59 b,HAT-P-59,Transit,2021.0,HATNet,4.1419771,12.58768533,489.45574678,1277.8,5678.0,1.1038,1.008,265.471,292.4588212,62.5291892
HAT-P-6 b,HAT-P-6,Transit,2007.0,HATNet,3.85298,16.58932,419.5356,1675.0,6570.0,1.62,1.79,275.358,354.7740917,42.4659866
HAT-P-60 b,HAT-P-60,Transit,2021.0,HATNet,4.7947813,18.28184752,182.43350562,1772.0,6212.0,2.197,1.435,233.22,28.2825719,52.0539209
HAT-P-61 b,HAT-P-61,Transit,2021.0,HATNet,1.90231289,10.07687365,335.9446262,1505.0,5587.0,0.938,1.004,338.84,75.4801665,50.1311784
HAT-P-62 b,HAT-P-62,Transit,2021.0,HATNet,2.6453235,12.02723629,241.86741773,1512.0,5629.0,1.17,1.023,348.815,74.5043816,48.3008551
HAT-P-63 b,HAT-P-63,Transit,2021.0,HATNet,3.377728,12.5428494,195.1466419,1237.0,5400.0,0.9661,0.925,403.458,269.5720695,5.7613709
HAT-P-64 b,HAT-P-64,Transit,2021.0,HATNet,4.007232,19.08889413,184.34047606,1766.0,6457.0,1.735,1.298,651.897,68.9743955,2.4312732
HAT-P-65 b,HAT-P-65,Transit,2016.0,HATNet,2.60544751,18.05766791,176.07693748,1818.0,5872.0,1.666,1.297,738.519,315.9054895,11.9893675
HAT-P-66 b,HAT-P-66,Transit,2016.0,HATNet,2.972086,17.82231,248.86089,1896.0,6002.0,1.881,1.255,935.456,150.5726262,53.9508237
HAT-P-67 b,HAT-P-67,Transit,2017.0,HATNet,4.8101069,23.9872187,143.02278315,1903.0,6640.0,2.62,1.73,371.686,256.6107279,44.7768849
HAT-P-68 b,HAT-P-68,Transit,2020.0,HATNet,2.29840551,12.016048,230.10892,1027.8,4508.0,0.6701,0.6785,202.152,118.4831501,23.9382192
HAT-P-69 b,HAT-P-69,Transit,2019.0,HATNet,4.7869491,18.786284,1137.8314,1930.0,7394.0,1.926,1.648,341.263,130.5056385,3.7105662
HAT-P-7 b,HAT-P-7,Transit,2008.0,HATNet,2.20474,16.92559,584.8072,2733.0,6389.0,2.0,1.56,341.079,292.24719,47.9695429
HAT-P-70 b,HAT-P-70,Transit,2019.0,HATNet,2.74432452,20.96083,2154.8874,2562.0,8450.0,1.858,1.89,330.739,74.5523332,9.9979794
HAT-P-8 b,HAT-P-8,Transit,2008.0,HATNet,3.07634,15.6926,406.8224,1713.0,6200.0,1.57,1.27,211.553,343.0414932,35.4471778
HAT-P-9 b,HAT-P-9,Transit,2008.0,HATNet,3.92281072,15.614137,238.05467,1540.0,6350.0,1.338,1.281,455.203,110.1685157,37.1405946
HATS-1 b,HATS-1,Transit,2012.0,HATSouth,3.446459,14.594,589.55,1359.0,5870.0,1.038,0.986,283.971,175.5252399,-23.3548451
HATS-10 b,HATS-10,Transit,2015.0,HATSouth,3.312846,10.861521,167.17858,1407.0,5880.0,1.105,1.101,534.889,294.3068385,-22.2044872
HATS-11 b,HATS-11,Transit,2016.0,HATSouth,3.619188,18.03,263.7989,1596.0,6563.0,1.54,1.33,944.603,289.4007603,-22.3900092
HATS-12 b,HATS-12,Transit,2016.0,HATSouth,3.142702,7.76,759.6137,1446.0,6357.0,1.17,1.16,746.138,289.202402,-19.3559227
HATS-13 b,HATS-13,Transit,2015.0,HATSouth,3.0440499,13.585308,172.58169,1244.0,5523.0,0.887,0.962,421.855,316.9614798,-26.0967205
HATS-14 b,HATS-14,Transit,2015.0,HATSouth,2.7667641,11.646151,340.39593,1276.0,5346.0,0.933,0.967,513.011,313.2154754,-25.6873756
HATS-15 b,HATS-15,Transit,2016.0,HATSouth,1.74748753,12.385945,689.6911,1505.0,5311.0,0.922,0.871,1139.55,311.0920041,-19.4375266
HATS-16 b,HATS-16,Transit,2016.0,HATSouth,2.686502,14.5717,1039.3041,1592.0,5738.0,1.238,0.97,757.044,358.5588439,-30.0130385
HATS-17 b,HATS-17,Transit,2016.0,HATSouth,16.254611,8.709393,425.25654,814.0,5846.0,1.091,1.131,400.331,192.1895676,-47.6136789
HATS-18 b,HATS-18,Transit,2016.0,Multiple Observatories,0.83784,14.896761,629.144485,2069.48,5600.0,1.02,1.037,624.368,173.9574203,-29.1560639
HATS-2 b,HATS-2,Transit,2013.0,HATSouth,1.35413379,12.57647635,435.42491759,1550.0,5227.0,0.876,0.904,341.925,176.7388264,-22.5630097
HATS-22 b,HATS-22,Transit,2017.0,HATSouth,4.7228124,10.682177,870.8542,858.0,4803.0,0.689,0.759,229.518,174.0098693,-29.5433642
HATS-23 b,HATS-23,Transit,2017.0,HATSouth,2.1605156,20.84874,467.2101,1654.0,5780.0,1.199,1.121,639.004,286.36675,-50.0673496
HATS-24 b,HATS-24,Transit,2017.0,HATSouth,1.3484978,15.636555,718.2958,2166.0,6125.0,1.12,1.07,494.182,268.8907069,-61.7474
HATS-25 b,HATS-25,Transit,2016.0,HATSouth,4.2986432,14.12334,194.82979,1277.0,5715.0,1.107,0.994,471.158,207.9076746,-23.7812403
HATS-26 b,HATS-26,Transit,2016.0,HATSouth,3.3023881,19.61575,206.5895,1918.0,6071.0,2.04,1.299,861.843,144.9268593,-28.5856004
HATS-27 b,HATS-27,Transit,2016.0,HATSouth,4.637038,16.8135,168.4499,1659.0,6438.0,1.74,1.415,816.988,193.5524603,-46.5877159
HATS-28 b,HATS-28,Transit,2016.0,HATSouth,3.1810781,13.383546,213.58176,1253.0,5498.0,0.922,0.929,535.383,284.3997616,-49.1385126
HATS-29 b,HATS-29,Transit,2016.0,HATSouth,4.6058749,14.022459,207.54299,1212.0,5670.0,1.073,1.032,353.891,285.0965172,-54.8933408
HATS-3 b,HATS-3,Transit,2013.0,HATSouth,3.547851,15.48,340.382,1648.0,6351.0,1.404,1.209,411.211,312.4574879,-24.4286938
HATS-30 b,HATS-30,Transit,2016.0,HATSouth,3.1743516,13.170575,224.38798,1414.0,5943.0,1.061,1.093,342.14,5.618525,-59.9425892
HATS-31 b,HATS-31,Transit,2016.0,HATSouth,3.37796,18.38276,279.6904,1823.0,6050.0,1.87,1.275,773.974,191.7028214,-24.4273897
HATS-32 b,HATS-32,Transit,2016.0,HATSouth,2.8126548,14.000041,292.4036,1437.0,5700.0,1.097,1.099,745.116,346.0750861,-21.2720168
HATS-33 b,HATS-33,Transit,2016.0,HATSouth,2.5495551,13.78707,378.85336,1429.0,5659.0,1.022,1.062,248.46,294.6336944,-55.3302692
HATS-34 b,HATS-34,Transit,2016.0,HATSouth,2.1061607,16.02887,299.07803,1445.0,5380.0,0.98,0.955,508.842,0.7744866,-62.4693167
HATS-35 b,HATS-35,Transit,2016.0,HATSouth,1.8209993,16.409976,388.38826,2037.0,6300.0,1.433,1.317,514.555,296.688442,-63.5656488
HATS-36 b,HATS-36,Transit,2018.0,HATSouth,4.175186,12.92,1022.14128,1203.0,5950.0,1.1,1.1,856.436,291.4787013,-23.2028183
HATS-37 A b,HATS-37 A,Transit,2020.0,HATSouth,4.3315366,6.792654,31.46517,1085.0,5326.0,0.877,0.843,211.896,199.80183,-22.9868431
HATS-38 b,HATS-38,Transit,2020.0,HATSouth,4.375021,6.882326,23.51942,1294.0,5732.0,1.105,0.89,343.525,154.2710615,-25.2762982
HATS-39 b,HATS-39,Transit,2018.0,HATSouth,4.5776348,17.59813,200.2329,1645.0,6572.0,1.621,1.379,878.521,112.4192251,-29.9379163
HATS-4 b,HATS-4,Transit,2014.0,HATSouth,2.516729,11.433,420.471,1315.0,5403.0,0.925,1.001,416.459,94.1120914,-22.5468824
HATS-40 b,HATS-40,Transit,2018.0,HATSouth,3.2642736,17.71022,505.3497,2101.0,6460.0,2.26,1.561,1342.29,100.5712467,-29.77678
HATS-41 b,HATS-41,Transit,2018.0,HATSouth,4.193649,14.90797,3082.951,1710.0,6424.0,1.71,1.496,737.668,103.5173558,-27.0504156
HATS-42 b,HATS-42,Transit,2018.0,HATSouth,2.292102,15.6926,597.5204,1856.0,6060.0,1.48,1.273,800.377,108.4523991,-33.4373462
HATS-43 b,HATS-43,Transit,2018.0,HATSouth,4.3888497,13.22662,82.95363,1003.0,5099.0,0.812,0.837,362.273,80.5382418,-30.9708179
HATS-44 b,HATS-44,Transit,2018.0,HATSouth,2.7439004,11.960003,177.9848,1161.0,5080.0,0.847,0.86,446.035,84.3267559,-27.9725758
HATS-45 b,HATS-45,Transit,2018.0,HATSouth,4.1876244,14.414774,222.481,1518.0,6450.0,1.315,1.272,772.11,101.9942455,-21.9107112
HATS-46 b,HATS-46,Transit,2018.0,HATSouth,4.7423729,10.121727,54.98459,1054.0,5495.0,0.853,0.917,453.808,6.7026401,-56.3161021
HATS-47 b,HATS-47,Transit,2020.0,HATSouth,3.9228038,12.520453,117.27927,852.9,4512.0,0.6564,0.674,300.67,287.4844021,-49.6649424
HATS-48 A b,HATS-48 A,Transit,2020.0,HATSouth,3.1316666,8.9672,77.23269,954.6,4546.0,0.7152,0.7279,263.609,288.6720048,-59.5793505
HATS-49 b,HATS-49,Transit,2020.0,HATSouth,4.1480467,8.574885,112.19399,834.8,4405.0,0.6977,0.7133,324.413,6.6135927,-56.3442798
HATS-5 b,HATS-5,Transit,2014.0,HATSouth,4.763387,10.223,75.323,1025.0,5304.0,0.871,0.936,246.384,67.2228465,-21.4820568
HATS-50 b,HATS-50,Transit,2017.0,HATSouth,3.8297015,12.66617,123.9537,1275.39,5990.0,1.117,1.168,756.742,300.4280761,-26.077564
HATS-51 b,HATS-51,Transit,2017.0,HATSouth,3.3488702,15.80469,244.09344,1553.0,5758.0,1.44,1.187,389.57,102.8474248,-29.0586551
HATS-52 b,HATS-52,Transit,2017.0,HATSouth,1.36665436,15.490838,711.9392,1834.0,6010.0,1.046,1.111,555.134,140.0875894,-31.2692116
HATS-53 b,HATS-53,Transit,2017.0,HATSouth,3.8537768,15.02006,189.10885,1312.0,5644.0,1.101,0.964,585.77,176.628323,-33.8600764
HATS-54 b,HATS-54,Transit,2019.0,HATSouth,2.5441765,11.37711541,239.32479047,1429.0,5621.0,1.23,1.05,748.585,200.6348641,-44.6888393
HATS-55 b,HATS-55,Transit,2019.0,HATSouth,4.2042001,14.022459,292.72143,1367.0,6214.0,1.126,1.1955,609.838,114.2833819,-32.7554188
HATS-56 b,HATS-56,Transit,2019.0,HATSouth,4.324799,18.920792,191.33366,1902.0,6536.0,2.201,1.573,564.409,180.165072,-45.7994559
HATS-57 b,HATS-57,Transit,2019.0,HATSouth,2.350621,12.767051,1000.21101,1413.4,5587.0,0.96,1.026,279.485,60.9482779,-19.0568182
HATS-58 A b,HATS-58 A,Transit,2019.0,HATSouth,4.2180896,12.273855,327.3649,1721.0,7175.0,1.433,1.461,403.591,186.7873036,-48.9784105
HATS-59 b,HATS-59,Transit,2018.0,HATSouth,5.416081,12.621334,256.17098,1128.0,5670.0,1.036,1.038,642.884,170.324325,-22.388177
HATS-59 c,HATS-59,Radial Velocity,2018.0,HATSouth,1422.0,12.3,4036.441,175.9,5670.0,1.036,1.038,642.884,170.324325,-22.388177
HATS-6 b,HATS-6,Transit,2015.0,HATSouth,3.3252725,11.186582,101.38777,712.8,3724.0,0.57,0.574,169.318,88.1468079,-19.0316268
HATS-60 b,HATS-60,Transit,2018.0,HATSouth,3.560829,12.923977,210.40346,1528.0,5688.0,1.46,1.097,486.474,341.3640336,-14.9917747
HATS-61 b,HATS-61,Transit,2018.0,HATSouth,7.817953,13.394755,1080.622,1226.1,5542.0,1.664,1.076,679.761,61.6578005,-25.3496674
HATS-62 b,HATS-62,Transit,2018.0,HATSouth,3.2768837,11.825495,56.89157,1237.0,5416.0,0.933,0.896,523.067,312.4493079,-24.303506
HATS-63 b,HATS-63,Transit,2018.0,HATSouth,3.0566527,13.529263,305.1168,1398.3,5627.0,1.07,0.931,623.232,67.418582,-28.1972149
HATS-64 b,HATS-64,Transit,2018.0,HATSouth,4.908897,18.819911,305.1168,1793.0,6554.0,2.113,1.564,1080.15,144.2876092,-29.800444
HATS-65 b,HATS-65,Transit,2018.0,HATSouth,3.105161,16.824709,260.93843,1634.0,6277.0,1.31,1.257,493.32,292.9397825,-26.7402021
HATS-66 b,HATS-66,Transit,2018.0,HATSouth,3.1414391,15.815899,1694.0339,1998.0,6626.0,1.841,1.411,1477.98,101.3948048,-33.8816918
HATS-67 b,HATS-67,Transit,2018.0,HATSouth,1.6091788,18.887165,460.8535,2193.0,6594.0,1.441,1.435,960.109,180.2087883,-46.1364201
HATS-68 b,HATS-68,Transit,2018.0,HATSouth,3.5862202,13.809488,410.0007,1741.0,6147.0,1.748,1.351,603.955,15.006077,-58.9047242
HATS-69 b,HATS-69,Transit,2018.0,HATSouth,2.2252577,10.592505,183.38791,1295.7,5137.0,0.8785,0.892,414.537,289.2974275,-60.8917599
HATS-7 b,HATS-7,Transit,2015.0,HATSouth,3.185315,6.310667,38.1396,1084.0,4985.0,0.815,0.849,240.707,208.8567465,-21.2078587
HATS-70 b,HATS-70,Transit,2019.0,HATSouth,1.8882378,15.513256,4100.007,2730.0,7930.0,1.881,1.78,1458.83,109.1045212,-31.2443947
HATS-71 b,HATS-71,Transit,2020.0,HATSouth,3.7955202,11.478016,117.5971,586.8,3405.0,0.4783,0.4861,140.225,15.5518893,-61.7561333
HATS-72 b,HATS-72,Transit,2020.0,HATSouth,7.3279474,8.0973816,39.855882,739.3,4656.1,0.7214,0.7311,127.589,339.0258401,-17.0003046
HATS-74 A b,HATS-74 A,Transit,2021.0,HATSouth,1.73185606,11.56766808,464.02947422,895.1,3776.9,0.5758,0.601,299.389,171.0147921,-19.5569588
HATS-75 b,HATS-75,Transit,2021.0,HATSouth,2.7886556,9.90873894,156.05374784,772.3,3790.4,0.5848,0.6017,194.964,60.9493919,-25.4089214
HATS-76 b,HATS-76,Transit,2021.0,HATSouth,1.9416423,12.09449018,835.570882,939.8,4016.0,0.6259,0.662,385.689,70.3397665,-32.3204175
HATS-77 b,HATS-77,Transit,2021.0,HATSouth,3.0876262,13.05846252,436.69623122,828.3,4071.0,0.6428,0.655,436.176,149.8236672,-27.3928174
HATS-8 b,HATS-8,Transit,2015.0,HATSouth,3.583893,9.785457,43.86054,1324.0,5679.0,1.086,1.056,794.637,294.9416887,-25.7483655
HATS-9 b,HATS-9,Transit,2015.0,HATSouth,1.915291,13.85,266.02371,1746.0,5599.0,1.56,1.1,638.7,290.8101704,-20.1663771
HD 100508 b,HD 100508,Radial Velocity,2026.0,Las Campanas Observatory,5681.0,13.7,381.3940884,,5419.0,1.0179,0.94,32.7548,173.3014057,-67.0546386
HD 100546 b,HD 100546,Imaging,2014.0,Paranal Observatory,,77.3421,2701.5414595,,10500.0,1.85288,2.4,109.677,173.3555116,-70.1947897
HD 100655 b,HD 100655,Radial Velocity,2011.0,Bohyunsan Optical Astronomical Observatory,157.57001,13.5,511.7063,,4891.0,10.06,2.28,137.178,173.7653631,20.441541
HD 100777 b,HD 100777,Radial Velocity,2007.0,La Silla Observatory,383.0,13.7,390.92894061,,5533.0,1.04,1.08,49.5336,173.9646303,-4.7555425
HD 101581 b,HIP 56998,Transit,2025.0,Transiting Exoplanet Survey Satellite (TESS),4.46569,0.956,0.827,834.0,4675.0,0.63,0.653,12.7781,175.2563039,-44.4041485
HD 101581 c,HIP 56998,Transit,2025.0,Transiting Exoplanet Survey Satellite (TESS),6.20401,0.99,0.937,747.0,4675.0,0.63,0.653,12.7781,175.2563039,-44.4041485
HD 10180 c,HD 10180,Radial Velocity,2010.0,La Silla Observatory,5.75969,,2741.58783878,,5911.0,1.109,1.06,38.9607,24.4731133,-60.5114881
HD 10180 d,HD 10180,Radial Velocity,2010.0,La Silla Observatory,16.357,,3295.88058059,,5911.0,1.109,1.06,38.9607,24.4731133,-60.5114881
HD 10180 e,HD 10180,Radial Velocity,2010.0,La Silla Observatory,49.748,5.39,25.1,,5911.0,1.109,1.06,38.9607,24.4731133,-60.5114881
HD 10180 f,HD 10180,Radial Velocity,2010.0,La Silla Observatory,122.744,5.24,23.9,,5911.0,1.109,1.06,38.9607,24.4731133,-60.5114881
HD 10180 g,HD 10180,Radial Velocity,2010.0,La Silla Observatory,604.67,,3375.33768234,,5911.0,1.109,1.06,38.9607,24.4731133,-60.5114881
HD 10180 h,HD 10180,Radial Velocity,2010.0,La Silla Observatory,2205.0,9.4,64.4,,5911.0,1.109,1.06,38.9607,24.4731133,-60.5114881
HD 101930 b,HD 101930,Radial Velocity,2005.0,La Silla Observatory,70.46,10.6,79.4575,,5108.0,0.86,0.57,30.0274,175.875608,-58.0053798
HD 102117 b,HD 102117,Radial Velocity,2005.0,La Silla Observatory,20.8133,8.47,54.0311,,5655.0,1.23,1.06,39.5792,176.2097267,-58.7040134
HD 102195 b,HD 102195,Radial Velocity,2006.0,Kitt Peak National Observatory,4.11377,14.2,130.3103,,5301.0,0.82,0.76,29.3386,176.4254063,2.8209912
HD 102272 b,HD 102272,Radial Velocity,2008.0,McDonald Observatory,127.58,12.9,1570.0802,,4790.0,10.3,1.45,347.097,176.5980316,14.1240201
HD 102329 b,HD 102329,Radial Velocity,2011.0,W. M. Keck Observatory,778.09998,12.6,2593.4928,,4745.0,9.82,3.21,217.107,176.6941567,3.4742143
HD 102329 c,HD 102329,Radial Velocity,2016.0,W. M. Keck Observatory,1123.0,13.5,483.1016,,4830.0,6.3,1.3,217.107,176.6941567,3.4742143
HD 102843 b,HD 102843,Radial Velocity,2019.0,Las Campanas Observatory,3090.942,13.1,113.9,,5436.0,0.961488,0.95,62.758,177.5854673,-1.2522989
HD 102888 b,HD 102888,Radial Velocity,2025.0,La Silla Observatory,252.06,12.8,1808.44363583,,4990.0,8.6,2.42,126.484,177.6545263,-27.2779074
HD 102956 b,HD 102956,Radial Velocity,2010.0,W. M. Keck Observatory,6.4947,13.8,305.1168,,4985.0,4.55,1.66,121.89,177.8436988,57.6406584
HD 103197 b,HD 103197,Radial Velocity,2009.0,La Silla Observatory,47.84,5.83,28.6047,,5250.0,0.88,0.8,57.1463,178.2201971,-50.2927911
HD 103720 b,HD 103720,Radial Velocity,2014.0,La Silla Observatory,4.5557,14.1,197.046,,5017.0,0.73,0.794,45.5352,179.1713308,-2.7791393
HD 103774 b,HD 103774,Radial Velocity,2013.0,La Silla Observatory,5.8881,13.3,116.0,,6489.0,1.581047,1.335,56.4089,179.2310729,-12.1079951
HD 103891 b,HD 103891,Radial Velocity,2022.0,La Silla Observatory,1919.0,13.2,918.52409623,,6072.0,2.22,1.28,55.5213,179.4382907,-8.5486195
HD 103949 b,HD 103949,Radial Velocity,2019.0,Las Campanas Observatory,120.878,3.35,11.2,,4792.0,0.753113,0.77,26.4997,179.5479558,-23.9241221
HD 104067 b,HD 104067,Radial Velocity,2009.0,La Silla Observatory,55.851,9.2,62.1,,4952.0,0.78,0.82,20.3632,179.7923543,-20.3556058
HD 104067 c,HD 104067,Radial Velocity,2024.0,Multiple Observatories,13.8992,3.69,13.2,,4952.0,0.78,0.82,20.3632,179.7923543,-20.3556058
HD 10442 b,HD 10442,Radial Velocity,2014.0,W. M. Keck Observatory,1032.3,13.6,472.61321,,4912.0,1.97,1.01,135.374,25.471524,2.7044193
HD 104985 b,HD 104985,Radial Velocity,2003.0,Okayama Astrophysical Observatory,199.68,12.8,1766.80811451,,4738.0,11.12,1.22,100.576,181.3157854,76.9053359
HD 105618 b,HD 105618,Radial Velocity,2022.0,Multiple Observatories,10.02245,5.44,25.42627256,,5671.0,1.27399,1.01,70.0837,182.4021288,11.2115695
HD 105618 c,HD 105618,Radial Velocity,2022.0,Multiple Observatories,77114.07158,11.9,8419.59232984,,5671.0,1.27399,1.01,70.0837,182.4021288,11.2115695
HD 105779 b,HD 105779,Radial Velocity,2022.0,La Silla Observatory,2412.0,14.1,203.41018048,,5792.0,0.94,0.89,55.2411,182.6612053,-16.9564908
HD 106252 b,HD 106252,Radial Velocity,2002.0,Lick Observatory,1535.0,12.5,3178.28407,,5874.0,1.05,1.05,38.185,183.3730583,10.0404302
HD 106270 b,HD 106270,Radial Velocity,2011.0,W. M. Keck Observatory,1888.0,12.4,3623.2438398,,5509.0,2.66,1.39,93.808,183.4049258,-9.5135645
HD 106315 b,HD 106315,Transit,2017.0,K2,9.55237,2.44,12.6,1153.0,6327.0,1.296,1.091,109.353,183.4724742,-0.3934357
HD 106315 c,HD 106315,Transit,2017.0,K2,21.05704,4.35,15.2,886.0,6327.0,1.296,1.091,109.353,183.4724742,-0.3934357
HD 10647 b,HD 10647,Radial Velocity,2006.0,W. M. Keck Observatory,989.2,13.8,298.75,,6218.0,1.1,1.11,17.3357,25.6233526,-53.7412852
HD 106515 A b,HD 106515 A,Radial Velocity,2012.0,La Silla Observatory,3626.0,12.1,6006.9568923,,5362.0,0.91,0.89,34.0915,183.7762699,-7.2575413
HD 106906 b,HD 106906,Imaging,2013.0,Las Campanas Observatory,,12.4,3496.0,1800.0,6516.0,2.12351,1.5,103.029,184.4713308,-55.9755805
HD 10697 b,HD 10697,Radial Velocity,1999.0,W. M. Keck Observatory,1075.3799,12.8,1825.2885414,,5641.0,1.863076,0.99,33.1205,26.2324076,20.0826974
HD 107148 b,HD 107148,Radial Velocity,2005.0,W. M. Keck Observatory,48.056,9.6,66.741,,5797.0,1.169193,1.12,49.4156,184.8059773,-3.3199927
HD 107148 c,HD 107148,Radial Velocity,2021.0,Multiple Observatories,18.3267,4.7,19.89605828,,5752.92,1.169193,1.105215,49.4156,184.8059773,-3.3199927
HD 108147 b,HD 108147,Radial Velocity,2002.0,La Silla Observatory,10.8985,10.9,82.95,890.0,6255.73,1.20664,1.22,38.92,186.4409852,-64.0223492
HD 108202 b,HD 108202,Radial Velocity,2023.0,La Silla Observatory,2990.0,13.1,953.485221,,4556.03,0.66355,0.74,38.6846,186.4613189,-1.1109233
HD 108236 b,HD 108236,Transit,2020.0,Transiting Exoplanet Survey Satellite (TESS),3.795963,1.615,3.24,1099.0,5660.0,0.877,0.869,64.5978,186.5740627,-51.3630519
HD 108236 c,HD 108236,Transit,2020.0,Transiting Exoplanet Survey Satellite (TESS),6.203449,2.071,4.94,932.0,5660.0,0.877,0.869,64.5978,186.5740627,-51.3630519
HD 108236 e,HD 108236,Transit,2020.0,Transiting Exoplanet Survey Satellite (TESS),19.590025,3.083,9.71,636.0,5660.0,0.877,0.869,64.5978,186.5740627,-51.3630519
HD 108236 f,HD 108236,Transit,2021.0,CHaracterising ExOPlanets Satellite (CHEOPS),29.54115,2.017,4.72,,5660.0,0.877,0.869,64.5978,186.5740627,-51.3630519
HD 108341 b,HD 108341,Radial Velocity,2014.0,La Silla Observatory,1129.0,13.3,715.11391575,,5122.0,0.79,0.843,48.9102,186.8791724,-71.4224896
HD 108863 b,HD 108863,Radial Velocity,2011.0,W. M. Keck Observatory,437.7,13.3,767.24162,,4878.0,5.74,1.59,164.742,187.5826081,21.9480993
HD 108874 b,HD 108874,Radial Velocity,2002.0,W. M. Keck Observatory,394.48123,13.6,451.3186,,5600.0,1.05,1.1,59.5175,187.6126029,22.8794399
HD 108874 c,HD 108874,Radial Velocity,2005.0,W. M. Keck Observatory,1624.0,13.8,314.64,,5551.0,1.05,0.95,59.5175,187.6126029,22.8794399
HD 109246 b,HD 109246,Radial Velocity,2010.0,Haute-Provence Observatory,68.27,13.9,273.3338,,5844.0,1.07,1.2,67.8349,188.027184,74.4893379
HD 109271 b,HD 109271,Radial Velocity,2013.0,La Silla Observatory,7.8543,4.31,17.162,,5783.0,1.294595,1.047,55.8716,188.397397,-11.6215204
HD 109271 c,HD 109271,Radial Velocity,2013.0,La Silla Observatory,30.93,5.27,24.154,,5783.0,1.294595,1.047,55.8716,188.397397,-11.6215204
HD 109286 b,HD 109286,Radial Velocity,2021.0,Haute-Provence Observatory,520.1,13.2,950.30693693,259.4,5694.0,1.089,0.98,55.4156,188.3958418,7.2809064
HD 109749 b,HD 109749,Radial Velocity,2005.0,W. M. Keck Observatory,5.239891,11.1,85.8141,,5824.0,1.22,1.13,63.0821,189.3173489,-40.8121458
HD 10975 b,HD 10975,Radial Velocity,2021.0,Okayama Astrophysical Observatory,283.8,14.3,143.02278315,,4840.0,11.16,1.41,116.506,27.1628025,37.9527542
HD 109833 b,HD 109833,Transit,2022.0,Transiting Exoplanet Survey Satellite (TESS),9.188526,2.888,8.69,786.0,5881.0,1.0,1.08,79.5561,189.7758591,-74.5740205
HD 109833 c,HD 109833,Transit,2022.0,Transiting Exoplanet Survey Satellite (TESS),13.900148,2.59,7.22,756.7,5881.0,1.0,1.08,79.5561,189.7758591,-74.5740205
HD 109988 b,HD 109988,Radial Velocity,2022.0,Multiple Observatories,17132.15854,12.1,6935.33366915,,5185.97,0.869694,0.88,42.5279,189.8154662,-32.7263607
HD 110014 b,HD 110014,Radial Velocity,2009.0,La Silla Observatory,835.477,12.4,3524.59,,4445.0,20.9,2.17,100.758,189.8111935,-7.9956702
HD 110067 b,HD 110067,Transit,2023.0,Multiple Observatories,9.113678,2.2,5.69,800.0,5266.0,0.788,0.798,32.1585,189.8392243,20.0273377
HD 110067 c,HD 110067,Transit,2023.0,Multiple Observatories,13.673694,2.388,6.3,699.0,5266.0,0.788,0.798,32.1585,189.8392243,20.0273377
HD 110067 d,HD 110067,Transit,2023.0,Multiple Observatories,20.519617,2.852,8.52,602.0,5266.0,0.788,0.798,32.1585,189.8392243,20.0273377
HD 110067 e,HD 110067,Transit,2023.0,Multiple Observatories,30.793091,1.94,3.9,533.0,5266.0,0.788,0.798,32.1585,189.8392243,20.0273377
HD 110067 f,HD 110067,Transit,2023.0,Multiple Observatories,41.05854,2.601,5.04,489.0,5266.0,0.788,0.798,32.1585,189.8392243,20.0273377
HD 110067 g,HD 110067,Transit,2023.0,Multiple Observatories,54.76992,2.607,8.4,440.0,5266.0,0.788,0.798,32.1585,189.8392243,20.0273377
HD 110082 b,HD 110082,Transit,2021.0,Transiting Exoplanet Survey Satellite (TESS),10.18271,3.2,10.3,957.2,6200.0,1.19,1.21,105.096,192.5892855,-88.1211107
HD 110113 b,HD 110113,Transit,2021.0,Transiting Exoplanet Survey Satellite (TESS),2.541,2.05,4.55,1371.0,5732.0,0.968,0.997,106.307,190.0365636,-44.3120777
HD 110113 c,HD 110113,Radial Velocity,2021.0,La Silla Observatory,6.744,2.11384817,10.5,990.0,5732.0,0.968,0.997,106.307,190.0365636,-44.3120777
HD 110537 b,HD 110537,Radial Velocity,2022.0,Multiple Observatories,24469.67342,11.9,8612.83200129,,5718.0,1.16626,1.02,45.0858,190.7462412,-4.0501059
HD 11112 b,HD 11112,Radial Velocity,2022.0,Multiple Observatories,17244.90764,12.6,2598.56505563,,5905.64,1.47368,1.07,44.3804,27.0881399,-41.4944106
HD 111232 b,HD 111232,Radial Velocity,2003.0,La Silla Observatory,1169.13202,12.6,2531.50326176,,5512.0,0.9,0.96,28.9571,192.2159553,-68.4246679
HD 111232 c,HD 111232,Radial Velocity,2022.0,Multiple Observatories,26472.44623,12.2,5740.93451564,,5512.0,0.9,0.96,28.9571,192.2159553,-68.4246679
HD 111591 b,HD 111591,Radial Velocity,2017.0,Multiple Observatories,1056.4,12.9,1398.452,,4884.0,8.03,1.94,114.166,192.5725483,22.8631285
HD 111998 b,HD 111998,Radial Velocity,2016.0,La Silla Observatory,810.0,12.9,1525.5763536,,6557.0,1.45,1.4,33.2237,193.2953521,-3.5531133
HD 112300 b,HD 112300,Radial Velocity,2023.0,Bohyunsan Optical Astronomical Observatory,466.63,12.2,5031.22368281,,3657.0,65.8,1.4,62.07324,193.8988441,3.3972376
HD 112570 b,HD 112570,Radial Velocity,2023.0,Multiple Observatories,2615.0,13.1,1086.97315194,,4750.0,9.85,1.15,101.166,194.2824262,46.1765638
HD 112640 b,HD 112640,Radial Velocity,2020.0,Bohyunsan Optical Astronomical Observatory,613.2,12.9,1589.15,,4155.0,39.0,1.8,323.335,194.2415171,67.2429122
HD 113337 b,HD 113337,Radial Velocity,2013.0,Haute-Provence Observatory,317.58639,13.1,1035.80277841,,6774.0,1.5,1.41,36.18,195.4438496,63.610328
HD 113337 c,HD 113337,Radial Velocity,2020.0,Haute-Provence Observatory,5429.93477,12.1,6299.67685515,,6774.0,1.5,1.41,36.18,195.4438496,63.610328
HD 11343 c,HIP 8541,Radial Velocity,2022.0,Multiple Observatories,228.53731,13.9,255.53403923,,4672.0,6.84,2.009,155.121,27.5271962,-54.4651633
HD 113538 b,HD 113538,Radial Velocity,2010.0,La Silla Observatory,663.2,13.2,114.41,,4462.0,0.53,0.585,16.2817,196.233933,-52.4463502
HD 113538 c,HD 113538,Radial Velocity,2010.0,La Silla Observatory,1818.0,13.8,295.57,,4462.0,0.53,0.585,16.2817,196.233933,-52.4463502
HD 113996 b,HD 113996,Radial Velocity,2017.0,Bohyunsan Optical Astronomical Observatory,610.2,12.7,2002.329,,4181.0,25.11,1.49,116.334,196.794874,27.6244384
HD 114082 b,HD 114082,Radial Velocity,2022.0,La Silla Observatory,109.75,11.2089807,2542.627256,,6651.0,1.49,1.47,95.3906,197.3171237,-60.3084347
HD 114386 b,HD 114386,Radial Velocity,2003.0,La Silla Observatory,937.70001,13.6,464.02947422,,4836.0,0.76,0.6,27.9243,197.6652124,-35.0561807
HD 114386 c,HD 114386,Radial Velocity,2026.0,Las Campanas Observatory,444.0,13.4,117.59651059,,4895.0,0.76,0.8,27.9243,197.6652124,-35.0561807
HD 114729 b,HD 114729,Radial Velocity,2002.0,W. M. Keck Observatory,1121.79,13.9,262.20975,,5844.0,1.473,0.936,37.8063,198.1833997,-31.8746756
HD 114783 b,HD 114783,Radial Velocity,2001.0,W. M. Keck Observatory,493.7,13.7,349.6,,5135.0,0.840622,0.853,21.0628,198.1818436,-2.2649921
HD 114783 c,HD 114783,Radial Velocity,2016.0,W. M. Keck Observatory,4352.0,13.4,603.8739733,,5135.0,0.840622,0.9,21.0628,198.1818436,-2.2649921
HD 11505 b,HD 11505,Radial Velocity,2022.0,Multiple Observatories,32669.22247,12.6,2510.52658689,,5757.15,1.19568,1.03,38.9679,28.2750265,-1.3284416
HD 11506 b,HD 11506,Radial Velocity,2007.0,W. M. Keck Observatory,1617.7,12.9,1551.00262616,,6123.0,1.24,1.22,51.261,28.2106607,-19.507396
HD 11506 c,HD 11506,Radial Velocity,2008.0,W. M. Keck Observatory,223.92,14.0,127.1313628,,6123.0,1.24,1.22,51.261,28.2106607,-19.507396
HD 11506 d,HD 11506,Radial Velocity,2022.0,Multiple Observatories,26500.0,12.3,4068.2036096,,6123.0,1.24,1.22,51.261,28.2106607,-19.507396
HD 115404 A b,HD 115404 A,Radial Velocity,2022.0,Multiple Observatories,10.49488,6.09,30.82935548,,5019.17,0.727007,0.83,10.9816,199.2155793,17.0160384
HD 115404 A c,HD 115404 A,Radial Velocity,2022.0,Multiple Observatories,15319.22517,12.5,3279.67133183,,5019.17,0.727007,0.83,10.9816,199.2155793,17.0160384
HD 115954 b,HD 115954,Radial Velocity,2021.0,Haute-Provence Observatory,3700.0,12.6,2685.65003915,144.9,5957.0,1.213,1.18,87.6437,199.9853694,38.3691383
HD 116029 b,HD 116029,Radial Velocity,2011.0,W. M. Keck Observatory,670.0,13.6,444.962,,4819.0,4.89,0.83,123.245,200.1646905,24.6484725
HD 116029 c,HD 116029,Radial Velocity,2016.0,W. M. Keck Observatory,907.0,13.7,403.6441,,4951.0,4.6,1.33,123.245,200.1646905,24.6484725
HD 117207 b,HD 117207,Radial Velocity,2004.0,W. M. Keck Observatory,2621.75,13.4,669.34662514,,5732.0,1.074,1.053,32.3547,202.3368806,-35.5713041
HD 11755 b,HD 11755,Radial Velocity,2015.0,Bohyunsan Optical Astronomical Observatory,433.70001,12.8,1789.3829,,4312.0,20.58,0.72,235.045,29.707836,73.1521372
HD 117618 b,HD 117618,Radial Velocity,2004.0,Anglo-Australian Telescope,25.8,8.59,55.30242,,5990.0,1.2,1.077,37.7781,203.1066418,-47.2719049
HD 118203 b,HD 118203,Radial Velocity,2005.0,Haute-Provence Observatory,6.1349779,12.778238,680.15279098,1361.0,5742.0,2.04,1.27,92.2589,203.509956,53.7281876
HD 118203 c,HD 118203,Radial Velocity,2024.0,Multiple Observatories,5103.0,12.4,3747.19691853,146.0,5742.0,2.04,1.27,92.2589,203.509956,53.7281876
HD 11964 b,HD 11964,Radial Velocity,2005.0,W. M. Keck Observatory,1945.0,14.1,198.0,,5303.0,2.00971,0.91,33.5369,29.2884252,-10.2434693
HD 11964 c,HD 11964,Radial Velocity,2008.0,W. M. Keck Observatory,37.91,5.38,25.0,,5303.0,2.00971,0.91,33.5369,29.2884252,-10.2434693
HD 11977 b,HD 11977,Radial Velocity,2005.0,La Silla Observatory,711.0,12.7,2080.0,,4970.0,10.09,1.91,67.9331,28.7347403,-67.6469871
HD 120084 b,HD 120084,Radial Velocity,2013.0,Okayama Astrophysical Observatory,2142.0,12.7,2034.1018048,,4879.0,10.37,2.16,103.044,205.661989,78.0646376
HD 121504 b,HD 121504,Radial Velocity,2003.0,La Silla Observatory,63.33,13.6,479.9233,,6027.0,1.07,1.62,41.6592,209.3199062,-56.0404085
HD 12235 b,HD 12235,Radial Velocity,2022.0,Multiple Observatories,4.36305,3.23,10.48833743,,5986.0,1.80185,1.1,31.7627,30.0391601,3.0959098
HD 12235 c,HD 12235,Radial Velocity,2022.0,Multiple Observatories,36336.70679,12.5,3135.69506346,,5986.0,1.80185,1.1,31.7627,30.0391601,3.0959098
HD 122562 c,HD 122562,Radial Velocity,2022.0,Multiple Observatories,84.96276,10.1,73.10053361,,4956.0,2.16627,1.241,53.2528,210.5886904,20.8810286
HD 124330 b,HD 124330,Radial Velocity,2021.0,Haute-Provence Observatory,270.66,14.0,238.37130525,,5873.0,1.30446,1.15,60.1977,212.8207093,54.4089731
HD 12484 b,HD 12484,Radial Velocity,2016.0,Haute-Provence Observatory,58.83,13.2,947.1334,,5920.0,1.001848,1.01,48.3367,30.6115322,2.8158078
HD 125271 b,HD 125271,Radial Velocity,2022.0,Multiple Observatories,14901.99295,12.4,3465.60094993,,4703.93,0.751364,0.75,39.3466,216.6474037,-81.4542756
HD 125390 b,HD 125390,Radial Velocity,2019.0,W. M. Keck Observatory,1757.39151,11.9,8646.20398403,,4882.0,6.47,1.82,153.647,214.5387463,38.9669132
HD 125595 b,HD 125595,Radial Velocity,2009.0,La Silla Observatory,9.6737,,3531.07360177,,4691.0,0.74,0.29,28.1989,215.3434326,-40.3942443
HD 125612 b,HD 125612,Radial Velocity,2007.0,W. M. Keck Observatory,557.69994,13.2,945.22168242,,5900.0,1.07,1.05,57.6207,215.2227183,-17.4818147
HD 125612 c,HD 125612,Radial Velocity,2009.0,La Silla Observatory,4.15466,4.07,15.57359194,,5900.0,1.07,1.05,57.6207,215.2227183,-17.4818147
HD 125612 d,HD 125612,Radial Velocity,2009.0,La Silla Observatory,2822.72698,12.7,2281.37230545,,5900.0,1.07,1.05,57.6207,215.2227183,-17.4818147
HD 12648 b,HD 12648,Radial Velocity,2015.0,Bohyunsan Optical Astronomical Observatory,133.60001,13.4,622.9468,,4835.0,11.02,0.67,182.192,34.7480718,85.7365329
HD 126525 b,HD 126525,Radial Velocity,2018.0,La Silla Observatory,960.41,10.3,75.32571,,5638.0,0.979,0.897,37.6506,216.8852514,-51.9329118
HD 12661 b,HD 12661,Radial Velocity,2000.0,Multiple Observatories,262.70862,13.3,772.3269,,5645.0,1.2,1.2,37.8478,31.1423525,25.4135632
HD 12661 c,HD 12661,Radial Velocity,2002.0,Multiple Observatories,1708.0,13.2,899.45439181,,5748.0,1.11,1.02,37.8478,31.1423525,25.4135632
HD 126614 b,HD 126614,Radial Velocity,2009.0,W. M. Keck Observatory,1257.25303,12.7,107.74382997,,5568.0,1.369794,0.96,73.0961,216.7005171,-5.1784093
HD 127506 b,HD 127506,Radial Velocity,2022.0,Multiple Observatories,65.78395,5.67,27.333243,,4595.32,0.735766,0.73,22.5279,217.6848544,35.4546059
HD 128311 b,HD 128311,Radial Velocity,2002.0,W. M. Keck Observatory,453.019,13.5,562.24127,,4965.0,0.76,0.828,16.3292,219.0032292,9.7454368
HD 128311 c,HD 128311,Radial Velocity,2005.0,W. M. Keck Observatory,921.538,13.0,1204.25787,,4965.0,0.76,0.828,16.3292,219.0032292,9.7454368
HD 128356 b,HD 128356,Radial Velocity,2016.0,Multiple Observatories,298.2,13.9,282.8687,,4875.0,0.85,0.65,26.1548,219.2702793,-25.8031728
HD 128717 b,HD 128717,Astrometry,2025.0,European Space Agency (ESA) Gaia Satellite,3420.0,12.1,6293.0024586,,6210.0,1.248,1.212,73.636,219.0881687,57.5609512
HD 129445 b,HD 129445,Radial Velocity,2009.0,Las Campanas Observatory,1840.0,13.3,797.74930157,,5646.0,1.175816,0.99,67.4386,221.5104196,-68.7629901
HD 130322 b,HD 130322,Radial Velocity,1999.0,La Silla Observatory,10.70871,13.7,365.49,720.0,5387.0,0.85,0.92,31.8766,221.8857975,-0.2820782
HD 131496 b,HD 131496,Radial Velocity,2011.0,W. M. Keck Observatory,896.0,13.4,572.094,,4846.0,4.44,1.34,131.849,223.3461495,18.2352618
HD 13167 b,HD 13167,Radial Velocity,2018.0,W. M. Keck Observatory,2613.0,13.1,1052.0173,,5671.0,2.39,1.35,148.934,32.057635,-24.695575
HD 13189 b,HD 13189,Radial Velocity,2005.0,Thueringer Landessternwarte Tautenburg,471.60001,12.4,3480.2385,,4175.0,38.41,2.24,497.823,32.4173964,32.3164548
HD 132406 b,HD 132406,Radial Velocity,2007.0,Haute-Provence Observatory,908.0,12.8,1887.90073758,,5766.0,1.34,0.973,70.7832,224.2276121,53.3809615
HD 132563 b,HD 132563,Radial Velocity,2011.0,Roque de los Muchachos Observatory,1544.0,13.6,473.547,,6289.0,1.29577,1.231,105.155,224.5892892,44.0428571
HD 133131 A b,HD 133131 A,Radial Velocity,2016.0,Las Campanas Observatory,649.0,13.6,451.3186,,5799.0,0.955014,0.95,51.4736,225.8984524,-27.8431369
HD 133131 A c,HD 133131 A,Radial Velocity,2016.0,Las Campanas Observatory,3568.0,14.3,133.4886,,5799.0,0.955014,0.95,51.4736,225.8984524,-27.8431369
HD 133131 B b,HD 133131 B,Radial Velocity,2016.0,Las Campanas Observatory,5769.0,13.3,794.575,,5805.0,0.989538,0.93,51.2993,225.8999745,-27.8415947
HD 134060 b,HD 134060,Radial Velocity,2019.0,La Silla Observatory,3.2696,3.16,10.1,,5966.0,1.164285,1.095,24.0125,227.6847587,-61.4223747
HD 134060 c,HD 134060,Radial Velocity,2019.0,La Silla Observatory,1291.5646,5.91,29.29,,5966.0,1.164285,1.095,24.0125,227.6847587,-61.4223747
HD 134606 b,HD 134606,Radial Velocity,2024.0,Multiple Observatories,12.089,2.97,9.09,,5576.0,1.158,1.046,26.7909,228.8103897,-70.5203328
HD 134606 c,HD 134606,Radial Velocity,2024.0,Multiple Observatories,58.883,3.37,11.31,,5576.0,1.158,1.046,26.7909,228.8103897,-70.5203328
HD 134606 d,HD 134606,Radial Velocity,2024.0,Multiple Observatories,966.5,7.59,44.8,,5576.0,1.158,1.046,26.7909,228.8103897,-70.5203328
HD 134606 e,HD 134606,Radial Velocity,2024.0,Multiple Observatories,4.3203,1.33,2.34,,5576.0,1.158,1.046,26.7909,228.8103897,-70.5203328
HD 134606 f,HD 134606,Radial Velocity,2024.0,Multiple Observatories,26.915,2.24,5.63,,5576.0,1.158,1.046,26.7909,228.8103897,-70.5203328
HD 134987 b,HD 134987,Radial Velocity,1999.0,W. M. Keck Observatory,258.17999,13.5,511.7063,,5736.0,1.22,1.1,26.1804,228.3675397,-25.3096721
HD 134987 c,HD 134987,Radial Velocity,2009.0,Multiple Observatories,5000.0,13.9,260.0,,5585.0,1.25,1.1,26.1804,228.3675397,-25.3096721
HD 135344 A b,HD 135344 A,Imaging,2025.0,Paranal Observatory,,16.25302201,3178.28407,1585.0,9540.0,1.5,2.32,141.595,228.9538416,-37.1489176
HD 135625 b,HD 135625,Radial Velocity,2023.0,La Silla Observatory,4055.0,13.3,731.0053361,,6040.64,1.35743,1.28,56.518,229.4511514,-45.9225871
HD 135694 b,HD 135694,Transit,2023.0,Transiting Exoplanet Survey Satellite (TESS),15.923475568,2.857,6.1,750.83,5712.0,1.08,1.02,73.8713,227.8678636,71.8412965
HD 135872 b,HD 135872,Radial Velocity,2022.0,Multiple Observatories,2422.32597,12.8,1744.56012602,,4992.0,3.93038,1.646,82.4251,229.4213643,-5.2024735
HD 136118 b,HD 136118,Radial Velocity,2022.0,Multiple Observatories,1187.59765,12.3,4164.18778851,,6097.0,1.67754,1.18,51.4359,229.7306046,-1.5922913
HD 136352 b,HD 136352,Radial Velocity,2019.0,La Silla Observatory,11.57797,1.664,4.72,905.0,5664.0,1.058,0.87,14.682,230.4401147,-48.3188174
HD 136352 c,HD 136352,Radial Velocity,2019.0,La Silla Observatory,27.59221,2.916,11.24,677.0,5664.0,1.058,0.87,14.682,230.4401147,-48.3188174
HD 136352 d,HD 136352,Radial Velocity,2019.0,La Silla Observatory,107.245,2.562,8.82,431.0,5664.0,1.058,0.87,14.682,230.4401147,-48.3188174
HD 136418 b,HD 136418,Radial Velocity,2009.0,W. M. Keck Observatory,464.29999,13.3,680.1562,,4989.0,3.78,1.48,105.168,229.7756438,41.732423
HD 136925 b,HD 136925,Radial Velocity,2021.0,Multiple Observatories,4540.0,13.9,266.97586188,,5773.19,1.193078,0.875104,47.874,230.7157509,13.3663117
HD 13724 c,HD 13724,Radial Velocity,2022.0,Multiple Observatories,142.22895,8.18,50.85254512,,5835.31,1.04198,1.004,43.465,33.0859626,-46.8166738
HD 137388 b,HD 137388,Radial Velocity,2011.0,La Silla Observatory,330.0,9.32,63.566,,5181.0,0.88,0.68,40.4841,233.915082,-80.2044169
HD 137496 b,HD 137496,Transit,2021.0,K2,1.62116,1.31,4.04,2130.0,5799.0,1.59,1.04,155.317,231.7420543,-16.5090014
HD 137496 c,HD 137496,Radial Velocity,2021.0,Multiple Observatories,479.9,12.6,2434.56559762,370.0,5799.0,1.59,1.04,155.317,231.7420543,-16.5090014
HD 13808 b,HD 13808,Radial Velocity,2021.0,La Silla Observatory,14.1815,3.35,11.2,,5035.0,0.781,0.771,28.2305,33.1780708,-53.7437591
HD 13808 c,HD 13808,Radial Velocity,2021.0,La Silla Observatory,53.753,3.13,9.96,,5035.0,0.781,0.771,28.2305,33.1780708,-53.7437591
HD 13908 b,HD 13908,Radial Velocity,2013.0,Haute-Provence Observatory,19.382,13.9,274.91,,6255.0,1.67,1.29,79.5515,34.5609102,65.5941901
HD 13908 c,HD 13908,Radial Velocity,2013.0,Haute-Provence Observatory,931.0,12.8,1630.4,,6255.0,1.67,1.29,79.5515,34.5609102,65.5941901
HD 13931 b,HD 13931,Radial Velocity,2009.0,W. M. Keck Observatory,4218.0,13.2,889.9195396,,5867.0,1.25,1.3,47.3963,34.1979991,43.7722065
HD 139357 b,HD 139357,Radial Velocity,2008.0,Thueringer Landessternwarte Tautenburg,1124.79139,12.1,6315.5682755,,4700.0,11.47,2.69,112.09,233.8173564,53.9221505
HD 1397 b,HD 1397,Transit,2018.0,Transiting Exoplanet Survey Satellite (TESS),11.53533,11.500434,131.89945,1228.3,5521.0,2.336,1.324,79.5702,4.4471631,-66.3589285
HD 14067 b,HD 14067,Radial Velocity,2014.0,Okayama Astrophysical Observatory,2744.0,12.2,4862.7746271,,4815.0,12.4,2.4,142.024,34.293348,23.7676546
HD 140901 b,HD 140901,Radial Velocity,2022.0,Multiple Observatories,9.02378,4.07,15.57359194,,5610.0,0.95,0.99,15.2528,236.8689866,-37.9172333
HD 140901 c,HD 140901,Radial Velocity,2022.0,Multiple Observatories,14386.0,13.4,572.0911326,,5610.0,0.95,1.06,15.2528,236.8689866,-37.9172333
HD 141004 b,HD 141004,Radial Velocity,2021.0,Multiple Observatories,15.5083,3.77,13.63483866,,5885.38,1.389372,1.051904,11.8148,236.6099205,7.3527684
HD 141399 b,HD 141399,Radial Velocity,2014.0,Multiple Observatories,94.44,14.3,143.34133,,5600.0,1.387236,1.07,37.0169,236.7235392,46.986288
HD 141399 c,HD 141399,Radial Velocity,2014.0,Multiple Observatories,201.99,13.6,422.7139,,5600.0,1.387236,1.07,37.0169,236.7235392,46.986288
HD 141399 d,HD 141399,Radial Velocity,2014.0,Multiple Observatories,1069.8,13.7,375.0394,,5600.0,1.387236,1.07,37.0169,236.7235392,46.986288
HD 141399 e,HD 141399,Radial Velocity,2014.0,Multiple Observatories,5000.0,14.1,209.7678,,5600.0,1.387236,1.07,37.0169,236.7235392,46.986288
HD 141937 b,HD 141937,Radial Velocity,2002.0,La Silla Observatory,653.21997,11.9,8714.85491994,,5870.0,1.03,1.09,33.3622,238.0735585,-18.4359716
HD 142 A d,HD 142,Radial Velocity,2022.0,Multiple Observatories,108.45299,10.9,82.63538582,,6245.0,1.47,1.21,26.1853,1.5836771,-49.0753625
HD 142 b,HD 142,Radial Velocity,2001.0,Anglo-Australian Telescope,351.43394,12.7,2256.5816897,,6245.0,1.47,1.21,26.1853,1.5836771,-49.0753625
HD 142 c,HD 142,Radial Velocity,2012.0,Anglo-Australian Telescope,10159.64279,12.4,3464.64746471,,6245.0,1.47,1.21,26.1853,1.5836771,-49.0753625
HD 142022 A b,HD 142022 A,Radial Velocity,2005.0,La Silla Observatory,1928.0,12.9,1433.40611557,,5421.0,1.04,0.9,34.2802,242.5481731,-84.2317494
HD 142245 b,HD 142245,Radial Velocity,2011.0,W. M. Keck Observatory,1299.0,13.1,975.7381,,4922.0,4.63,3.5,97.2305,238.2342443,15.4306118
HD 142415 b,HD 142415,Radial Velocity,2003.0,La Silla Observatory,386.29999,13.5,530.7761,,5940.0,1.04,1.07,35.5318,239.418989,-60.2006948
HD 143105 b,HD 143105,Radial Velocity,2016.0,Haute-Provence Observatory,2.1974,13.7,384.5743,,6380.0,1.647304,1.51,46.7789,238.4023547,68.7199779
HD 143361 b,HD 143361,Radial Velocity,2008.0,Las Campanas Observatory,1039.15,12.9,1382.55357045,,5507.0,0.916,0.968,68.5146,240.4588405,-44.4350575
HD 143811 AB b,HD 143811 A,Imaging,2025.0,Paranal Observatory,117000.0,15.69257298,1938.7532827,1042.0,6791.0,1.68398,1.32,136.608,240.8891972,-30.1371574
HD 144899 b,HD 144899,Radial Velocity,2022.0,Multiple Observatories,40.43914,4.77,20.34101805,,6126.0,1.64802,1.16,115.665,242.5721002,-47.9146826
HD 145377 b,HD 145377,Radial Velocity,2008.0,La Silla Observatory,103.95,12.8,1913.3366,,6014.0,1.05,1.2,53.4884,242.9019658,-27.0781199
HD 145457 b,HD 145457,Radial Velocity,2010.0,Subaru Telescope,176.13,13.2,888.01256916,,4757.0,9.9,1.9,135.292,242.5162215,26.7429068
HD 145675 c,14 Her,Radial Velocity,2021.0,Multiple Observatories,15732.45889,12.6,2510.8444153,,5338.0,0.93,0.97,17.9323,242.6021014,43.8163621
HD 145934 b,HD 145934,Radial Velocity,2015.0,W. M. Keck Observatory,2751.53433,13.4,658.5404593,,4823.75,6.930587,2.058,227.881,243.2912249,13.2394527
HD 1461 b,HD 1461,Radial Velocity,2010.0,W. M. Keck Observatory,5.77152,2.42,6.44,,5765.0,1.152288,1.02,23.4534,4.6762645,-8.0536206
HD 1461 c,HD 1461,Radial Velocity,2015.0,La Silla Observatory,13.5052,2.23,5.59,,5765.0,1.152288,1.02,23.4534,4.6762645,-8.0536206
HD 147018 b,HD 147018,Radial Velocity,2009.0,La Silla Observatory,44.236,13.4,674.0,,5441.0,0.937948,0.927,40.4256,245.7490012,-61.6901291
HD 147018 c,HD 147018,Radial Velocity,2009.0,La Silla Observatory,1008.0,12.7,2080.0,,5441.0,0.937948,0.927,40.4256,245.7490012,-61.6901291
HD 147379 b,HD 147379,Radial Velocity,2017.0,Calar Alto Observatory,86.58,4.94,21.6,,4090.0,0.628304,0.58,10.7643,244.1725686,67.2392041
HD 147513 b,HD 147513,Radial Velocity,2003.0,La Silla Observatory,528.4,13.7,385.0,,5883.0,0.98,1.11,12.9032,246.0057894,-39.1929661
HD 14787 b,HD 14787,Radial Velocity,2018.0,W. M. Keck Observatory,676.6,13.7,356.28743,,4946.0,5.01,1.43,119.137,35.8085099,10.8367972
HD 147873 b,HD 147873,Radial Velocity,2016.0,Multiple Observatories,116.596,12.8,1633.6462,,5972.0,2.29,1.38,109.055,246.4380471,-33.5672217
HD 147873 c,HD 147873,Radial Velocity,2016.0,Multiple Observatories,491.54,13.3,731.009,,5972.0,2.29,1.38,109.055,246.4380471,-33.5672217
HD 148156 b,HD 148156,Radial Velocity,2009.0,La Silla Observatory,1027.0,13.9,270.144,,6308.0,1.21,1.22,57.1289,247.0723035,-46.3175085
HD 148164 b,HD 148164,Radial Velocity,2018.0,W. M. Keck Observatory,328.55,13.7,390.9309,,6032.0,1.34,1.21,77.1971,246.4351678,11.9190729
HD 148164 c,HD 148164,Radial Velocity,2018.0,W. M. Keck Observatory,5062.0,12.8,1640.0028,,6032.0,1.34,1.21,77.1971,246.4351678,11.9190729
HD 149026 b,HD 149026,Radial Velocity,2005.0,Subaru Telescope,2.87589,8.29466,120.7754,1626.0,6179.0,1.41,1.42,75.8643,247.6229827,38.3475349
HD 149143 b,HD 149143,Radial Velocity,2005.0,Haute-Provence Observatory,4.07182,13.6,422.7139,,5856.0,1.44,1.2,73.2801,248.2126715,2.0844547
HD 149806 b,HD 149806,Radial Velocity,2022.0,Multiple Observatories,16521.52778,12.3,4003.68444298,,5352.05,0.89,0.93,20.2727,249.2855187,0.2546794
HD 150010 b,HD 150010,Radial Velocity,2022.0,Bohyunsan Optical Astronomical Observatory,562.0,13.3,762.7881768,,4153.0,16.2,1.3,144.49,247.8670682,72.6125804
HD 1502 b,HD 1502,Radial Velocity,2011.0,W. M. Keck Observatory,428.5,13.2,874.0325,,4947.0,4.67,1.46,190.953,4.8214389,14.054683
HD 150706 b,HD 150706,Radial Velocity,2012.0,Haute-Provence Observatory,5894.0,13.3,772.32302901,,5961.0,0.96,1.17,28.2697,247.8255687,79.7894032
HD 151450 b,HD 151450,Radial Velocity,2022.0,Multiple Observatories,21.89288,6.94,38.45723725,,6091.98,1.17184,1.14,43.6002,252.0080127,-15.964345
HD 151450 c,HD 151450,Radial Velocity,2022.0,Multiple Observatories,18144.76236,12.8,1636.18063924,,6091.98,1.17184,1.14,43.6002,252.0080127,-15.964345
HD 152079 b,HD 152079,Radial Velocity,2009.0,Las Campanas Observatory,2918.92,13.2,845.74563,,5907.0,1.128,1.147,87.8888,253.3732313,-46.3333582
HD 152581 b,HD 152581,Radial Velocity,2011.0,W. M. Keck Observatory,686.5,13.4,594.02427,,5027.0,5.14,1.3,165.76,253.4316451,11.9736828
HD 152843 b,HD 152843,Transit,2021.0,Transiting Exoplanet Survey Satellite (TESS),11.62071,3.05,9.82,1003.11,6310.0,1.43,1.15,107.898,253.7848853,20.491524
HD 152843 c,HD 152843,Transit,2021.0,Transiting Exoplanet Survey Satellite (TESS),19.502104,5.94,9.67,253.08,6310.0,1.43,1.15,107.898,253.7848853,20.491524
HD 15337 b,HD 15337,Transit,2019.0,Transiting Exoplanet Survey Satellite (TESS),4.7559804,1.77,6.519,1001.0,5131.0,0.855,0.829,44.8155,36.8678846,-27.6361171
HD 15337 c,HD 15337,Transit,2019.0,Transiting Exoplanet Survey Satellite (TESS),17.180546,2.526,6.792,656.1,5131.0,0.855,0.829,44.8155,36.8678846,-27.6361171
HD 153557 b,HD 153557,Radial Velocity,2022.0,Multiple Observatories,7.29903,4.77,20.34101805,,4837.0,0.745171,0.79,17.9412,254.4706516,47.3678558
HD 153557 c,HD 153557,Radial Velocity,2022.0,Multiple Observatories,15.27018,4.36,17.48056238,,4837.0,0.745171,0.79,17.9412,254.4706516,47.3678558
HD 153557 d,HD 153557,Radial Velocity,2022.0,Multiple Observatories,40654.64809,11.9,8725.66108578,,4837.0,0.745171,0.79,17.9412,254.4706516,47.3678558
HD 153950 b,HD 153950,Radial Velocity,2008.0,La Silla Observatory,499.39999,13.2,937.5985,,6124.0,1.28,1.25,48.4549,256.1292826,-43.3103753
HD 154088 b,HD 154088,Radial Velocity,2021.0,La Silla Observatory,18.56,2.46,6.6,,5374.0,0.95,0.91,18.2692,256.1164214,-28.5838342
HD 154345 b,HD 154345,Radial Velocity,2006.0,W. M. Keck Observatory,3280.0,13.7,376.9444907,,5468.0,0.85,0.89,18.284,255.6524619,47.0855544
HD 154391 b,HD 154391,Radial Velocity,2023.0,Multiple Observatories,5163.0,12.5,2892.2385037,,4909.0,8.56,2.07,100.947,255.3201345,60.6489226
HD 154672 b,HD 154672,Radial Velocity,2008.0,Las Campanas Observatory,163.94,12.8,1706.7471,,5743.0,1.32,1.18,63.0484,257.520697,-56.4498041
HD 154857 b,HD 154857,Radial Velocity,2004.0,Anglo-Australian Telescope,408.60001,13.3,778.6835,,5589.0,2.3,1.96,63.4482,257.816194,-56.681038
HD 154857 c,HD 154857,Radial Velocity,2014.0,Anglo-Australian Telescope,3452.0,13.2,819.97,,5605.0,1.76,1.718,63.4482,257.816194,-56.681038
HD 155193 b,HD 155193,Radial Velocity,2021.0,Haute-Provence Observatory,352.65,14.0,238.37130525,,6239.0,1.76439,1.221,57.7995,257.4208876,10.0381003
HD 155358 b,HD 155358,Radial Velocity,2007.0,McDonald Observatory,194.3,13.8,314.6517,,5905.0,1.38,1.15,43.6197,257.3930947,33.3549277
HD 155358 c,HD 155358,Radial Velocity,2007.0,McDonald Observatory,391.9,13.9,261.0,,5900.0,1.38,0.92,43.6197,257.3930947,33.3549277
HD 155918 b,HD 155918,Radial Velocity,2022.0,Multiple Observatories,1.87567,2.67,7.62788177,,5771.84,1.01906,1.03,27.561,260.5364025,-75.349239
HD 155918 c,HD 155918,Radial Velocity,2022.0,Multiple Observatories,17202.19446,12.8,1878.04805696,,5771.84,1.01906,1.03,27.561,260.5364025,-75.349239
HD 156098 b,HD 156098,Radial Velocity,2022.0,Multiple Observatories,21.85849,4.12,15.89142035,,6419.19,2.75716,1.29,48.249,259.264687,-32.6630768
HD 156098 c,HD 156098,Radial Velocity,2022.0,Multiple Observatories,7841.5839,12.8,1661.6069118,,6419.19,2.75716,1.29,48.249,259.264687,-32.6630768
HD 156279 b,HD 156279,Radial Velocity,2011.0,Haute-Provence Observatory,133.40355,12.5,2997.75753482,,5453.0,0.95,0.94,36.1945,258.0966686,63.3527828
HD 156279 c,HD 156279,Radial Velocity,2016.0,W. M. Keck Observatory,4818.25358,12.5,3098.82696825,,5453.0,0.95,0.94,36.1945,258.0966686,63.3527828
HD 156411 b,HD 156411,Radial Velocity,2009.0,La Silla Observatory,842.2,14.0,235.18,,5900.0,2.16,1.25,56.8655,259.9639522,-48.5502313
HD 156668 b,HD 156668,Radial Velocity,2010.0,W. M. Keck Observatory,4.6455,1.87,4.15,,4850.0,0.72,0.772,24.3323,259.4183491,29.228161
HD 156668 c,HD 156668,Radial Velocity,2021.0,Multiple Observatories,811.3,6.17,31.49679513,,4903.69,0.774528,0.785167,24.3323,259.4183491,29.228161
HD 156846 b,HD 156846,Radial Velocity,2007.0,La Silla Observatory,359.51001,12.4,3391.2461,,6090.0,1.9,1.38,47.7332,260.1423366,-19.334365
HD 158038 b,HD 158038,Radial Velocity,2011.0,W. M. Keck Observatory,521.0,13.5,486.2799,,4860.0,4.5,1.3,94.8625,261.4395312,27.3030721
HD 158259 b,HD 158259,Radial Velocity,2020.0,Haute-Provence Observatory,2.178,1.28228,2.22,1462.0,5801.89,1.21,1.08,27.0498,261.3495847,52.7904721
HD 158259 c,HD 158259,Radial Velocity,2020.0,Haute-Provence Observatory,3.432,2.23,5.6,,5801.89,1.21,1.08,27.0498,261.3495847,52.7904721
HD 158259 d,HD 158259,Radial Velocity,2020.0,Haute-Provence Observatory,5.1980814,2.18,5.41,,5801.89,1.21,1.08,27.0498,261.3495847,52.7904721
HD 158259 e,HD 158259,Radial Velocity,2020.0,Haute-Provence Observatory,7.951,2.34,6.08,,5801.89,1.21,1.08,27.0498,261.3495847,52.7904721
HD 158259 f,HD 158259,Radial Velocity,2020.0,Haute-Provence Observatory,12.028,2.35,6.14,,5801.89,1.21,1.08,27.0498,261.3495847,52.7904721
HD 158996 b,HD 158996,Radial Velocity,2018.0,Bohyunsan Optical Astronomical Observatory,820.2,12.3,4449.62,,4069.0,50.3,1.8,283.659,259.9051092,80.1364033
HD 15906 b,HD 15906,Transit,2023.0,Transiting Exoplanet Survey Satellite (TESS),10.924709,2.24,5.65,668.0,4757.0,0.762,0.79,45.5621,38.2712534,-10.352178
HD 15906 c,HD 15906,Transit,2023.0,Transiting Exoplanet Survey Satellite (TESS),21.583298,2.93,8.91,532.0,4757.0,0.762,0.79,45.5621,38.2712534,-10.352178
HD 159243 b,HD 159243,Radial Velocity,2013.0,Haute-Provence Observatory,12.62,13.7,359.13,,6123.0,1.12,1.125,73.3055,263.3395365,5.7008254
HD 159243 c,HD 159243,Radial Velocity,2013.0,Haute-Provence Observatory,248.4,13.4,603.9,,6123.0,1.12,1.125,73.3055,263.3395365,5.7008254
HD 159868 b,HD 159868,Radial Velocity,2006.0,Anglo-Australian Telescope,1184.1,13.3,704.94694,,5534.0,2.13,1.19,55.8503,264.7466665,-43.1462347
HD 159868 c,HD 159868,Radial Velocity,2012.0,Anglo-Australian Telescope,351.0,14.0,244.09344,,5534.0,2.13,1.19,55.8503,264.7466665,-43.1462347
HD 1605 b,HD 1605,Radial Velocity,2015.0,Multiple Observatories,577.2,13.8,296.85322,,4915.0,3.49,1.33,88.8047,5.1317548,30.9750611
HD 1605 c,HD 1605,Radial Velocity,2015.0,Multiple Observatories,2149.0,13.0,1150.5446,,4915.0,3.49,1.33,88.8047,5.1317548,30.9750611
HD 160691 b,HD 160691,Radial Velocity,2000.0,Anglo-Australian Telescope,645.0,,1366.6621501,,5773.0,1.33,1.13,15.5981,266.0361585,-51.8348751
HD 160691 c,HD 160691,Radial Velocity,2004.0,Anglo-Australian Telescope,3947.0,,1398.4449908,,5773.0,1.33,1.13,15.5981,266.0361585,-51.8348751
HD 160691 d,HD 160691,Radial Velocity,2004.0,La Silla Observatory,9.6392,3.23,10.49,900.0,5773.0,1.33,1.13,15.5981,266.0361585,-51.8348751
HD 160691 e,HD 160691,Radial Velocity,2006.0,La Silla Observatory,307.9,,2224.798849,,5773.0,1.33,1.13,15.5981,266.0361585,-51.8348751
HD 161178 b,HD 161178,Radial Velocity,2021.0,Okayama Astrophysical Observatory,279.3,14.1,181.16219199,,4786.0,10.95,1.06,107.188,264.2873565,72.455859
HD 16141 b,HD 16141,Radial Velocity,2000.0,W. M. Keck Observatory,75.523,10.9,82.6358,,5757.0,1.48,1.11,37.7861,38.8323674,-3.5624887
HD 16175 b,HD 16175,Radial Velocity,2009.0,Lick Observatory,990.0,12.8,1875.1876013,,5981.0,1.72,1.63,59.859,39.2577379,42.0624526
HD 162020 b,HD 162020,Radial Velocity,2002.0,La Silla Observatory,8.4282,12.5,3127.4472,650.0,4723.0,0.75,0.42,30.8248,267.6599252,-40.3184646
HD 163607 b,HD 163607,Radial Velocity,2010.0,W. M. Keck Observatory,75.2203,13.9,249.051588,,5522.0,1.76,1.12,67.7855,268.4181383,56.3924701
HD 163607 c,HD 163607,Radial Velocity,2010.0,W. M. Keck Observatory,1272.0,13.3,699.54383,,5522.0,1.76,1.12,67.7855,268.4181383,56.3924701
HD 16417 b,HD 16417,Radial Velocity,2008.0,Anglo-Australian Telescope,17.24,5.0,22.1,,5841.0,1.639984,1.2,25.3936,39.2441029,-34.5790905
HD 164509 b,HD 164509,Radial Velocity,2010.0,W. M. Keck Observatory,280.17,14.3,140.79869,,5859.0,1.11,1.12,53.1119,270.3800811,0.1044685
HD 164595 b,HD 164595,Radial Velocity,2015.0,Haute-Provence Observatory,40.0,4.16,16.14,,5790.0,1.023606,0.99,28.254,270.1613723,29.5726698
HD 164604 b,HD 164604,Radial Velocity,2009.0,Las Campanas Observatory,653.9,12.3,4195.3349724,,4663.0,0.78,0.77,39.3633,270.7787177,-28.5608343
HD 164604 c,HD 164604,Radial Velocity,2026.0,Las Campanas Observatory,5387.0,12.5,3019.3698665,,4663.0,0.78,0.77,39.3633,270.7787177,-28.5608343
HD 164922 b,HD 164922,Radial Velocity,2005.0,W. M. Keck Observatory,1207.0,13.3,116.0,159.4,5390.0,0.946,0.926,22.0016,270.6304652,26.3104077
HD 164922 c,HD 164922,Radial Velocity,2016.0,Multiple Observatories,75.74,3.66,13.0,400.5,5390.0,0.946,0.926,22.0016,270.6304652,26.3104077
HD 164922 d,HD 164922,Radial Velocity,2020.0,Roque de los Muchachos Observatory,12.458,1.83,4.0,,5390.0,0.946,0.926,22.0016,270.6304652,26.3104077
HD 164922 e,HD 164922,Radial Velocity,2021.0,Multiple Observatories,41.763,3.23,10.52012027,,5393.43,1.001813,0.921146,22.0016,270.6304652,26.3104077
HD 165131 b,HD 165131,Radial Velocity,2023.0,Multiple Facilities,2342.6,12.1,5943.3912109,,5870.0,1.06419,1.06,57.4263,271.3444007,-21.6737039
HD 165155 b,HD 165155,Radial Velocity,2016.0,Multiple Observatories,434.5,13.2,918.5287,,5426.0,0.95,1.02,63.3574,271.4893395,-29.9172536
HD 1666 b,HD 1666,Radial Velocity,2015.0,Multiple Observatories,270.0,12.7,2040.0,,6317.0,1.93,1.5,117.908,5.2180424,-19.9314823
HD 166724 b,HD 166724,Radial Velocity,2012.0,La Silla Observatory,5144.0,13.0,1207.7479466,,5127.0,0.797485,0.81,45.1342,273.4988604,-42.5757218
HD 167042 b,HD 167042,Radial Velocity,2007.0,Lick Observatory,417.67,13.6,444.00628458,,4919.0,4.63,1.39,49.6633,272.6326268,54.2876184
HD 167677 b,HD 167677,Radial Velocity,2023.0,Multiple Facilities,1820.0,13.2,905.81095995,,5474.0,0.95271,0.96,54.3258,274.2067844,-11.4067857
HD 167768 b,HD 167768,Radial Velocity,2022.0,Okayama Astrophysical Observatory,20.6532,13.9,270.15414595,,4851.0,9.7,1.08,107.214,274.2213308,-3.0085807
HD 168009 b,HD 168009,Radial Velocity,2021.0,Multiple Observatories,15.1479,3.05,9.53485221,,5778.33,1.209505,0.986073,23.3032,273.8847918,45.2088229
HD 168443 b,HD 168443,Radial Velocity,1998.0,W. M. Keck Observatory,58.11187,12.6,2424.3950886,,5491.0,1.711479,0.98,39.6245,275.0159879,-9.5966905
HD 168443 c,HD 168443,Radial Velocity,2000.0,W. M. Keck Observatory,1753.1096,12.2,5500.33841154,,5491.0,1.711479,0.98,39.6245,275.0159879,-9.5966905
HD 168746 b,HD 168746,Radial Velocity,2002.0,La Silla Observatory,6.404,11.1,85.8141,900.0,5570.0,1.09,1.07,41.5681,275.4573269,-11.9229757
HD 168863 b,HD 168863,Radial Velocity,2022.0,Multiple Observatories,14773.93272,12.7,2154.87659946,,4905.0,0.777826,0.8,39.8979,275.6642157,-18.0219726
HD 1690 b,HD 1690,Radial Velocity,2010.0,La Silla Observatory,533.0,12.5,2793.7257,,4374.0,21.66,1.86,752.615,5.3055886,-8.2811442
HD 16905 b,HD 16905,Radial Velocity,2022.0,Multiple Observatories,10256.0,12.4,3591.4609991,,4866.12,0.77494,0.85,39.7401,40.0136203,-61.3550396
HD 169142 b,HD 169142,Imaging,2023.0,Paranal Observatory,,13.1,953.485221,,7246.0,1.53702,1.85,113.6,276.1240717,-29.7805318
HD 169830 b,HD 169830,Radial Velocity,2000.0,La Silla Observatory,225.67372,13.2,804.42369812,345.0,6300.0,1.935709,1.17,37.6048,276.9561859,-29.8167919
HD 169830 c,HD 169830,Radial Velocity,2003.0,La Silla Observatory,1818.82339,12.6,2437.42605328,,6300.0,1.935709,1.17,37.6048,276.9561859,-29.8167919
HD 170469 b,HD 170469,Radial Velocity,2007.0,W. M. Keck Observatory,1145.0,14.1,209.7678,,5842.0,1.24,1.1,60.178,277.2955423,11.6954244
HD 17092 b,HD 17092,Radial Velocity,2007.0,McDonald Observatory,359.89999,12.5,3219.6179,,4326.0,13.58,6.73,228.422,41.5924261,49.6530375
HD 171028 b,HD 171028,Radial Velocity,2007.0,La Silla Observatory,550.0,13.2,832.7146,,5671.0,2.47,1.53,111.659,278.0643694,6.9456827
HD 171238 b,HD 171238,Radial Velocity,2009.0,La Silla Observatory,1515.0,12.5,2796.8899816,,5467.0,1.01,0.92,44.8113,278.6818389,-28.0727849
HD 17156 b,HD 17156,Radial Velocity,2007.0,Subaru Telescope,21.2164294,12.26262489,1036.12060682,888.0,6046.0,1.517,1.285,78.0863,42.4366123,71.7530882
HD 173416 b,HD 173416,Radial Velocity,2008.0,Xinglong Station,322.03,13.4,585.12209729,,4683.0,13.5,2.0,132.184,280.9005676,36.556857
HD 174205 b,HD 174205,Radial Velocity,2022.0,Bohyunsan Optical Astronomical Observatory,582.0,13.0,1334.8793094,,4308.0,26.6,1.8,234.027,280.7932014,70.7928237
HD 175167 b,HD 175167,Radial Velocity,2009.0,Las Campanas Observatory,1175.0,12.3,4703.8604236,,5635.0,1.75,1.09,71.0863,285.0033888,-69.9450664
HD 175541 b,HD 175541,Radial Velocity,2007.0,W. M. Keck Observatory,298.43,14.1,190.06234,,5013.0,4.19,1.39,129.603,283.9203211,4.2649344
HD 175607 b,HD 175607,Radial Velocity,2015.0,La Silla Observatory,29.01,,2456.1779293,,5392.0,0.7,0.71,40.3303,285.2742901,-66.1943379
HD 17674 b,HD 17674,Radial Velocity,2017.0,Haute-Provence Observatory,623.8,13.9,276.5121,,5904.0,1.18,0.98,44.4264,42.7684964,30.2865981
HD 176986 b,HD 176986,Radial Velocity,2017.0,Multiple Observatories,6.49164,,1487.75477317,767.0,4931.0,0.782,0.789,27.7843,285.7739138,-11.044941
HD 176986 c,HD 176986,Radial Velocity,2017.0,Multiple Observatories,16.8124,,2097.98531461,558.0,4931.0,0.782,0.789,27.7843,285.7739138,-11.044941
HD 176986 d,HD 176986,Radial Velocity,2026.0,Multiple Observatories,61.376,2.49,6.76,363.0,4931.0,0.782,0.789,27.7843,285.7739138,-11.044941
HD 177565 b,HD 177565,Radial Velocity,2017.0,La Silla Observatory,44.505,4.0,15.1,,5627.0,0.971489,1.0,16.9179,286.7175787,-37.8122394
HD 177830 b,HD 177830,Radial Velocity,1999.0,W. M. Keck Observatory,410.10001,13.5,537.1327,,4901.0,3.26,1.7,62.7674,286.3363574,25.9204327
HD 177830 c,HD 177830,Radial Velocity,2010.0,W. M. Keck Observatory,110.9,7.87,47.6725,,4949.0,2.62,1.47,62.7674,286.3363574,25.9204327
HD 178911 B b,HD 178911 B,Radial Velocity,2001.0,W. M. Keck Observatory,71.484,12.6,2552.1749,,5588.0,1.08,1.24,40.9727,287.2632091,34.6006972
HD 179079 b,HD 179079,Radial Velocity,2008.0,W. M. Keck Observatory,14.479,,4195.3349724,,5646.0,1.63,1.14,69.7116,287.7903733,-2.6387703
HD 179949 b,HD 179949,Radial Velocity,2000.0,Anglo-Australian Telescope,3.092514,13.9,291.12,,6168.0,1.266865,1.21,27.4573,288.8890182,-24.1797939
HD 180053 b,HD 180053,Radial Velocity,2018.0,W. M. Keck Observatory,213.72,13.3,697.31902,,5131.0,4.06,1.75,137.043,288.4008374,34.9146658
HD 18015 b,HD 18015,Radial Velocity,2018.0,W. M. Keck Observatory,2278.0,13.1,1048.8337431,,5603.0,3.13,1.49,123.801,43.3636339,-8.8480392
HD 180314 b,HD 180314,Radial Velocity,2010.0,Subaru Telescope,394.73,12.0,7216.92963775,,4917.0,9.2,2.6,122.362,288.7094401,31.8604391
HD 180617 b,HD 180617,Radial Velocity,2018.0,Calar Alto Observatory,105.911,3.53,12.214,,3534.0,0.481,0.484,5.91059,289.2277322,5.1631615
HD 180902 b,HD 180902,Radial Velocity,2009.0,W. M. Keck Observatory,510.9,13.5,535.54355,,4961.0,4.16,1.41,104.577,289.8239604,-23.5582432
HD 181234 b,HD 181234,Radial Velocity,2019.0,La Silla Observatory,7593.40512,12.5,2980.91262925,,5386.0,1.059423,0.94,47.7458,289.9998695,-9.32497
HD 181342 b,HD 181342,Radial Velocity,2009.0,W. M. Keck Observatory,564.1,13.2,807.2882,,4945.0,4.71,1.69,120.391,290.2674078,-23.6196996
HD 18143 b,HD 18143,Radial Velocity,2022.0,Multiple Observatories,10.2851,3.28,10.80616584,,5078.0,0.87,0.85,22.5243,43.9140248,26.8723829
HD 18143 c,HD 18143,Radial Velocity,2022.0,Multiple Observatories,28982.41764,12.5,3177.64841319,,5078.0,0.87,0.85,22.5243,43.9140248,26.8723829
HD 181433 b,HD 181433,Radial Velocity,2008.0,La Silla Observatory,9.3745,,1708.64551603,,4918.0,0.79,0.86,26.8762,291.2873731,-66.4677838
HD 181433 c,HD 181433,Radial Velocity,2008.0,La Silla Observatory,1018.5,,2207.00045821,,4918.0,0.79,0.86,26.8762,291.2873731,-66.4677838
HD 181433 d,HD 181433,Radial Velocity,2008.0,La Silla Observatory,6896.1,13.2,858.1366989,,4918.0,0.79,0.86,26.8762,291.2873731,-66.4677838
HD 181720 b,HD 181720,Radial Velocity,2009.0,La Silla Observatory,956.0,14.0,127.132,,5736.0,1.5,1.03,60.2046,290.7212224,-32.9208401
HD 183263 b,HD 183263,Radial Velocity,2004.0,W. M. Keck Observatory,624.87404,13.1,1103.1824007,,5948.0,1.23,1.06,54.1955,292.1022982,8.3579183
HD 183263 c,HD 183263,Radial Velocity,2008.0,W. M. Keck Observatory,4667.97841,12.5,2958.98246917,,5948.0,1.23,1.06,54.1955,292.1022982,8.3579183
HD 183579 b,HD 183579,Transit,2021.0,Transiting Exoplanet Survey Satellite (TESS),17.471291,3.49,20.4,752.0,5784.0,0.96,0.996,57.2651,293.2866147,-54.5327284
HD 184010 b,HD 184010,Radial Velocity,2022.0,Okayama Astrophysical Observatory,286.6,12.1,98.52680617,,4971.0,4.86,1.35,60.7993,292.8401421,26.6172796
HD 184010 c,HD 184010,Radial Velocity,2022.0,Okayama Astrophysical Observatory,484.3,11.8,95.3485221,,4971.0,4.86,1.35,60.7993,292.8401421,26.6172796
HD 184010 d,HD 184010,Radial Velocity,2022.0,Okayama Astrophysical Observatory,836.4,14.3,143.02278315,,4971.0,4.86,1.35,60.7993,292.8401421,26.6172796
HD 18438 b,HD 18438,Radial Velocity,2023.0,Bohyunsan Optical Astronomical Observatory,803.0,12.1,6674.396547,,3860.0,88.475,1.84,224.146,46.5318358,79.41858
HD 185269 b,HD 185269,Radial Velocity,2006.0,Lick Observatory,6.83776,13.8,321.0083,,5923.0,2.0,1.3,51.9917,294.2987668,28.499514
HD 185283 b,HD 185283,Radial Velocity,2023.0,La Silla Observatory,4060.0,13.6,413.1769291,,4848.0,0.743303,0.8,31.395,295.3233609,-56.3221096
HD 18599 b,HD 18599,Transit,2022.0,Transiting Exoplanet Survey Satellite (TESS),4.1374354,2.6,24.1,863.0,5145.0,0.767,0.863,38.5653,44.2620144,-56.1918694
HD 187085 b,HD 187085,Radial Velocity,2006.0,Anglo-Australian Telescope,1019.74,13.9,265.70588,,6117.0,1.27,1.189,45.8993,297.3915731,-37.7809929
HD 187123 b,HD 187123,Radial Velocity,1998.0,W. M. Keck Observatory,3.0965828,14.2,166.218,,5790.0,1.15043,1.04,45.9548,296.7428786,34.41899
HD 187123 c,HD 187123,Radial Velocity,2008.0,W. M. Keck Observatory,3810.0,13.2,912.16752809,,5790.0,1.15043,1.04,45.9548,296.7428786,34.41899
HD 18742 b,HD 18742,Radial Velocity,2011.0,W. M. Keck Observatory,766.0,13.1,1080.622,,4940.0,5.13,1.36,162.685,45.0443115,-20.8027024
HD 188015 b,HD 188015,Radial Velocity,2004.0,W. M. Keck Observatory,461.2,13.6,476.72,,5746.0,1.125296,1.09,50.6706,298.0191857,28.0999769
HD 188641 b,HD 188641,Radial Velocity,2022.0,Multiple Observatories,14583.81038,11.9,9333.03117155,,5897.32,1.94492,1.07,64.3399,299.4048303,-37.7448845
HD 189567 b,HD 189567,Radial Velocity,2021.0,La Silla Observatory,14.288,2.85,8.5,,5726.0,1.04,0.83,17.9055,301.3959616,-67.3237992
HD 189567 c,HD 189567,Radial Velocity,2021.0,La Silla Observatory,33.688,2.54,7.0,,5726.0,1.04,0.83,17.9055,301.3959616,-67.3237992
HD 189733 b,HD 189733,Radial Velocity,2005.0,Haute-Provence Observatory,2.21857567,12.66617,359.1479,1209.0,5052.0,0.75,0.79,19.7638,300.1821223,22.7097759
HD 190007 b,HD 190007,Radial Velocity,2020.0,Multiple Observatories,11.724128,4.06,15.5,,4610.0,0.79,0.77,12.7141,300.6956339,3.3266992
HD 190228 b,HD 190228,Radial Velocity,2022.0,Multiple Observatories,1143.59858,12.9,1598.67688721,,5360.0,2.58658,1.415,62.7146,300.7537294,28.3065564
HD 190360 b,HD 190360,Radial Velocity,2003.0,Haute-Provence Observatory,2892.0,13.5,533.95172376,150.0,5552.0,1.201,0.991,16.0069,300.9092476,29.894541
HD 190360 c,HD 190360,Radial Velocity,2005.0,W. M. Keck Observatory,17.1173,5.44,25.42627256,,5552.0,1.201,0.991,16.0069,300.9092476,29.894541
HD 190647 b,HD 190647,Radial Velocity,2007.0,La Silla Observatory,1176.45,13.4,630.89255,,5656.0,1.376,1.069,54.4738,301.8318167,-35.5395236
HD 190984 b,HD 190984,Radial Velocity,2009.0,La Silla Observatory,4885.0,13.0,1137.82569706,,5988.0,1.53,0.91,148.187,302.8779827,-64.6202728
HD 191806 b,HD 191806,Radial Velocity,2016.0,Haute-Provence Observatory,1603.38923,12.5,2966.61035094,,6010.0,1.40223,1.07,65.6668,302.368758,52.2767265
HD 191939 b,HD 191939,Transit,2020.0,Transiting Exoplanet Survey Satellite (TESS),8.8803256,3.41,10.0,880.0,5348.0,0.94,0.81,53.6089,302.0256247,66.8503014
HD 191939 c,HD 191939,Transit,2020.0,Transiting Exoplanet Survey Satellite (TESS),28.579743,3.195,8.0,600.0,5348.0,0.94,0.81,53.6089,302.0256247,66.8503014
HD 191939 d,HD 191939,Transit,2020.0,Transiting Exoplanet Survey Satellite (TESS),38.353037,2.995,2.8,540.0,5348.0,0.94,0.81,53.6089,302.0256247,66.8503014
HD 191939 e,HD 191939,Radial Velocity,2022.0,W. M. Keck Observatory,101.12,13.0,112.2,390.0,5348.0,0.94,0.81,53.6089,302.0256247,66.8503014
HD 191939 f,HD 191939,Radial Velocity,2022.0,W. M. Keck Observatory,2898.0,13.2,915.34581216,125.0,5348.0,0.94,0.81,53.6089,302.0256247,66.8503014
HD 191939 g,HD 191939,Radial Velocity,2022.0,Multiple Observatories,284.0,3.74,13.5,278.0,5348.0,0.94,0.81,53.6089,302.0256247,66.8503014
HD 192263 b,HD 192263,Radial Velocity,1999.0,La Silla Observatory,24.3556,14.2,177.9848,486.0,4976.0,0.74,0.66,19.6359,303.4990864,-0.8657574
HD 192310 b,HD 192310,Radial Velocity,2011.0,La Silla Observatory,74.72,4.27,16.9,355.0,5166.0,0.857922,0.8,8.79687,303.8284712,-27.0337556
HD 192310 c,HD 192310,Radial Velocity,2011.0,La Silla Observatory,525.8,5.25,24.0,185.0,5166.0,0.857922,0.8,8.79687,303.8284712,-27.0337556
HD 192699 b,HD 192699,Radial Velocity,2007.0,Lick Observatory,340.94,13.4,666.17168,,5041.0,4.41,1.38,71.8627,304.0248392,4.5805708
HD 194490 b,HD 194490,Radial Velocity,2022.0,Multiple Observatories,13092.18348,12.4,3561.90295725,,5861.32,1.14911,1.06,80.2349,306.9980087,-51.6644646
HD 195019 b,HD 195019,Radial Velocity,1998.0,Lick Observatory,18.20132,13.0,1264.9634,,5751.0,1.48,1.21,37.6681,307.0792427,18.7692509
HD 196050 b,HD 196050,Radial Velocity,2002.0,Anglo-Australian Telescope,1392.0,12.9,1493.7935129,,5879.0,1.42,1.27,50.6742,309.4637796,-60.6347649
HD 196067 b,HD 196067,Radial Velocity,2012.0,La Silla Observatory,3413.7,12.4,3623.2438398,,6072.0,1.71,1.16,39.9346,310.4364195,-75.3514992
HD 196067 c,HD 196067,Radial Velocity,2025.0,La Silla Observatory,4.601088,3.21,10.4,,6072.0,1.71,1.16,39.9346,310.4364195,-75.3514992
HD 19615 b,HD 19615,Radial Velocity,2022.0,Bohyunsan Optical Astronomical Observatory,402.0,12.6,2701.5414595,,4263.0,32.3,1.1,265.155,48.7813299,73.868015
HD 196885 A b,HD 196885 A,Radial Velocity,2007.0,Haute-Provence Observatory,1333.0,13.2,819.97,,6254.0,1.31,1.28,34.1692,309.9664609,11.2500236
HD 197037 b,HD 197037,Radial Velocity,2012.0,McDonald Observatory,1035.7,13.9,251.0,,6150.0,1.105,1.11,33.1944,309.8869681,42.247593
HD 199509 b,HD 199509,Radial Velocity,2022.0,Multiple Observatories,99.62167,7.43,43.22466335,,5796.02,0.92,1.04,24.3056,317.3445632,-82.0274926
HD 19994 b,HD 19994,Radial Velocity,2003.0,La Silla Observatory,466.2,13.6,435.41,,6188.0,1.79647,1.365,22.5242,48.1943193,-1.1963955
HD 20003 b,HD 20003,Radial Velocity,2019.0,La Silla Observatory,11.8482,3.43,11.66,,5494.0,0.921637,0.875,41.8316,46.9090081,-72.3219221
HD 20003 c,HD 20003,Radial Velocity,2019.0,La Silla Observatory,33.9239,3.89,14.44,,5494.0,0.921637,0.875,41.8316,46.9090081,-72.3219221
HD 200964 b,HD 200964,Radial Velocity,2010.0,Lick Observatory,606.3,13.5,508.21017,,4982.0,4.92,1.39,72.5922,316.6664183,3.8033357
HD 200964 c,HD 200964,Radial Velocity,2010.0,Lick Observatory,852.5,13.7,385.84562,,4982.0,4.92,1.39,72.5922,316.6664183,3.8033357
HD 202206 c,HD 202206,Radial Velocity,2004.0,La Silla Observatory,1260.0,12.2,5689.157,,5766.0,1.04,1.07,45.9665,318.7405221,-20.7897284
HD 202696 b,HD 202696,Radial Velocity,2019.0,W. M. Keck Observatory,517.8,,634.38868,,5040.0,6.43,1.91,188.546,319.2250346,27.2582799
HD 202696 c,HD 202696,Radial Velocity,2019.0,W. M. Keck Observatory,946.6,,592.43512,,5040.0,6.43,1.91,188.546,319.2250346,27.2582799
HD 202772 A b,HD 202772 A,Transit,2019.0,Transiting Exoplanet Survey Satellite (TESS),3.3088775,18.2370116,323.54931833,2181.0,6442.0,2.554,1.721,161.498,319.6995877,-26.6163743
HD 203030 b,HD 203030,Imaging,2006.0,Palomar Observatory,,14.4595851,3496.112477,1040.0,5603.0,0.856458,0.94,39.2503,319.7432238,26.2305846
HD 20329 b,HD 20329,Transit,2022.0,Transiting Exoplanet Survey Satellite (TESS),0.926118,1.72,7.42,2141.0,5596.0,1.13,0.9,63.6796,49.178124,15.6563542
HD 203387 b,HD 203387,Radial Velocity,2022.0,Multiple Observatories,512.5352,13.1,1106.04285636,,5174.32,10.5852,2.817,61.7477,320.561782,-16.8345229
HD 203387 c,HD 203387,Radial Velocity,2022.0,Multiple Observatories,2481.07227,12.6,2378.9456264,,5174.32,10.5852,2.817,61.7477,320.561782,-16.8345229
HD 2039 b,HD 2039,Radial Velocity,2002.0,Anglo-Australian Telescope,1120.0,12.7,1999.1507,,5945.0,1.19,1.23,85.6922,6.0851069,-56.649988
HD 204313 b,HD 204313,Radial Velocity,2010.0,La Silla Observatory,2041.11539,12.9,1466.7780983,,5767.0,1.1,1.03,47.7945,322.0510568,-21.7274194
HD 204313 c,HD 204313,Radial Velocity,2015.0,La Silla Observatory,34.95875,4.31,17.16273398,,5767.0,1.1,1.03,47.7945,322.0510568,-21.7274194
HD 204313 e,HD 204313,Radial Velocity,2022.0,Multiple Observatories,7325.64666,12.2,4868.17771002,,5767.0,1.1,1.03,47.7945,322.0510568,-21.7274194
HD 204941 b,HD 204941,Radial Velocity,2011.0,La Silla Observatory,1733.0,10.1,73.1009,,5026.0,0.78,0.58,28.7165,323.0966714,-20.957957
HD 205158 b,HD 205158,Radial Velocity,2022.0,Multiple Observatories,25.33798,13.9,124.58873554,,6133.55,1.87741,1.16,86.6159,323.9186227,-59.6933144
HD 205739 b,HD 205739,Radial Velocity,2008.0,Las Campanas Observatory,279.8,13.6,435.41,,6176.0,1.33,1.22,92.5087,324.5351273,-31.7378373
HD 206255 b,HD 206255,Radial Velocity,2019.0,Las Campanas Observatory,96.045,6.47,34.2,,5635.0,2.221489,1.42,75.2363,325.5917768,-50.0935884
HD 206610 b,HD 206610,Radial Velocity,2009.0,W. M. Keck Observatory,673.2,13.4,647.10188,,4842.0,6.12,1.55,147.192,325.8537599,-7.4082451
HD 206893 b,HD 206893,Imaging,2021.0,Gemini Observatory,11100.0,14.01122587,6197.6539365,1429.2,6500.0,1.31116,1.31,40.7583,326.3416874,-12.7833522
HD 206893 c,HD 206893,Imaging,2022.0,European Southern Observatory,2290.0,16.36511182,3527.8953177,1181.9,6500.0,1.31116,1.31,40.7583,326.3416874,-12.7833522
HD 207496 b,HD 207496,Transit,2023.0,Transiting Exoplanet Survey Satellite (TESS),6.441008,2.25,6.1,743.0,4819.0,0.769,0.8,23.606,328.7181708,-77.3388025
HD 20781 b,HD 20781,Radial Velocity,2019.0,La Silla Observatory,5.3135,1.21,1.93,,5256.0,0.833609,0.7,35.9715,50.0139757,-28.7841175
HD 20781 c,HD 20781,Radial Velocity,2019.0,La Silla Observatory,13.8905,2.17,5.33,,5256.0,0.833609,0.7,35.9715,50.0139757,-28.7841175
HD 20781 d,HD 20781,Radial Velocity,2019.0,La Silla Observatory,29.158,3.25,10.61,,5256.0,0.833609,0.7,35.9715,50.0139757,-28.7841175
HD 20781 e,HD 20781,Radial Velocity,2019.0,La Silla Observatory,85.5073,3.83,14.03,,5256.0,0.833609,0.7,35.9715,50.0139757,-28.7841175
HD 20782 b,HD 20782,Radial Velocity,2006.0,Anglo-Australian Telescope,597.0643,13.6,472.83,,5782.13,1.12681,1.04,35.9864,50.0166232,-28.8543535
HD 207832 b,HD 207832,Radial Velocity,2012.0,W. M. Keck Observatory,160.07,14.2,177.9848,,5726.0,0.89,1.05,58.9291,328.1517893,-26.0271749
HD 207832 c,HD 207832,Radial Velocity,2012.0,W. M. Keck Observatory,1155.7,14.0,232.0159,,5710.0,0.901,0.94,58.9291,328.1517893,-26.0271749
HD 207897 b,HD 207897,Transit,2021.0,Transiting Exoplanet Survey Satellite (TESS),16.20166,2.34302132,14.8,581.75,5106.0,0.7827,0.8208,28.2938,325.2016451,84.3337613
HD 20794 b,HD 20794,Radial Velocity,2011.0,La Silla Observatory,18.314,1.45,2.7,660.0,5368.0,0.93,0.79,6.00278,49.9997666,-43.0666533
HD 20794 d,HD 20794,Radial Velocity,2011.0,La Silla Observatory,89.68,2.04,4.8,388.0,5368.0,0.93,0.79,6.00278,49.9997666,-43.0666533
HD 20794 e,HD 20794,Radial Velocity,2017.0,La Silla Observatory,147.02,2.03,4.77,,5401.0,0.93,0.813,6.00278,49.9997666,-43.0666533
HD 20794 f,HD 20794,Radial Velocity,2025.0,Multiple Observatories,647.6,2.28,5.82,,5368.0,0.93,0.79,6.00278,49.9997666,-43.0666533
HD 208487 b,HD 208487,Radial Velocity,2004.0,Anglo-Australian Telescope,129.36,14.3,146.20106722,,6134.0,1.16,1.15,45.147,329.3332489,-37.7641354
HD 208527 b,HD 208527,Radial Velocity,2012.0,Bohyunsan Optical Astronomical Observatory,875.5,12.5,3146.4,,4035.0,51.1,1.6,312.202,329.0999413,21.239922
HD 20868 b,HD 20868,Radial Velocity,2008.0,La Silla Observatory,380.85001,13.7,397.2875,,4802.0,0.76,0.39,47.7223,50.1794053,-33.72969
HD 208897 b,HD 208897,Radial Velocity,2017.0,Multiple Observatories,358.27,13.7,379.48711796,,4860.0,4.98,1.25,67.4872,329.7490639,19.0201591
HD 209458 b,HD 209458,Radial Velocity,1999.0,W. M. Keck Observatory,3.52474859,15.58051,232.0159,1459.0,6091.0,1.19,1.23,48.3016,330.7950219,18.8842419
HD 210193 b,HD 210193,Radial Velocity,2019.0,Las Campanas Observatory,649.918,14.3,153.1,,5790.0,1.05971,1.04,42.2029,332.3951324,-41.225205
HD 210277 b,HD 210277,Radial Velocity,1998.0,W. M. Keck Observatory,442.19,13.6,410.0007,,5538.0,1.07,1.01,21.2985,332.3748117,-7.5505962
HD 210702 b,HD 210702,Radial Velocity,2007.0,Lick Observatory,355.5,13.6,481.5100366,,4912.0,4.54,1.33,54.1963,332.9638643,16.0404806
HD 211403 b,HD 211403,Radial Velocity,2021.0,Haute-Provence Observatory,223.8,12.8,1760.76937478,380.0,6273.0,1.206,1.2,83.0919,333.8158177,58.2755601
HD 211810 b,HD 211810,Radial Velocity,2018.0,W. M. Keck Observatory,1558.0,14.0,212.9461,,5652.0,1.13,1.03,64.6353,334.5286724,61.1349912
HD 211970 b,HD 211970,Radial Velocity,2019.0,Las Campanas Observatory,25.201,3.66,13.0,,4127.0,0.574175,0.61,13.1277,335.5661579,-54.5596006
HD 212301 b,HD 212301,Radial Velocity,2005.0,La Silla Observatory,2.24571,14.2,162.0933,,6239.0,1.16,1.55,54.2304,336.8803957,-77.7183219
HD 212771 b,HD 212771,Radial Velocity,2009.0,W. M. Keck Observatory,380.7,13.3,759.6137,,5003.0,5.27,1.56,111.155,336.762413,-17.2641046
HD 213240 b,HD 213240,Radial Velocity,2001.0,La Silla Observatory,882.70001,12.8,1655.88600047,,5979.0,1.51,1.57,40.8707,337.7506266,-49.4341037
HD 213472 b,HD 213472,Radial Velocity,2021.0,Multiple Observatories,17000.0,13.1,1112.3994245,,5729.54,1.433902,1.048132,64.4527,337.7069969,40.7222277
HD 213519 b,HD 213519,Radial Velocity,2022.0,Multiple Observatories,11.12214,2.99,9.2170238,,5840.0,1.08287,1.05,41.0014,337.7727845,45.1452472
HD 213885 b,HD 213885,Transit,2019.0,Transiting Exoplanet Survey Satellite (TESS),1.008035,1.745,8.83,2128.0,5978.0,1.1011,1.068,48.0883,338.9837166,-59.864829
HD 213885 c,HD 213885,Radial Velocity,2019.0,Multiple Observatories,4.78503,4.71,19.95,1265.4,5978.0,1.1011,1.068,48.0883,338.9837166,-59.864829
HD 21411 b,HD 21411,Radial Velocity,2019.0,Las Campanas Observatory,84.288,9.52,65.9,,5605.0,0.825605,0.89,29.1328,51.5474155,-30.6168403
HD 214823 b,HD 214823,Radial Velocity,2016.0,Haute-Provence Observatory,1854.84424,12.1,5914.78665427,,6215.0,2.04,1.115,101.368,340.0832062,31.7875183
HD 215152 b,HD 215152,Radial Velocity,2018.0,La Silla Observatory,5.75999,,565.41673605,,4935.0,0.73,0.77,21.5974,340.8380941,-6.4020685
HD 215152 c,HD 215152,Radial Velocity,2018.0,La Silla Observatory,7.28243,,468.79690033,,4935.0,0.73,0.77,21.5974,340.8380941,-6.4020685
HD 215152 d,HD 215152,Radial Velocity,2018.0,La Silla Observatory,10.86499,,770.41605857,,4935.0,0.73,0.77,21.5974,340.8380941,-6.4020685
HD 215152 e,HD 215152,Radial Velocity,2018.0,La Silla Observatory,25.1967,,975.41538108,,4935.0,0.73,0.77,21.5974,340.8380941,-6.4020685
HD 21520 b,HD 21520,Transit,2024.0,Transiting Exoplanet Survey Satellite (TESS),25.1292,2.697,17.7,637.0,5871.0,1.044,1.09,79.208,51.6403449,-43.6136649
HD 215497 b,HD 215497,Radial Velocity,2009.0,La Silla Observatory,3.93404,,1588.82420659,,5110.0,0.85,0.67,40.5468,341.652714,-56.5997984
HD 215497 c,HD 215497,Radial Velocity,2009.0,La Silla Observatory,566.0,13.0,111.23994245,,5113.0,0.85,0.92,40.5468,341.652714,-56.5997984
HD 216435 b,HD 216435,Radial Velocity,2002.0,Anglo-Australian Telescope,1311.0,13.7,400.4,,5999.0,1.800029,1.3,32.9834,343.4094703,-48.5986332
HD 216437 b,HD 216437,Radial Velocity,2002.0,Anglo-Australian Telescope,1359.0,13.0,1334.8793094,,5909.0,1.394,1.22,26.6902,343.6639631,-70.0733957
HD 216520 b,HD 216520,Radial Velocity,2020.0,Multiple Observatories,35.45,3.18,10.26,,5103.0,0.76,0.82,19.552,341.8768719,83.6975307
HD 216520 c,HD 216520,Radial Velocity,2020.0,Multiple Observatories,154.43,3.03,9.44,,5103.0,0.76,0.82,19.552,341.8768719,83.6975307
HD 216536 b,HD 216536,Radial Velocity,2015.0,McDonald Observatory,148.60001,13.8,333.7215,,4639.0,9.83,0.81,376.233,343.2665641,44.4777303
HD 216770 b,HD 216770,Radial Velocity,2003.0,La Silla Observatory,118.45,14.1,181.1631,,5399.0,0.93,0.74,36.6625,343.9748751,-26.6595286
HD 21693 b,HD 21693,Radial Velocity,2019.0,La Silla Observatory,22.6786,2.8,8.23,,5430.0,0.914378,0.8,33.255,51.8040469,-58.3232726
HD 21693 c,HD 21693,Radial Velocity,2019.0,La Silla Observatory,53.7357,4.34,17.37,,5430.0,0.914378,0.8,33.255,51.8040469,-58.3232726
HD 217107 b,HD 217107,Radial Velocity,1998.0,Lick Observatory,7.1270166,13.6,459.57987652,,5622.0,1.2245,1.045,20.0619,344.5647243,-2.3954489
HD 217107 c,HD 217107,Radial Velocity,2005.0,Lick Observatory,5138.7,12.9,1388.91013859,,5622.0,1.2245,1.045,20.0619,344.5647243,-2.3954489
HD 21749 c,GJ 143,Transit,2019.0,Transiting Exoplanet Survey Satellite (TESS),7.78993,0.892,3.7,701.0,4640.0,0.695,0.73,16.32,51.7501882,-63.500166
HD 217786 b,HD 217786,Radial Velocity,2011.0,La Silla Observatory,1301.36009,12.3,4402.55909376,,5966.0,1.27,1.14,55.4847,345.7838088,-0.4303594
HD 217786 c,HD 217786,Radial Velocity,2022.0,Multiple Observatories,2.52221,2.61,7.31005336,,5966.0,1.27,1.14,55.4847,345.7838088,-0.4303594
HD 217958 b,HD 217958,Radial Velocity,2022.0,Multiple Observatories,2560.19774,14.2,166.54208527,,5930.64,1.32619,1.08,61.7957,346.136577,-25.6917758
HD 218566 b,HD 218566,Radial Velocity,2010.0,W. M. Keck Observatory,225.7,9.32,63.566,,4730.0,0.85,0.76,28.8274,347.297417,-2.2611645
HD 219077 b,HD 219077,Radial Velocity,2012.0,La Silla Observatory,5478.68861,12.5,3057.50927534,,5362.0,1.91,0.92,29.1864,348.5319387,-62.7018297
HD 219134 b,HD 219134,Radial Velocity,2015.0,Roque de los Muchachos Observatory,3.092926,1.602,4.74,1015.0,4699.0,0.778,0.81,6.53127,348.3372026,57.1696255
HD 219134 c,HD 219134,Radial Velocity,2015.0,Roque de los Muchachos Observatory,6.76458,1.511,4.36,782.0,4699.0,0.778,0.81,6.53127,348.3372026,57.1696255
HD 219134 d,HD 219134,Radial Velocity,2015.0,Roque de los Muchachos Observatory,46.859,1.61,16.17,410.5,4699.0,0.778,0.81,6.53127,348.3372026,57.1696255
HD 219134 f,HD 219134,Radial Velocity,2015.0,Multiple Observatories,22.717,1.31,7.3,522.6,4699.0,0.778,0.81,6.53127,348.3372026,57.1696255
HD 219134 g,HD 219134,Radial Velocity,2015.0,Multiple Observatories,94.2,3.28,10.80622,,4913.0,0.77,0.794,6.53127,348.3372026,57.1696255
HD 219134 h,HD 219134,Radial Velocity,2015.0,Roque de los Muchachos Observatory,2247.0,12.7,108.0622,,4913.0,0.77,0.794,6.53127,348.3372026,57.1696255
HD 219139 b,HD 219139,Radial Velocity,2021.0,Okayama Astrophysical Observatory,275.5,14.0,247.90615746,,4831.0,11.22,1.46,104.935,348.3604055,11.0649832
HD 219415 b,HD 219415,Radial Velocity,2012.0,McDonald Observatory,2093.3,13.8,317.83,,4820.0,2.9,1.0,165.184,348.7243579,56.7303001
HD 219666 b,HD 219666,Transit,2018.0,Transiting Exoplanet Survey Satellite (TESS),6.034468,4.898,17.6,1076.0,5540.0,1.059,1.02,94.1719,349.5592665,-56.9039857
HD 219828 b,HD 219828,Radial Velocity,2007.0,La Silla Observatory,3.83483,4.59,19.06970442,,5891.0,1.56,1.04,73.114,349.6947029,18.6457524
HD 219828 c,HD 219828,Radial Velocity,2016.0,Multiple Facilities,4789.87297,12.2,5102.41724598,,5891.0,1.56,1.04,73.114,349.6947029,18.6457524
HD 220074 b,HD 220074,Radial Velocity,2012.0,Bohyunsan Optical Astronomical Observatory,672.09998,12.2,5288.6912,,3787.0,54.92,2.2,324.54,350.0599827,61.9701062
HD 220197 b,HD 220197,Radial Velocity,2018.0,Roque de los Muchachos Observatory,1728.0,9.32,63.566,,5683.0,0.98,0.91,64.411,350.4946927,16.6323305
HD 220689 b,HD 220689,Radial Velocity,2012.0,La Silla Observatory,2266.4,13.7,381.3940884,,5921.0,1.068,1.016,46.8778,351.4707282,-20.6167923
HD 220773 b,HD 220773,Radial Velocity,2011.0,McDonald Observatory,3724.7,13.6,460.8,,5940.0,1.679696,1.16,50.5103,351.6144715,8.6428871
HD 220842 b,HD 220842,Radial Velocity,2016.0,Haute-Provence Observatory,218.47,13.1,1010.6994,,5960.0,1.41647,1.13,64.6498,351.6534162,56.8871415
HD 221287 b,HD 221287,Radial Velocity,2007.0,La Silla Observatory,456.1,13.1,982.05,,6304.0,1.13864,1.25,55.9231,352.836223,-58.209754
HD 221416 b,HD 221416,Transit,2019.0,Transiting Exoplanet Survey Satellite (TESS),14.2767,9.17,60.5,1314.67,5080.0,2.943,1.212,95.5483,353.0331863,-21.8012007
HD 221420 b,HD 221420,Radial Velocity,2019.0,Anglo-Australian Telescope,10090.0,12.0,7278.2705203,,5847.0,1.947,1.351,31.1415,353.3319001,-77.3853286
HD 221585 b,HD 221585,Radial Velocity,2016.0,Haute-Provence Observatory,1173.0,13.5,511.7063,,5620.0,1.850575,1.19,55.8535,353.2293802,63.1556146
HD 222076 b,HD 222076,Radial Velocity,2016.0,Multiple Observatories,871.0,13.5,495.8148,,4806.0,4.1,1.07,91.1538,354.531982,-70.9032461
HD 222155 b,HD 222155,Radial Velocity,2011.0,Haute-Provence Observatory,3999.0,13.4,581.62598481,,5701.0,1.85,1.21,50.6078,354.5025617,48.9960191
HD 222237 b,HD 222237,Radial Velocity,2024.0,Multiple Observatories,14892.0,12.8,1649.52943233,,4751.0,0.71,0.76,11.4469,354.9078642,-72.7253271
HD 222582 b,HD 222582,Radial Velocity,1999.0,W. M. Keck Observatory,572.38,12.6,2660.2371,,5790.0,1.13,1.12,42.1586,355.4640788,-5.9862379
HD 224018 b,HD 224018,Radial Velocity,2025.0,Roque de los Muchachos Observatory,10.6413,0.91,4.1,968.0,5784.0,1.147,1.013,105.48,358.6390056,-4.7233362
HD 224018 c,HD 224018,Transit,2025.0,K2,36.57669,2.42,10.4,641.0,5784.0,1.147,1.013,105.48,358.6390056,-4.7233362
HD 224018 d,HD 224018,Transit,2025.0,K2,138.0731,2.4,4.2,411.0,5784.0,1.147,1.013,105.48,358.6390056,-4.7233362
HD 224538 b,HD 224538,Radial Velocity,2016.0,Multiple Observatories,1202.05199,12.7,2075.73732612,,6097.0,1.54,1.23,79.0608,359.7164302,-61.5868613
HD 224693 b,HD 224693,Radial Velocity,2006.0,W. M. Keck Observatory,26.6904,14.0,222.481,,5894.0,1.93,1.31,93.5015,359.9749837,-22.4279999
HD 22496 b,HD 22496,Radial Velocity,2021.0,Paranal Observatory,5.09071,2.22,5.57,573.0,4385.0,0.674,0.684,13.5956,53.7565398,-48.4178173
HD 22532 b,HD 22532,Radial Velocity,2022.0,La Silla Observatory,872.6,13.4,673.79622284,,5038.0,5.69,1.57,161.183,53.8148478,-49.4172669
HD 22781 b,HD 22781,Radial Velocity,2011.0,Haute-Provence Observatory,528.07,12.3,4338.2,,5027.0,0.743475,0.75,32.6034,55.2065581,31.8258855
HD 22946 d,HD 22946,Transit,2023.0,Transiting Exoplanet Survey Satellite (TESS),47.42489,2.607,26.57,546.0,6169.0,1.117,1.098,62.7792,54.819538,-42.7630276
HD 23079 b,HD 23079,Radial Velocity,2001.0,Anglo-Australian Telescope,735.74,13.2,845.42356262,,5994.0,1.08,1.16,33.4591,54.9281897,-52.9162344
HD 23079 c,HD 23079,Radial Velocity,2025.0,La Silla Observatory,5.748913,2.8,8.26,,5994.0,1.08,1.16,33.4591,54.9281897,-52.9162344
HD 23127 b,HD 23127,Radial Velocity,2006.0,Anglo-Australian Telescope,1211.17,13.5,485.32641,,5843.0,1.49,1.208,93.8555,54.8491271,-60.077229
HD 231701 b,HD 231701,Radial Velocity,2007.0,W. M. Keck Observatory,141.63,13.7,359.1479,,6101.0,1.53,1.21,108.877,293.017622,16.4743566
HD 233604 b,HD 233604,Radial Velocity,2013.0,McDonald Observatory,192.0,12.7,2089.644,,4791.0,10.9,1.5,847.058,137.4535054,53.5682016
HD 233832 b,HD 233832,Radial Velocity,2018.0,Roque de los Muchachos Observatory,2058.0,13.5,565.7374,,4981.0,0.68,0.71,58.742,171.5196515,50.3763099
HD 23472 b,HD 23472,Transit,2019.0,Transiting Exoplanet Survey Satellite (TESS),17.667087,2.0,8.32,543.0,4684.0,0.71,0.67,39.0341,55.4590314,-62.7672667
HD 23472 c,HD 23472,Transit,2019.0,Transiting Exoplanet Survey Satellite (TESS),29.79749,1.87,3.41,467.0,4684.0,0.71,0.67,39.0341,55.4590314,-62.7672667
HD 23472 d,HD 23472,Transit,2022.0,Transiting Exoplanet Survey Satellite (TESS),3.97664,0.75,0.55,909.0,4684.0,0.71,0.67,39.0341,55.4590314,-62.7672667
HD 23472 e,HD 23472,Transit,2022.0,Transiting Exoplanet Survey Satellite (TESS),7.90754,0.818,0.72,723.0,4684.0,0.71,0.67,39.0341,55.4590314,-62.7672667
HD 23472 f,HD 23472,Transit,2022.0,Transiting Exoplanet Survey Satellite (TESS),12.1621839,1.137,0.77,630.0,4684.0,0.71,0.67,39.0341,55.4590314,-62.7672667
HD 235088 b,HD 235088,Transit,2023.0,Transiting Exoplanet Survey Satellite (TESS),7.4341325,1.982,4.15,805.0,5075.0,0.772,0.849,41.1706,300.6154535,53.3774418
HD 23596 b,HD 23596,Radial Velocity,2003.0,Haute-Provence Observatory,1535.11912,12.4,3786.607641,,6040.0,1.53,1.1,52.0018,57.0018601,40.5307308
HD 238090 b,HD 238090,Radial Velocity,2020.0,Multiple Observatories,13.671,2.52,6.89,469.6,3933.0,0.57,0.578,15.2354,183.0886375,54.486153
HD 238914 b,HD 238914,Radial Velocity,2018.0,Multiple Observatories,4100.0,12.8,1906.98,,4769.0,12.73,1.47,519.452,279.5842102,59.2538819
HD 240210 b,HD 240210,Radial Velocity,2009.0,McDonald Observatory,501.75,12.8,1655.82,,4297.0,25.456816,0.82,372.405,347.6219227,57.0294818
HD 240237 b,HD 240237,Radial Velocity,2011.0,McDonald Observatory,745.70001,12.2,5050.3187,,3926.0,71.23,8.76,933.377,348.9259334,58.0432233
HD 24040 b,HD 24040,Radial Velocity,2006.0,W. M. Keck Observatory,3668.0,12.9,1589.142035,,5802.0,1.3,1.11,46.6224,57.5962104,17.4752873
HD 24040 c,HD 24040,Radial Velocity,2021.0,Multiple Observatories,515.4,9.35,63.88350981,,5776.49,1.387296,1.10394,46.6224,57.5962104,17.4752873
HD 24064 b,HD 24064,Radial Velocity,2015.0,Bohyunsan Optical Astronomical Observatory,535.59998,12.3,4096.8287,,4052.0,40.0,1.61,300.247,59.1510071,74.0800789
HD 24085 b,HD 24085,Radial Velocity,2019.0,Las Campanas Observatory,2.0455,3.46,11.8,,6034.0,1.412551,1.22,54.9004,56.2563447,-70.0245193
HD 25015 b,HD 25015,Radial Velocity,2019.0,La Silla Observatory,6134.427,12.5,2884.92845034,,5160.0,0.83,0.86,37.433,59.4335463,-20.2673347
HD 25171 b,HD 25171,Radial Velocity,2010.0,La Silla Observatory,1802.29,13.9,290.81445,,6125.0,1.23,1.076,55.6146,58.9574779,-65.1863239
HD 25463 b,HD 25463,Transit,2023.0,Transiting Exoplanet Survey Satellite (TESS),7.0491423,2.54535814,8.7,1198.46,6353.0,1.4182,1.251,45.6181,60.7483361,9.2077676
HD 25463 c,HD 25463,Transit,2023.0,Transiting Exoplanet Survey Satellite (TESS),3.04405,1.36354953,4.3,1585.57,6353.0,1.4182,1.251,45.6181,60.7483361,9.2077676
HD 25723 b,HD 25723,Radial Velocity,2020.0,Lick Observatory,457.01,13.3,794.5710175,,4766.0,13.76,2.12,114.816,61.0947182,-12.7922241
HD 25912 b,HD 25912,Radial Velocity,2022.0,Multiple Observatories,41.83156,6.9,38.13940884,,5920.58,0.995896,1.08,49.1661,60.9074988,-51.9315058
HD 25912 c,HD 25912,Radial Velocity,2022.0,Multiple Observatories,26308.65619,12.2,5252.75008249,,5920.58,0.995896,1.08,49.1661,60.9074988,-51.9315058
HD 260655 b,HD 260655,Transit,2022.0,Transiting Exoplanet Survey Satellite (TESS),2.76953,1.24,2.14,709.0,3803.0,0.439,0.439,10.0055,99.2915429,17.5662696
HD 260655 c,HD 260655,Transit,2022.0,Transiting Exoplanet Survey Satellite (TESS),5.70588,1.533,3.09,557.0,3803.0,0.439,0.439,10.0055,99.2915429,17.5662696
HD 26161 b,HD 26161,Radial Velocity,2021.0,Multiple Observatories,10942.29013,11.9,9045.39646322,,6057.62,1.455981,1.12,40.9128,62.4122255,31.6524346
HD 2638 b,HD 2638,Radial Velocity,2005.0,La Silla Observatory,3.4442,14.3,133.4886,,5186.0,0.94,0.77,54.9621,7.4990038,-5.76496
HD 2685 b,HD 2685,Transit,2019.0,Transiting Exoplanet Survey Satellite (TESS),4.12688,16.14096,371.8611,2061.0,6801.0,1.56,1.43,196.852,7.3289156,-76.304032
HD 27442 b,HD 27442,Radial Velocity,2000.0,Anglo-Australian Telescope,428.1,13.5,495.8,,4846.0,3.18,1.23,18.2704,64.1205476,-59.3028771
HD 27631 b,HD 27631,Radial Velocity,2012.0,La Silla Observatory,2198.14,13.5,495.81231492,,5737.0,0.923,0.944,50.2862,64.9392168,-41.9606604
HD 27894 b,HD 27894,Radial Velocity,2005.0,La Silla Observatory,18.01939,14.1,196.73578393,,4875.0,0.891767,0.81,43.8214,65.1975693,-59.4096776
HD 27894 c,HD 27894,Radial Velocity,2017.0,La Silla Observatory,36.07,8.24,51.48846,,4875.0,0.891767,0.8,43.8214,65.1975693,-59.4096776
HD 27894 d,HD 27894,Radial Velocity,2017.0,La Silla Observatory,5019.54244,12.7,2063.65984665,,4875.0,0.891767,0.81,43.8214,65.1975693,-59.4096776
HD 27969 b,HD 27969,Radial Velocity,2021.0,Haute-Provence Observatory,654.5,12.9,1525.5763536,261.0,5966.0,1.27,1.16,67.9328,66.7068364,42.90872
HD 28109 b,HD 28109,Transit,2022.0,Transiting Exoplanet Survey Satellite (TESS),22.891054,2.69,6.2,867.0,6189.0,1.425,1.227,139.611,65.2383065,-68.1026875
HD 28109 c,HD 28109,Transit,2022.0,Transiting Exoplanet Survey Satellite (TESS),55.99712,4.13,9.2,643.0,6189.0,1.425,1.227,139.611,65.2383065,-68.1026875
HD 28109 d,HD 28109,Transit,2022.0,Transiting Exoplanet Survey Satellite (TESS),84.2899,3.11,5.8,561.0,6189.0,1.425,1.227,139.611,65.2383065,-68.1026875
HD 28185 b,HD 28185,Radial Velocity,2001.0,La Silla Observatory,385.92,12.8,1859.29618095,,5602.0,1.048,0.974,39.3809,66.6100461,-10.5510754
HD 28185 c,HD 28185,Radial Velocity,2022.0,Multiple Observatories,9090.0,12.8,1906.970442,,5602.0,1.048,0.974,39.3809,66.6100461,-10.5510754
HD 28192 b,HD 28192,Radial Velocity,2022.0,Multiple Observatories,14.23283,12.2,99.7981198,,5919.87,1.07094,1.08,49.8063,66.7032517,-1.7244842
HD 28254 b,HD 28254,Radial Velocity,2010.0,La Silla Observatory,1333.0,13.0,1207.7479466,,5664.0,1.48,1.1,55.2884,66.2108141,-50.6228081
HD 284149 AB b,HD 284149 A,Imaging,2017.0,Paranal Observatory,,12.0,8352.53053596,2395.0,6035.0,1.36,1.13,117.807,61.6616887,20.3030344
HD 28471 b,HD 28471,Radial Velocity,2025.0,La Silla Observatory,3.1649,1.75,3.72,1377.0,5766.0,1.08,0.98,43.6455,66.2875166,-64.0786861
HD 28471 c,HD 28471,Radial Velocity,2025.0,La Silla Observatory,6.1245,2.26,5.72,1066.0,5766.0,1.08,0.98,43.6455,66.2875166,-64.0786861
HD 28471 d,HD 28471,Radial Velocity,2025.0,La Silla Observatory,11.681,2.06,4.91,945.0,5766.0,1.08,0.98,43.6455,66.2875166,-64.0786861
HD 285507 b,HD 285507,Radial Velocity,2013.0,Fred Lawrence Whipple Observatory,6.0881,13.8,311.4734,,4503.0,0.69,0.82,45.0293,61.755663,15.3349441
HD 285968 b,HD 285968,Radial Velocity,2008.0,La Silla Observatory,8.7836,2.83,8.4,450.0,3703.49,0.478214,0.5,9.47045,70.7353853,18.953358
HD 28678 b,HD 28678,Radial Velocity,2011.0,W. M. Keck Observatory,380.2,13.5,490.09386,,4972.0,6.48,1.53,189.908,67.8560643,4.5752495
HD 29021 b,HD 29021,Radial Velocity,2017.0,Haute-Provence Observatory,1365.0,12.9,1420.69297929,,5560.0,0.85,0.86,30.9939,69.4681379,60.6762985
HD 290327 b,HD 290327,Radial Velocity,2009.0,La Silla Observatory,2443.0,13.3,772.3269,,5505.0,0.95,0.84,56.433,80.8399887,-2.2780391
HD 29399 b,HD 29399,Radial Velocity,2022.0,La Silla Observatory,892.7,13.5,498.99059899,,4845.0,4.5,1.17,44.1518,68.3903471,-62.8237576
HD 2952 b,HD 2952,Radial Velocity,2013.0,Okayama Astrophysical Observatory,312.08,13.9,284.77425267,,4853.0,10.9,1.91,110.103,8.2938367,54.8948177
HD 29985 b,HD 29985,Radial Velocity,2022.0,Multiple Observatories,20608.14049,12.8,1739.47487151,,4678.0,0.574666,0.75,31.2707,70.5216589,-33.9210696
HD 30177 b,HD 30177,Radial Velocity,2002.0,Anglo-Australian Telescope,2514.53422,12.6,2670.71210402,,5580.0,1.019,0.98,55.5867,70.4770964,-58.0208085
HD 30177 c,HD 30177,Radial Velocity,2016.0,Multiple Observatories,12085.45186,12.7,1954.64470305,,5580.0,1.019,0.98,55.5867,70.4770964,-58.0208085
HD 30562 b,HD 30562,Radial Velocity,2009.0,Lick Observatory,1157.0,13.6,467.20775829,,5882.0,1.61,1.12,26.1597,72.1529519,-5.6751152
HD 30669 b,HD 30669,Radial Velocity,2014.0,La Silla Observatory,1684.0,14.3,149.37,,5400.0,0.91,0.92,58.0844,72.1198522,-28.4190757
HD 30856 b,HD 30856,Radial Velocity,2011.0,W. M. Keck Observatory,847.0,13.5,491.68301,,4895.0,4.4,1.17,131.199,72.5745099,-24.3689282
HD 31253 b,HD 31253,Radial Velocity,2010.0,W. M. Keck Observatory,466.0,14.1,197.0546,,6130.0,1.75,1.7,58.1438,73.6822877,12.3520103
HD 31527 b,HD 31527,Radial Velocity,2019.0,La Silla Observatory,16.5535,3.22,10.47,,5898.0,1.073694,0.96,38.4473,73.9096193,-23.2413163
HD 31527 c,HD 31527,Radial Velocity,2019.0,La Silla Observatory,51.2053,3.85,14.16,,5898.0,1.073694,0.96,38.4473,73.9096193,-23.2413163
HD 31527 d,HD 31527,Radial Velocity,2019.0,La Silla Observatory,271.6737,3.46,11.82,,5898.0,1.073694,0.96,38.4473,73.9096193,-23.2413163
HD 3167 b,HD 3167,Transit,2016.0,K2,0.959641,1.67,4.97,1774.0,5261.0,0.88,0.837,47.2899,8.7401487,4.3807215
HD 3167 c,HD 3167,Transit,2016.0,K2,29.8454,3.0,11.13,564.0,5261.0,0.88,0.837,47.2899,8.7401487,4.3807215
HD 3167 d,HD 3167,Radial Velocity,2017.0,Multiple Observatories,8.4112,1.92,4.33,859.5,5261.0,0.88,0.837,47.2899,8.7401487,4.3807215
HD 3167 e,HD 3167,Radial Velocity,2022.0,CHaracterising ExOPlanets Satellite (CHEOPS),96.63,2.83,8.41,374.8,5261.0,0.88,0.837,47.2899,8.7401487,4.3807215
HD 32518 b,HD 32518,Radial Velocity,2009.0,Thueringer Landessternwarte Tautenburg,157.35,13.2,905.49313154,,4580.0,10.22,1.13,122.115,77.4037569,69.6391355
HD 32963 b,HD 32963,Radial Velocity,2015.0,W. M. Keck Observatory,2372.0,13.4,657.90480249,,5727.0,1.111044,0.94,38.0786,76.9820146,26.3276805
HD 330075 b,HD 330075,Radial Velocity,2004.0,La Silla Observatory,3.38773,14.3,152.5584,990.0,5000.0,0.84,0.47,45.2989,237.4054997,-49.9639199
HD 331093 b,HD 331093,Radial Velocity,2021.0,Haute-Provence Observatory,621.62,13.6,476.7426105,,5544.0,1.1112,1.03,50.1928,295.6200054,31.7395451
HD 33142 b,HD 33142,Radial Velocity,2011.0,W. M. Keck Observatory,330.0,13.7,400.46379282,,5025.4,4.17,1.52,121.375,76.8980559,-13.9863374
HD 33142 c,HD 33142,Radial Velocity,2016.0,W. M. Keck Observatory,810.2,13.9,282.86728223,,5025.4,4.17,1.52,121.375,76.8980559,-13.9863374
HD 33142 d,HD 33142,Radial Velocity,2022.0,Multiple Observatories,89.9,9.32,63.5656814,,5025.4,4.17,1.52,121.375,76.8980559,-13.9863374
HD 332231 b,HD 332231,Transit,2020.0,Transiting Exoplanet Survey Satellite (TESS),18.712024,9.07303305,74.1,798.3,6128.0,1.266,1.1642,80.6665,306.741134,33.7443882
HD 33283 b,HD 33283,Radial Velocity,2006.0,W. M. Keck Observatory,18.1991,12.5,104.56607,,5935.0,1.97,1.38,89.8623,77.0044889,-26.7976689
HD 33564 b,HD 33564,Radial Velocity,2005.0,Haute-Provence Observatory,388.0,12.5,2892.1,,6250.0,1.4367,1.25,20.9531,80.6378979,79.2318488
HD 33844 b,HD 33844,Radial Velocity,2015.0,Anglo-Australian Telescope,551.40002,13.4,638.8383,,4861.0,5.39,1.84,105.779,78.1505649,-14.9509775
HD 33844 c,HD 33844,Radial Velocity,2015.0,Anglo-Australian Telescope,916.0,13.5,556.2025,,4861.0,5.29,1.78,105.779,78.1505649,-14.9509775
HD 34445 b,HD 34445,Radial Velocity,2009.0,W. M. Keck Observatory,1049.0,13.9,260.6206,,5879.0,1.38,1.14,46.0907,79.4207483,7.3527156
HD 34445 c,HD 34445,Radial Velocity,2017.0,Multiple Observatories,214.67,8.42,53.5,,5836.0,1.38,1.07,46.0907,79.4207483,7.3527156
HD 34445 d,HD 34445,Radial Velocity,2017.0,Multiple Observatories,117.87,6.07,30.7,,5836.0,1.38,1.07,46.0907,79.4207483,7.3527156
HD 34445 e,HD 34445,Radial Velocity,2017.0,Multiple Observatories,49.175,4.26,16.8,,5836.0,1.38,1.07,46.0907,79.4207483,7.3527156
HD 34445 f,HD 34445,Radial Velocity,2017.0,Multiple Observatories,676.8,6.88,37.9,,5836.0,1.38,1.07,46.0907,79.4207483,7.3527156
HD 34445 g,HD 34445,Radial Velocity,2017.0,Multiple Observatories,5700.0,13.6,120.6,,5836.0,1.38,1.07,46.0907,79.4207483,7.3527156
HD 35759 b,HD 35759,Radial Velocity,2016.0,Haute-Provence Observatory,82.467,13.0,1195.0408,,6060.0,1.759974,1.15,71.2423,82.8886636,64.3183753
HD 35843 b,HD 35843,Radial Velocity,2025.0,Paranal Observatory,9.8991,2.29,5.84,,5666.0,0.897,0.94,69.6026,81.3488924,-44.4312849
HD 35843 c,HD 35843,Transit,2025.0,Transiting Exoplanet Survey Satellite (TESS),46.9622,2.54,11.32,479.0,5666.0,0.897,0.94,69.6026,81.3488924,-44.4312849
HD 360 b,HD 360,Radial Velocity,2021.0,Okayama Astrophysical Observatory,273.1,14.0,238.37130525,,4770.0,10.86,1.69,111.542,2.072903,-8.8242618
HD 36384 b,HD 36384,Radial Velocity,2023.0,Bohyunsan Optical Astronomical Observatory,490.0,12.7,2097.6674862,,3940.0,38.4,1.14,209.309,84.9319998,75.0439884
HD 3651 b,HD 3651,Radial Velocity,2003.0,Multiple Observatories,62.25,10.1,72.46524,,5221.0,0.871954,0.799,11.1336,9.8387218,21.2488844
HD 37124 b,HD 37124,Radial Velocity,2002.0,W. M. Keck Observatory,154.378,14.0,214.53525,,5698.64,0.949168,0.85,31.6634,84.2599947,20.7289784
HD 37124 c,HD 37124,Radial Velocity,2002.0,W. M. Keck Observatory,885.5,14.1,207.22516,,5698.64,0.949168,0.85,31.6634,84.2599947,20.7289784
HD 37124 d,HD 37124,Radial Velocity,2005.0,W. M. Keck Observatory,1862.0,14.0,221.20968,,5698.64,0.949168,0.85,31.6634,84.2599947,20.7289784
HD 37605 b,HD 37605,Radial Velocity,2004.0,McDonald Observatory,55.01292,13.2,854.9627,,5329.0,0.91,0.94,46.7864,85.0074276,6.0595116
HD 37605 c,HD 37605,Radial Velocity,2012.0,Multiple Observatories,2720.0,13.1,1013.8777,,5329.0,0.91,0.94,46.7864,85.0074276,6.0595116
HD 3765 b,HD 3765,Radial Velocity,2021.0,Multiple Observatories,1211.0,8.56,54.98431441,,5049.8,0.83061,0.851785,17.926,10.2072994,40.1842918
HD 38283 b,HD 38283,Radial Velocity,2010.0,Anglo-Australian Telescope,363.20001,14.0,127.132,,5981.0,1.49,1.37,38.0615,84.2605324,-73.6998131
HD 38529 b,HD 38529,Radial Velocity,2000.0,Multiple Observatories,14.3099,14.1,206.58846455,,5697.0,2.857838,0.98,42.3538,86.6451363,1.1675866
HD 38529 c,HD 38529,Radial Velocity,2000.0,Multiple Observatories,2127.60566,12.5,3299.05886466,,5697.0,2.857838,0.98,42.3538,86.6451363,1.1675866
HD 38801 b,HD 38801,Radial Velocity,2009.0,Subaru Telescope,685.25,12.5,3082.31534,,5338.0,2.029,1.207,91.4349,86.9963141,-8.3280256
HD 39091 b,HD 39091,Radial Velocity,2001.0,Anglo-Australian Telescope,2088.8,12.3,4481.3805387,,5998.0,1.17,1.07,18.2702,84.2992798,-80.4646041
HD 39194 b,HD 39194,Radial Velocity,2021.0,La Silla Observatory,5.63692,1.99,4.62,,5205.0,0.783742,0.86,26.4131,86.129071,-70.1382377
HD 39194 c,HD 39194,Radial Velocity,2021.0,La Silla Observatory,14.0309,2.65,7.49,,5205.0,0.783742,0.86,26.4131,86.129071,-70.1382377
HD 39194 d,HD 39194,Radial Velocity,2021.0,La Silla Observatory,33.874,2.12,5.16,,5205.0,0.783742,0.86,26.4131,86.129071,-70.1382377
HD 39855 b,HD 39855,Radial Velocity,2019.0,Las Campanas Observatory,3.2498,2.85,8.5,,5576.0,0.744665,0.87,23.2599,88.6260731,-19.7044472
HD 40307 b,HD 40307,Radial Velocity,2009.0,La Silla Observatory,4.3123,,1188.99607059,910.0,4956.0,0.716684,0.77,12.9363,88.5172191,-60.0237289
HD 40307 c,HD 40307,Radial Velocity,2009.0,La Silla Observatory,9.6184,,1868.51320475,696.0,4956.0,0.716684,0.77,12.9363,88.5172191,-60.0237289
HD 40307 d,HD 40307,Radial Velocity,2009.0,La Silla Observatory,20.432,,1775.3894815,541.0,4956.0,0.716684,0.77,12.9363,88.5172191,-60.0237289
HD 40307 f,HD 40307,Radial Velocity,2013.0,La Silla Observatory,51.76,2.13,5.2,398.0,4956.0,0.716684,0.77,12.9363,88.5172191,-60.0237289
HD 40307 g,HD 40307,Radial Velocity,2013.0,La Silla Observatory,197.8,2.56,7.1,255.0,4956.0,0.716684,0.77,12.9363,88.5172191,-60.0237289
HD 40956 b,HD 40956,Radial Velocity,2017.0,Multiple Observatories,578.6,13.2,858.141,,4869.0,8.56,2.0,116.593,91.6628015,63.453875
HD 40979 b,HD 40979,Radial Velocity,2002.0,Multiple Observatories,264.14999,12.9,1484.2661,,6165.0,1.21,1.45,34.0883,91.1253346,44.2597855
HD 41004 A b,HD 41004 A,Radial Velocity,2004.0,La Silla Observatory,963.0,13.2,807.25,,5310.0,0.85,0.95,36.69117,89.9566041,-48.2394189
HD 41004 B b,HD 41004 B,Radial Velocity,2003.0,La Silla Observatory,1.3283,12.1,5838.29,,5036.0,1.04137,0.4,41.5504,89.9565956,-48.2394114
HD 4113 b,HD 4113,Radial Velocity,2007.0,La Silla Observatory,526.5239,13.5,541.26177712,,5688.0,1.077514,1.008,41.8727,10.8027515,-37.9831248
HD 42012 b,HD 42012,Radial Velocity,2017.0,Haute-Provence Observatory,857.5,13.5,508.528,,5405.0,0.82,0.83,36.7984,92.485473,34.1341722
HD 4203 b,HD 4203,Radial Velocity,2001.0,W. M. Keck Observatory,431.88,13.3,708.7609,,5596.0,1.42,1.25,81.3795,11.1722288,20.4483925
HD 4203 c,HD 4203,Radial Velocity,2014.0,W. M. Keck Observatory,6700.0,13.3,689.66,,5582.0,1.49795,0.99,81.3795,11.1722288,20.4483925
HD 4208 b,HD 4208,Radial Velocity,2001.0,W. M. Keck Observatory,832.97,13.9,257.4423,,5717.0,0.846,0.883,34.1937,11.1125532,-26.5150392
HD 42618 b,HD 42618,Radial Velocity,2016.0,Multiple Observatories,149.61,3.89,14.4,337.0,5727.0,0.999,1.015,24.3358,93.0032173,6.7819742
HD 4308 b,HD 4308,Radial Velocity,2005.0,La Silla Observatory,15.56,4.12,15.8915,,5686.0,1.02,0.93,22.0158,11.1652594,-65.6527159
HD 4313 b,HD 4313,Radial Velocity,2009.0,W. M. Keck Observatory,356.21,13.4,612.45841,,4943.0,5.14,1.63,136.308,11.4181301,7.8450492
HD 43197 b,HD 43197,Radial Velocity,2010.0,La Silla Observatory,308.92072,14.2,175.75910907,,5508.0,1.0,0.96,62.4112,93.3993231,-29.8971929
HD 43197 c,HD 43197,Radial Velocity,2022.0,Multiple Observatories,9295.9735,12.6,2500.67390628,,5508.0,1.0,0.96,62.4112,93.3993231,-29.8971929
HD 43691 b,HD 43691,Radial Velocity,2007.0,Haute-Provence Observatory,36.9987,13.2,810.4665,,6093.0,1.6,1.32,85.6009,94.8946124,41.0920773
HD 44219 b,HD 44219,Radial Velocity,2010.0,La Silla Observatory,472.0,14.1,184.34047606,,5752.0,1.32,1.2,52.9051,95.0599971,-10.7250799
HD 45184 b,HD 45184,Radial Velocity,2019.0,La Silla Observatory,5.8854,3.52,12.19,,5869.0,1.075139,1.03,21.9532,96.1820205,-28.7806402
HD 45184 c,HD 45184,Radial Velocity,2019.0,La Silla Observatory,13.1354,2.91,8.81,,5869.0,1.075139,1.03,21.9532,96.1820205,-28.7806402
HD 45350 b,HD 45350,Radial Velocity,2004.0,W. M. Keck Observatory,963.6,13.5,568.89,,5566.0,1.26442,0.98,46.8733,97.1902262,38.9627315
HD 45364 b,HD 45364,Radial Velocity,2008.0,La Silla Observatory,225.79,9.03,60.16491745,,5466.0,0.89,0.82,34.354,96.4105736,-31.4810037
HD 45364 c,HD 45364,Radial Velocity,2008.0,La Silla Observatory,345.43,14.2,174.48779544,,5466.0,0.89,0.82,34.354,96.4105736,-31.4810037
HD 45652 b,HD 45652,Radial Velocity,2008.0,Haute-Provence Observatory,44.073,14.3,137.62039,,5294.0,0.94,0.92,34.8541,97.3058709,10.9336212
HD 457 b,HD 457,Radial Velocity,2022.0,Multiple Observatories,20324.58153,11.9,8445.3364308,,6114.04,1.28194,1.15,55.0375,2.2492922,-39.7372401
HD 46375 b,HD 46375,Radial Velocity,2000.0,W. M. Keck Observatory,3.023573,10.0,71.8,,5285.0,0.914196,0.92,29.5529,98.3030763,5.4625071
HD 47186 b,HD 47186,Radial Velocity,2008.0,La Silla Observatory,4.0845,5.02,22.2481,,5657.0,1.08,0.96,37.4574,99.0367212,-27.6234285
HD 47186 c,HD 47186,Radial Velocity,2008.0,La Silla Observatory,1353.6,13.0,111.42,,5657.0,1.08,0.96,37.4574,99.0367212,-27.6234285
HD 4732 b,HD 4732,Radial Velocity,2012.0,Multiple Observatories,371.74,13.4,631.2072163,,4898.0,5.03,1.39,54.7841,12.3085089,-24.1369079
HD 4732 c,HD 4732,Radial Velocity,2012.0,Multiple Observatories,3184.2,13.1,1069.49258955,,4898.0,5.03,1.39,54.7841,12.3085089,-24.1369079
HD 47366 b,HD 47366,Radial Velocity,2016.0,Okayama Astrophysical Observatory,360.08,13.4,661.71874337,,4866.0,7.3,1.81,84.3552,99.4200181,-12.9856593
HD 47366 c,HD 47366,Radial Velocity,2016.0,Okayama Astrophysical Observatory,677.53,13.5,483.73483545,,4866.0,7.3,1.81,84.3552,99.4200181,-12.9856593
HD 47536 b,HD 47536,Radial Velocity,2002.0,La Silla Observatory,712.13,12.6,2330.0,,4380.0,23.47,2.1,122.536,99.448958,-32.3394531
HD 4760 b,HD 4760,Radial Velocity,2021.0,Multiple Observatories,434.0,12.3,4417.837,,4076.0,42.4,1.05,537.873,12.4161652,6.4071412
HD 48265 b,HD 48265,Radial Velocity,2008.0,Las Campanas Observatory,778.51,12.6,2351.9302118,,5733.0,1.901,1.312,90.5446,100.0073683,-48.5418284
HD 48265 c,HD 48265,Radial Velocity,2026.0,Las Campanas Observatory,10418.0,12.9,1414.33641115,,5805.0,2.05,1.38,90.5446,100.0073683,-48.5418284
HD 48948 b,HD 48948,Radial Velocity,2024.0,Roque de los Muchachos Observatory,7.34013,2.06,4.88,957.0,4593.0,0.679,0.686,16.9043,102.489811,60.3373133
HD 48948 c,HD 48948,Radial Velocity,2024.0,Roque de los Muchachos Observatory,38.06,2.6,7.27,553.0,4593.0,0.679,0.686,16.9043,102.489811,60.3373133
HD 48948 d,HD 48948,Radial Velocity,2024.0,Roque de los Muchachos Observatory,151.92,3.24,10.59,349.0,4593.0,0.679,0.686,16.9043,102.489811,60.3373133
HD 4917 b,HD 4917,Radial Velocity,2018.0,W. M. Keck Observatory,400.5,13.5,513.29545,,4802.0,5.01,1.32,204.277,12.7762624,-12.9276648
HD 49674 b,HD 49674,Radial Velocity,2002.0,W. M. Keck Observatory,4.94737,6.2,31.783,,5602.0,1.02,1.03,43.0399,102.8773483,40.8672284
HD 50499 b,HD 50499,Radial Velocity,2005.0,W. M. Keck Observatory,2447.1,13.5,519.96988,,6102.0,1.351,1.253,46.2845,103.008075,-33.915267
HD 50499 c,HD 50499,Radial Velocity,2019.0,La Silla Observatory,8619.9,13.2,931.2419,,6099.0,1.42,1.31,46.2845,103.008075,-33.915267
HD 50554 b,HD 50554,Radial Velocity,2002.0,Lick Observatory,1293.0,12.8,1859.29618095,,5987.0,1.02,1.04,31.1664,103.678273,24.2451409
HD 51608 b,HD 51608,Radial Velocity,2019.0,La Silla Observatory,14.0726,3.62,12.77,,5358.0,0.916136,0.8,35.0553,103.7137102,-55.2600189
HD 51608 c,HD 51608,Radial Velocity,2019.0,La Silla Observatory,95.9446,3.87,14.31,,5358.0,0.916136,0.8,35.0553,103.7137102,-55.2600189
HD 52265 b,HD 52265,Radial Velocity,2000.0,W. M. Keck Observatory,119.27,13.7,384.5743,405.0,6136.0,1.32,1.204,29.9803,105.0746449,-5.3668142
HD 5278 b,HD 5278,Transit,2021.0,Transiting Exoplanet Survey Satellite (TESS),14.339156,2.45,7.8,943.0,6203.0,1.194,1.126,57.5846,12.5467785,-83.7437671
HD 5278 c,HD 5278,Radial Velocity,2021.0,Paranal Observatory,40.87,4.49,18.4,,6203.0,1.194,1.126,57.5846,12.5467785,-83.7437671
HD 5319 b,HD 5319,Radial Velocity,2007.0,W. M. Keck Observatory,637.1,13.5,494.54348,,4871.0,4.06,1.27,121.405,13.7558096,0.7893425
HD 5319 c,HD 5319,Radial Velocity,2014.0,W. M. Keck Observatory,872.2,13.8,334.67499,,4871.0,4.06,1.27,121.405,13.7558096,0.7893425
HD 55696 b,HD 55696,Radial Velocity,2018.0,W. M. Keck Observatory,1827.0,12.9,1357.12729789,,6012.0,1.52,1.29,77.9693,108.0622029,-38.174639
HD 5583 b,HD 5583,Radial Velocity,2016.0,Roque de los Muchachos Observatory,139.35,12.8,1837.0574,,4830.0,9.09,1.01,219.216,14.486946,34.9853306
HD 5608 b,HD 5608,Radial Velocity,2012.0,Okayama Astrophysical Observatory,768.7,13.7,371.22357938,,4807.0,5.43,1.29,58.1105,14.5594349,33.9505774
HD 564 b,HD 564,Radial Velocity,2014.0,La Silla Observatory,492.3,12.5,104.88,,5902.0,1.01,0.961,51.1659,2.4694459,-50.2678998
HD 56414 b,HD 56414,Transit,2022.0,Transiting Exoplanet Survey Satellite (TESS),29.04992,3.71,13.3,1133.0,8500.0,1.751,1.89,272.217,107.8436846,-68.8333403
HD 56957 b,HD 56957,Radial Velocity,2022.0,Multiple Observatories,5859.08992,12.8,1880.90851263,,5743.0,1.77793,1.03,61.4925,109.3253986,-40.6560651
HD 5891 b,HD 5891,Radial Velocity,2011.0,W. M. Keck Observatory,177.11,12.6,2425.0429,,4673.0,10.64,1.93,283.502,15.1383168,20.2923139
HD 59686 A b,HD 59686 A,Radial Velocity,2016.0,Lick Observatory,299.36,12.7,2199.3836,,4658.0,13.2,1.9,89.2721,112.9518629,17.0857195
HD 60292 b,HD 60292,Radial Velocity,2020.0,Bohyunsan Optical Astronomical Observatory,495.4,12.7,2065.895,,4348.0,27.0,1.7,315.211,114.6201698,66.2350517
HD 60532 b,HD 60532,Radial Velocity,2008.0,La Silla Observatory,201.9,13.8,336.8998,,6245.0,2.57,1.5,25.9716,113.5130656,-22.2958661
HD 60532 c,HD 60532,Radial Velocity,2008.0,La Silla Observatory,600.1,13.3,797.7533,,6245.0,2.57,1.5,25.9716,113.5130656,-22.2958661
HD 6061 b,HD 6061,Transit,2023.0,Transiting Exoplanet Survey Satellite (TESS),5.2549,2.42763557,10.0,1075.31,5934.0,1.0072,1.0269,67.6203,15.5981441,37.1854394
HD 62364 b,HD 62364,Radial Velocity,2022.0,Multiple Observatories,5138.0,12.1,5965.63919939,,6255.0,1.401,1.157,53.112,113.9052658,-75.5442707
HD 62364 c,HD 62364,Radial Velocity,2022.0,Multiple Observatories,74839.94555,12.0,7923.46218651,,6255.0,1.401,1.19,53.112,113.9052658,-75.5442707
HD 62509 b,HD 62509,Radial Velocity,2006.0,Multiple Observatories,589.64,13.3,731.0,,4892.63,8.9,2.0,10.34,116.328824,28.026127
HD 62549 b,HD 62549,Radial Velocity,2022.0,Multiple Observatories,14306.88519,12.6,2707.58019923,,5930.46,1.23227,1.08,49.3305,116.0821439,-5.0541223
HD 63433 b,HD 63433,Transit,2020.0,Transiting Exoplanet Survey Satellite (TESS),7.1079475,2.14,21.755,967.11,5553.0,0.934,0.956,22.4035,117.4793699,27.3631342
HD 63433 c,HD 63433,Transit,2020.0,Transiting Exoplanet Survey Satellite (TESS),20.5438281,2.692,15.539,678.92,5553.0,0.934,0.956,22.4035,117.4793699,27.3631342
HD 63433 d,HD 63433,Transit,2023.0,Transiting Exoplanet Survey Satellite (TESS),4.209075,1.073,1.25,1040.0,5688.0,0.912,0.99,22.4035,117.4793699,27.3631342
HD 63454 b,HD 63454,Radial Velocity,2005.0,La Silla Observatory,2.81805,12.31,79.4575,,4812.0,0.77,0.42,37.6894,114.8406393,-78.2791464
HD 63765 b,HD 63765,Radial Velocity,2009.0,La Silla Observatory,358.0,14.2,168.4499,,5449.0,0.83,0.65,32.5376,116.9582617,-54.265345
HD 63935 b,HD 63935,Transit,2021.0,Transiting Exoplanet Survey Satellite (TESS),9.058807,2.91575244,10.5,825.22,5513.0,0.9598,0.9406,48.9739,117.9246417,9.3852412
HD 63935 c,HD 63935,Radial Velocity,2021.0,Multiple Observatories,21.4027,3.06451296,11.1,619.59,5513.0,0.9598,0.9406,48.9739,117.9246417,9.3852412
HD 64114 b,HD 64114,Radial Velocity,2019.0,Las Campanas Observatory,45.791,4.41,17.8,,5676.0,0.882858,0.95,31.5262,117.982556,-11.0337221
HD 64121 b,HD 64121,Radial Velocity,2022.0,La Silla Observatory,623.0,13.2,813.64072192,,5078.0,5.44,1.64,129.966,117.3651424,-54.8126136
HD 6434 b,HD 6434,Radial Velocity,2003.0,La Silla Observatory,21.998,14.2,155.7367,,5769.0,1.12,1.1,42.358,16.1663441,-39.4904909
HD 65216 b,HD 65216,Radial Velocity,2003.0,La Silla Observatory,577.6,13.6,411.58985,,5612.0,0.88,0.874,35.1205,118.4209646,-63.6466892
HD 65216 c,HD 65216,Radial Velocity,2013.0,La Silla Observatory,5370.0,13.4,645.1949,,5612.0,0.88,0.874,35.1205,118.4209646,-63.6466892
HD 66141 b,HD 66141,Radial Velocity,2012.0,Bohyunsan Optical Astronomical Observatory,480.5,12.8,1906.9,,4323.0,21.4,1.1,68.1509,120.5662825,2.3350265
HD 66428 b,HD 66428,Radial Velocity,2005.0,W. M. Keck Observatory,2269.81726,12.4,3478.94974302,,5716.0,1.13,1.01,53.2817,120.8691654,-1.1636019
HD 66428 c,HD 66428,Radial Velocity,2021.0,Multiple Observatories,10478.84437,13.5,560.64930995,,5716.0,1.13,1.01,53.2817,120.8691654,-1.1636019
HD 67087 b,HD 67087,Radial Velocity,2015.0,Multiple Observatories,352.2,13.1,973.0,,6330.0,1.55,1.36,76.5217,121.9155672,31.5511553
HD 67087 c,HD 67087,Radial Velocity,2015.0,Multiple Observatories,2374.0,12.9,1540.0,,6330.0,1.55,1.36,76.5217,121.9155672,31.5511553
HD 68402 b,HD 68402,Radial Velocity,2016.0,Multiple Observatories,1103.0,12.6,2510.8444153,,5950.0,1.02,1.12,78.4293,121.3474609,-74.4100732
HD 68475 b,HD 68475,Radial Velocity,2026.0,Las Campanas Observatory,7832.0,12.8,1639.99458012,,5022.0,0.79099,0.83,33.4297,122.7192621,-42.8128841
HD 6860 b,HD 6860,Radial Velocity,2023.0,Bohyunsan Optical Astronomical Observatory,663.87,11.9,8981.83078182,,3802.0,86.4,2.49,61.12469,17.432979,35.620499
HD 68988 b,HD 68988,Radial Velocity,2001.0,Multiple Observatories,6.27711,13.4,626.1251,,5932.0,1.19,1.28,60.8447,124.5935429,61.4608518
HD 68988 c,HD 68988,Radial Velocity,2021.0,Multiple Observatories,16000.0,12.2,4776.96095721,,5883.41,1.255733,1.171665,60.8447,124.5935429,61.4608518
HD 69123 b,HD 69123,Radial Velocity,2022.0,La Silla Observatory,1193.3,13.1,982.08977763,,4842.0,7.72,1.68,75.116,123.55499,-35.4899246
HD 69830 b,HD 69830,Radial Velocity,2006.0,La Silla Observatory,8.667,3.17,10.2,,5385.0,0.886947,0.86,12.5591,124.6010091,-12.6364246
HD 69830 c,HD 69830,Radial Velocity,2006.0,La Silla Observatory,31.56,3.46,11.8,,5385.0,0.886947,0.86,12.5591,124.6010091,-12.6364246
HD 69830 d,HD 69830,Radial Velocity,2006.0,La Silla Observatory,197.0,4.45,18.1,,5385.0,0.886947,0.86,12.5591,124.6010091,-12.6364246
HD 70573 b,HD 70573,Radial Velocity,2007.0,La Silla Observatory,851.8,12.8,1900.0,,5737.0,0.976919,1.0,59.182,125.7079153,1.8591088
HD 70642 b,HD 70642,Radial Velocity,2003.0,Anglo-Australian Telescope,2124.54,13.0,1239.5307873,,5732.0,0.984,1.078,29.276,125.3661079,-39.7044432
HD 7199 b,HD 7199,Radial Velocity,2011.0,La Silla Observatory,615.0,,3639.13526015,,5371.0,0.97,0.77,36.1531,17.6979344,-66.1886947
HD 72490 b,HD 72490,Radial Velocity,2018.0,W. M. Keck Observatory,858.0,13.5,561.92344,,4934.0,4.96,1.21,126.339,128.4028287,13.5507189
HD 72659 b,HD 72659,Radial Velocity,2002.0,W. M. Keck Observatory,3549.0,13.2,949.67128012,,5929.0,1.36,1.033,51.8949,128.5128072,-1.5686323
HD 72659 c,HD 72659,Radial Velocity,2022.0,Multiple Observatories,35500.0,12.1,6165.8710958,,5929.0,1.36,1.033,51.8949,128.5128072,-1.5686323
HD 72892 b,HD 72892,Radial Velocity,2016.0,Multiple Observatories,39.44603,12.8,1737.88572948,,5688.0,1.22,1.01,69.7311,128.7195554,-14.4574311
HD 73256 c,HD 73256,Radial Velocity,2023.0,La Silla Observatory,2690.0,12.2,5085.254512,,5570.0,0.944723,1.0,36.708,129.0949961,-30.0373339
HD 73267 b,HD 73267,Radial Velocity,2008.0,La Silla Observatory,1257.99159,13.0,1321.53051631,,5387.0,0.909,0.93,50.4093,129.0735123,-34.4594469
HD 73267 c,HD 73267,Radial Velocity,2022.0,Multiple Observatories,17071.78045,12.8,1630.77755632,,5387.0,0.909,0.93,50.4093,129.0735123,-34.4594469
HD 73344 b,HD 73344,Transit,2024.0,K2,15.611,2.884,10.48,911.0,6252.6,1.22,1.2,35.26,129.6894456,23.6852651
HD 73344 c,HD 73344,Radial Velocity,2025.0,Multiple Observatories,65.94,13.5,118.54999581,,6148.0,1.22,1.19,35.26,129.6894456,23.6852651
HD 73344 d,HD 73344,Radial Velocity,2025.0,Multiple Observatories,5823.0,13.2,810.46243785,,6148.0,1.22,1.19,35.26,129.6894456,23.6852651
HD 73526 b,HD 73526,Radial Velocity,2002.0,Anglo-Australian Telescope,188.3,13.1,978.9164,,5601.0,1.53,1.14,97.2396,129.318331,-41.3184231
HD 73526 c,HD 73526,Radial Velocity,2005.0,Anglo-Australian Telescope,379.1,13.3,715.09,,5601.0,1.53,1.014,97.2396,129.318331,-41.3184231
HD 73534 b,HD 73534,Radial Velocity,2008.0,W. M. Keck Observatory,1750.0,13.7,353.42696,,4917.0,2.58,1.16,83.3321,129.8153421,12.9599703
HD 73583 b,HD 73583,Transit,2022.0,Transiting Exoplanet Survey Satellite (TESS),6.398042,2.79,10.2,714.0,4511.0,0.65,0.73,31.5666,129.6883026,-13.2565267
HD 73583 c,HD 73583,Transit,2022.0,Transiting Exoplanet Survey Satellite (TESS),18.87974,2.39,9.7,498.0,4511.0,0.65,0.73,31.5666,129.6883026,-13.2565267
HD 74156 b,HD 74156,Radial Velocity,2003.0,Haute-Provence Observatory,51.63564,13.5,532.36258173,,6068.0,1.510576,1.1,57.603,130.6047813,4.5772338
HD 74156 c,HD 74156,Radial Velocity,2003.0,Haute-Provence Observatory,2448.48726,12.5,2753.98314665,,6068.0,1.510576,1.1,57.603,130.6047813,4.5772338
HD 7449 b,HD 7449,Radial Velocity,2011.0,La Silla Observatory,1270.55195,12.6,2597.92939882,,6024.0,0.97,1.196,38.662,18.621465,-5.0479716
HD 74698 b,HD 74698,Radial Velocity,2023.0,La Silla Observatory,15.017,5.12,23.0,,5783.0,1.333,1.039,52.0648,130.0744755,-71.8768726
HD 74698 c,HD 74698,Radial Velocity,2023.0,La Silla Observatory,3449.0,14.0,126.0,,5783.0,1.333,1.039,52.0648,130.0744755,-71.8768726
HD 75289 b,HD 75289,Radial Velocity,1999.0,La Silla Observatory,3.50927,14.2,155.7367,1260.0,6117.0,1.23,1.29,29.1158,131.9181715,-41.7377748
HD 75302 b,HD 75302,Radial Velocity,2023.0,La Silla Observatory,4356.0,12.8,1716.2733978,,5697.46,0.940904,1.06,30.3288,132.3015641,3.4850141
HD 75784 b,HD 75784,Radial Velocity,2014.0,W. M. Keck Observatory,341.2,13.8,317.83,,4867.0,3.4,1.26,85.4321,133.0992289,13.2330548
HD 75784 c,HD 75784,Radial Velocity,2018.0,W. M. Keck Observatory,7900.0,12.8,1792.5612,,4867.0,3.4,1.26,85.4321,133.0992289,13.2330548
HD 75898 b,HD 75898,Radial Velocity,2007.0,W. M. Keck Observatory,422.82,13.2,810.46243785,,6122.0,1.55,1.295,78.0505,133.4611999,33.0566885
HD 75898 c,HD 75898,Radial Velocity,2024.0,Multiple Observatories,6717.0,12.6,2698.36317543,,6122.0,1.55,1.295,78.0505,133.4611999,33.0566885
HD 76700 b,HD 76700,Radial Velocity,2002.0,Anglo-Australian Telescope,3.97097,9.6,66.7443,,5644.0,1.37,0.99,60.8831,133.4782248,-66.8004747
HD 76920 b,HD 76920,Radial Velocity,2017.0,Multiple Observatories,415.891,13.1,994.80291391,,4664.0,8.33,1.0,184.031,133.820353,-67.2653621
HD 77338 b,HD 77338,Radial Velocity,2012.0,La Silla Observatory,5.7361,4.12,15.9,,5341.0,0.97,1.37,45.935,135.3022475,-25.5282343
HD 77946 b,HD 77946,Transit,2024.0,Transiting Exoplanet Survey Satellite (TESS),6.527363,2.89646124,10.9,1128.86,6007.0,1.3174,1.1973,99.451,136.777644,46.6724251
HD 79181 b,HD 79181,Radial Velocity,2021.0,Okayama Astrophysical Observatory,273.1,14.1,203.41018048,,4862.0,11.06,1.28,103.335,137.9944736,-19.7474341
HD 7924 b,HD 7924,Radial Velocity,2008.0,W. M. Keck Observatory,5.39792,,2058.25676373,825.9,5131.0,0.78,0.65,16.9922,20.4956562,76.7101475
HD 7924 c,HD 7924,Radial Velocity,2015.0,W. M. Keck Observatory,15.299,,1762.67634522,583.6,5075.0,0.7821,0.832,16.9922,20.4956562,76.7101475
HD 7924 d,HD 7924,Radial Velocity,2015.0,W. M. Keck Observatory,24.451,,1568.16536014,499.0,5075.0,0.7821,0.832,16.9922,20.4956562,76.7101475
HD 79498 b,HD 79498,Radial Velocity,2011.0,McDonald Observatory,1807.0,13.6,425.8922,,5748.0,1.05,1.08,48.9489,138.7885794,23.3748792
HD 80606 b,HD 80606,Radial Velocity,2001.0,Multiple Observatories,111.436765,11.56766808,1323.46926959,405.0,5565.0,1.05,1.05,66.4711,140.6569501,50.6037764
HD 80653 b,HD 80653,Transit,2020.0,K2,0.719573,1.613,5.72,2463.0,5959.0,1.22,1.18,109.86,140.3390845,14.3678691
HD 80869 b,HD 80869,Radial Velocity,2021.0,Haute-Provence Observatory,1752.92067,12.8,1609.80088146,203.2,5837.0,1.062,1.06,85.3951,140.7912931,33.9048294
HD 80883 b,HD 80883,Radial Velocity,2022.0,Multiple Observatories,6383.78352,12.8,1748.0562385,,5177.91,0.814842,0.88,34.6011,139.9331831,-59.4780815
HD 80913 b,HD 80913,Radial Velocity,2022.0,Multiple Observatories,10839.83341,12.0,7505.2000029,,6013.24,1.6542,1.11,61.3603,138.1021548,-81.768451
HD 81040 b,HD 81040,Radial Velocity,2005.0,Multiple Observatories,1002.7,12.6,2301.07766668,,5755.0,0.91,0.99,34.4341,140.9455027,20.3646078
HD 81688 b,HD 81688,Radial Velocity,2007.0,Okayama Astrophysical Observatory,183.93,13.5,525.68818518,,4797.0,11.13,1.07,85.7183,142.1665753,45.6009241
HD 81817 b,HD 81817,Radial Velocity,2020.0,Bohyunsan Optical Astronomical Observatory,1021.20159,12.0,7668.5638041,,4140.0,83.8,4.3,269.126,144.2715659,81.3263096
HD 81817 c,HD 81817,Radial Velocity,2022.0,Multiple Observatories,622.97802,12.0,7185.78245386,,4140.0,83.8,4.3,269.126,144.2715659,81.3263096
HD 82886 b,HD 82886,Radial Velocity,2011.0,W. M. Keck Observatory,705.0,13.3,740.5439,,4953.0,5.26,2.53,127.061,143.9383526,34.7805902
HD 82943 b,HD 82943,Radial Velocity,2003.0,La Silla Observatory,441.47,13.5,534.25,,5935.0,1.1826,1.08,27.5902,143.7114034,-12.1302976
HD 82943 c,HD 82943,Radial Velocity,2003.0,La Silla Observatory,220.078,13.4,622.603,,5935.0,1.1826,1.08,27.5902,143.7114034,-12.1302976
HD 8326 b,HD 8326,Radial Velocity,2019.0,Las Campanas Observatory,158.991,9.58,66.6,,4914.0,0.783181,0.8,30.6862,20.5314418,-26.8940678
HD 83443 b,HD 83443,Radial Velocity,2002.0,Multiple Observatories,2.985628,14.1,127.76701961,,5442.0,0.94,1.0,40.8991,144.2994103,-43.272721
HD 83443 c,HD 83443,Radial Velocity,2022.0,Multiple Observatories,8241.0,13.6,476.7426105,,5442.0,0.94,1.0,40.8991,144.2994103,-43.272721
HD 8535 b,HD 8535,Radial Velocity,2010.0,La Silla Observatory,1313.0,14.0,216.1244,,6136.0,1.19,1.13,55.4401,20.9054804,-41.2701007
HD 85390 b,HD 85390,Radial Velocity,2009.0,La Silla Observatory,799.52,6.16,31.46517,,5186.0,0.8,0.758,33.5225,147.5105663,-49.7905254
HD 85426 c,TOI-1774,Radial Velocity,2026.0,Multiple Observatories,35.73,3.19,10.3,640.0,5746.0,1.1303,0.991,53.974,148.1619305,35.111008
HD 8574 b,HD 8574,Radial Velocity,2002.0,Haute-Provence Observatory,227.0,13.4,645.1949,,6064.0,1.38,1.34,44.8264,21.3033807,28.5660169
HD 86065 b,HD 86065,Radial Velocity,2022.0,Multiple Observatories,25775.78859,12.5,2877.30056857,,4927.56,0.780347,0.81,40.3661,148.9256674,-18.1069385
HD 86081 b,HD 86081,Radial Velocity,2006.0,W. M. Keck Observatory,2.1378431,13.6,470.3884,,5939.0,1.46,1.21,103.936,149.0243714,-3.8083543
HD 86226 b,HD 86226,Radial Velocity,2009.0,Las Campanas Observatory,1628.0,14.3,143.0235,176.0,5863.0,1.053,1.019,45.683,149.1235154,-24.0991859
HD 86226 c,HD 86226,Transit,2020.0,Transiting Exoplanet Survey Satellite (TESS),3.98442,2.16,7.25,1311.0,5863.0,1.053,1.019,45.683,149.1235154,-24.0991859
HD 86264 b,HD 86264,Radial Velocity,2009.0,Lick Observatory,1488.79123,12.5,3117.26101586,,6210.0,1.88,1.26,67.8107,149.2409308,-15.8953993
HD 86728 b,HD 86728,Radial Velocity,2025.0,Multiple Observatories,31.1515,3.03,9.43,,5610.0,1.237,0.967,14.9202,150.250054,31.9218216
HD 8673 b,HD 8673,Radial Velocity,2009.0,Thueringer Landessternwarte Tautenburg,1644.69097,12.3,4210.59073594,,6389.05,1.50225,1.28,37.8619,21.5378455,34.5793389
HD 86950 b,HD 86950,Radial Velocity,2016.0,Multiple Observatories,1270.0,13.0,1144.188,,4805.0,8.8,1.66,209.839,150.4066612,-17.3330699
HD 87646 b,HD 87646,Radial Velocity,2016.0,Apache Point Observatory,13.481,12.4,3941.092,,5770.0,1.55,1.12,73.58352,151.6695435,17.8949795
HD 87816 b,HD 87816,Radial Velocity,2025.0,La Silla Observatory,484.17,12.7,2142.16346318,,4989.0,9.0,2.41,133.233,151.5296524,-52.1878679
HD 87816 c,HD 87816,Radial Velocity,2025.0,La Silla Observatory,7596.0,12.4,3877.5065654,,4989.0,9.0,2.41,133.233,151.5296524,-52.1878679
HD 87883 b,HD 87883,Radial Velocity,2009.0,Lick Observatory,3006.0,12.7,2005.49724817,,4980.0,0.798557,0.8,18.2912,152.1794175,34.2419984
HD 88072 b,HD 88072,Radial Velocity,2022.0,Multiple Observatories,18538.79293,12.6,2511.79790052,,5785.33,1.032,1.04,35.9098,152.3467466,2.371054
HD 88133 b,HD 88133,Radial Velocity,2004.0,W. M. Keck Observatory,3.414884,13.8,324.1866,,5392.0,2.2,1.26,73.6123,152.5319349,18.1857284
HD 88986 b,HD 88986,Radial Velocity,2023.0,Haute-Provence Observatory,146.05,2.49,17.2,460.0,5861.0,1.543,1.25,33.2673,154.1166869,28.6820708
HD 89307 b,HD 89307,Radial Velocity,2009.0,Lick Observatory,2166.0,13.4,642.01338214,,5955.0,1.1,1.27,32.0104,154.5874958,12.6209392
HD 89345 b,HD 89345,Transit,2018.0,K2,11.8143,7.39794,34.9613,1089.0,5576.0,1.747,1.157,132.345,154.6710977,10.1288464
HD 89744 b,HD 89744,Radial Velocity,1999.0,Fred Lawrence Whipple Observatory,256.78,12.6,2653.8805,,6291.0,2.13257,1.86,38.6364,155.5433193,41.2289354
HD 89839 b,HD 89839,Radial Velocity,2023.0,Multiple Facilities,3391.2,12.8,1748.0562385,,6314.0,1.28588,1.21,57.3063,155.168879,-53.6640291
HD 90156 b,HD 90156,Radial Velocity,2009.0,La Silla Observatory,49.77,4.43,17.98,,5599.0,0.920286,0.84,21.9496,155.9801144,-29.645103
HD 9174 b,HD 9174,Radial Velocity,2016.0,Multiple Observatories,1179.0,13.7,352.7913,,5577.0,1.67,1.03,81.4893,22.5043352,-19.6052945
HD 92788 b,HD 92788,Radial Velocity,2000.0,Multiple Observatories,325.803,13.0,1195.0408,,5744.0,1.14,1.15,34.6538,160.7021351,-2.1847173
HD 92788 c,HD 92788,Radial Velocity,2019.0,La Silla Observatory,11611.2975,13.0,1166.4361,,5744.0,1.14,1.15,34.6538,160.7021351,-2.1847173
HD 93083 b,HD 93083,Radial Velocity,2005.0,La Silla Observatory,144.72,14.3,143.34061156,,5033.8,0.837,0.836,28.5159,161.0866672,-33.5776794
HD 93351 b,HD 93351,Radial Velocity,2022.0,Multiple Observatories,2.45946,1.69,3.49611248,,5408.0,0.911435,0.94,56.163,161.6779279,-1.6885763
HD 93351 c,HD 93351,Radial Velocity,2022.0,Multiple Observatories,14010.2941,12.3,4154.01727949,,5408.0,0.911435,0.94,56.163,161.6779279,-1.6885763
HD 93385 b,HD 93385,Radial Velocity,2021.0,La Silla Observatory,7.3426,1.88,4.2,,5977.0,1.18484,1.04,43.3475,161.5627065,-41.464604
HD 93385 c,HD 93385,Radial Velocity,2021.0,La Silla Observatory,13.18,2.56,7.1,,5977.0,1.18484,1.04,43.3475,161.5627065,-41.464604
HD 93385 d,HD 93385,Radial Velocity,2021.0,La Silla Observatory,45.85,2.89,8.7,,5977.0,1.18484,1.04,43.3475,161.5627065,-41.464604
HD 93963 A b,HD 93963 A,Transit,2022.0,Transiting Exoplanet Survey Satellite (TESS),1.0376109,1.46954368,2.8,1842.23,5908.0,1.0311,1.0844,82.3432,162.7766969,25.641065
HD 93963 A c,HD 93963 A,Transit,2022.0,Transiting Exoplanet Survey Satellite (TESS),3.6451389,3.11976057,18.4,1212.45,5908.0,1.0311,1.0844,82.3432,162.7766969,25.641065
HD 9446 b,HD 9446,Radial Velocity,2009.0,Haute-Provence Observatory,30.052,14.0,222.472,,5793.0,1.0,1.0,50.3503,23.3350424,29.2649187
HD 9446 c,HD 9446,Radial Velocity,2009.0,Haute-Provence Observatory,192.9,13.4,578.426,,5793.0,1.0,1.0,50.3503,23.3350424,29.2649187
HD 94771 b,HD 94771,Radial Velocity,2023.0,La Silla Observatory,2164.0,14.2,169.0,,5631.0,1.903,1.2,57.7807,163.9746776,-35.1145225
HD 94834 b,HD 94834,Radial Velocity,2018.0,W. M. Keck Observatory,1576.0,13.7,400.4658,,4798.0,4.2,1.11,98.1609,164.3126363,24.1429374
HD 94890 b,HD 94890,Radial Velocity,2025.0,La Silla Observatory,824.61,13.3,676.97450691,,4867.0,10.71,1.74,61.7012,164.1797804,-37.1383035
HD 94890 c,HD 94890,Radial Velocity,2025.0,La Silla Observatory,2492.19,12.5,2831.85110637,,4867.0,10.71,1.74,61.7012,164.1797804,-37.1383035
HD 95086 b,HD 95086,Imaging,2013.0,Paranal Observatory,,12.9,1589.0,1000.0,7595.0,1.48667,1.6,86.2279,164.2621032,-68.6672917
HD 95089 b,HD 95089,Radial Velocity,2009.0,W. M. Keck Observatory,464.4,13.7,400.4658,,4918.0,5.08,1.54,136.957,164.698748,1.7290087
HD 95089 c,HD 95089,Radial Velocity,2016.0,W. M. Keck Observatory,1785.0,13.1,1096.5135,,4918.0,5.08,1.54,136.957,164.698748,1.7290087
HD 95127 b,HD 95127,Radial Velocity,2015.0,McDonald Observatory,482.0,12.4,3378.5329,,4218.0,41.01,3.7,676.579,164.8961152,43.8144094
HD 95338 b,HD 95338,Radial Velocity,2020.0,Las Campanas Observatory,55.082694,4.27174254,42.9,443.0,5097.0,0.868,0.848,36.9941,164.8563364,-56.6235564
HD 95544 b,HD 95544,Radial Velocity,2021.0,Haute-Provence Observatory,2041.54152,12.8,1913.64483855,156.5,5722.0,1.088,1.01,87.8049,166.3231784,81.0389868
HD 95735 c,GJ 411,Radial Velocity,2021.0,Multiple Observatories,2946.0,3.76,13.6,,3719.0,0.3685,0.3899,5.675773,165.834471,35.972317
HD 95872 b,HD 95872,Radial Velocity,2015.0,Multiple Facilities,4375.0,13.0,1188.6842,,5312.0,0.84,0.7,72.2195,165.8658796,-22.0943303
HD 96063 b,HD 96063,Radial Velocity,2011.0,W. M. Keck Observatory,362.5,13.7,403.6441,,5020.0,4.75,1.37,140.065,166.1853484,-2.5132966
HD 96127 b,HD 96127,Radial Velocity,2011.0,McDonald Observatory,647.29999,12.1,6661.7168,,3943.0,51.1,10.94,587.659,166.441502,44.30155
HD 96167 b,HD 96167,Radial Velocity,2009.0,W. M. Keck Observatory,498.04,14.0,227.88411,,5733.0,1.94,1.27,85.3006,166.3125657,-10.291345
HD 96700 b,HD 96700,Radial Velocity,2021.0,La Silla Observatory,8.1245,2.93,8.9,,5845.0,1.16,0.89,25.4111,166.9742616,-30.1751383
HD 96700 c,HD 96700,Radial Velocity,2021.0,La Silla Observatory,19.88,1.69,3.5,,5845.0,1.16,0.89,25.4111,166.9742616,-30.1751383
HD 96700 d,HD 96700,Radial Velocity,2021.0,La Silla Observatory,103.5,3.61,12.7,,5845.0,1.16,0.89,25.4111,166.9742616,-30.1751383
HD 96992 b,HD 96992,Radial Velocity,2021.0,Multiple Observatories,514.0,13.7,362.3262,,4725.0,7.43,0.96,396.082,167.5966158,43.9189897
HD 97037 b,HD 97037,Radial Velocity,2022.0,Multiple Observatories,6449.08337,12.1,6707.76852973,,5874.1,1.26356,1.06,32.413,167.5545621,-7.3901483
HD 97048 b,HD 97048,Disk Kinematics,2019.0,Atacama Large Millimeter Array (ALMA),,13.3,794.575,,10000.0,2.25,2.4,183.857,167.0133422,-77.654853
HD 97658 b,HD 97658,Radial Velocity,2010.0,W. M. Keck Observatory,9.4897116,2.12,8.3,751.0,5212.0,0.728,0.85,21.5618,168.6376584,25.7105962
HD 98219 b,HD 98219,Radial Velocity,2011.0,W. M. Keck Observatory,433.8,13.4,624.21812,,4925.0,4.6,1.41,113.704,169.4475218,-23.975488
HD 98649 b,HD 98649,Radial Velocity,2012.0,La Silla Observatory,5384.0,12.5,3082.9355479,,5759.0,1.01,0.97,42.1727,170.2147665,-23.2181063
HD 98736 b,HD 98736,Radial Velocity,2018.0,W. M. Keck Observatory,968.8,13.3,740.5439,,5271.0,0.93,0.92,32.4459,170.4549045,18.1896082
HD 99109 b,HD 99109,Radial Velocity,2005.0,W. M. Keck Observatory,439.29999,14.3,139.8452,,5282.0,0.98,0.76,54.7901,171.0715576,-1.529761
HD 99283 b,HD 99283,Radial Velocity,2021.0,Okayama Astrophysical Observatory,310.4,13.8,308.29355479,,4886.0,11.21,1.76,111.093,171.4874082,55.8506653
HD 99492 b,HD 99492,Radial Velocity,2004.0,W. M. Keck Observatory,17.0503,5.44,25.5,,4929.0,0.822539,0.85,18.2038,171.689687,3.0071331
HD 99492 c,HD 99492,Radial Velocity,2023.0,Roque de los Muchachos Observatory,95.233,4.42,17.9,,4929.0,0.822539,0.85,18.2038,171.689687,3.0071331
HD 99706 b,HD 99706,Radial Velocity,2011.0,W. M. Keck Observatory,841.0,13.7,390.9309,,4862.0,5.52,1.46,146.6,172.1261621,43.9662025
HD 99706 c,HD 99706,Radial Velocity,2016.0,W. M. Keck Observatory,1278.0,12.8,1808.4527,,4891.0,5.4,1.72,146.6,172.1261621,43.9662025
HIP 105854 b,HIP 105854,Radial Velocity,2014.0,Multiple Observatories,184.2,12.6,2606.1,,4780.0,10.305119,2.1,78.6381,321.5962275,-37.8294782
HIP 107772 b,HIP 107772,Radial Velocity,2020.0,Multiple Observatories,55.199,3.64,12.9,,4006.0,0.513922,0.63,23.6434,327.4977057,-41.2440371
HIP 107773 b,HIP 107773,Radial Velocity,2015.0,Multiple Observatories,144.3,13.4,629.3034,,4945.0,11.6,2.42,105.18,327.5005089,-64.7126993
HIP 109384 b,HIP 109384,Radial Velocity,2016.0,Haute-Provence Observatory,499.48,13.5,495.8148,,5180.0,0.831075,0.78,58.9582,332.408972,71.313956
HIP 109600 b,HIP 109600,Radial Velocity,2016.0,Haute-Provence Observatory,232.08,13.2,851.7844,,5530.0,0.971958,0.87,66.3361,333.027079,29.0662082
HIP 111909 b,HIP 111909,Radial Velocity,2025.0,Multiple Observatories,487.08,13.7,384.57237247,,4891.0,4.53,1.28,88.077,340.0304354,-49.5985391
HIP 111909 c,HIP 111909,Radial Velocity,2025.0,Multiple Observatories,893.63,13.9,257.44100967,,4891.0,4.53,1.28,88.077,340.0304354,-49.5985391
HIP 113103 b,HIP 113103,Transit,2023.0,Transiting Exoplanet Survey Satellite (TESS),7.610303,1.829,4.0,721.0,4930.0,0.742,0.761,46.2122,343.5723794,-43.0102291
HIP 113103 c,HIP 113103,Transit,2023.0,Transiting Exoplanet Survey Satellite (TESS),14.245648,2.4,6.35,585.0,4930.0,0.742,0.761,46.2122,343.5723794,-43.0102291
HIP 114933 b,HIP 114933,Radial Velocity,2021.0,Multiple Observatories,1481.6,13.4,616.58710958,,4823.0,5.27,1.39,101.766,349.2071949,-21.2033101
HIP 116454 b,HIP 116454,Transit,2014.0,K2,9.1004157,2.469,9.7,753.2,5048.0,0.758,0.8,62.4491,353.9543517,0.4447043
HIP 12961 b,HIP 12961,Radial Velocity,2010.0,La Silla Observatory,57.435,13.2,114.4188,,3901.0,0.65,0.69,23.371,41.6800749,-23.0860048
HIP 14810 b,HIP 14810,Radial Velocity,2005.0,W. M. Keck Observatory,6.673892,13.0,1239.537,,5544.0,1.07,1.01,50.48,47.809275,21.0971302
HIP 14810 c,HIP 14810,Radial Velocity,2006.0,W. M. Keck Observatory,147.747,13.6,416.3573,,5544.0,1.07,1.01,50.48,47.809275,21.0971302
HIP 14810 d,HIP 14810,Radial Velocity,2009.0,W. M. Keck Observatory,981.8,14.1,187.5197,,5544.0,1.07,1.01,50.48,47.809275,21.0971302
HIP 18606 b,HIP 18606,Radial Velocity,2025.0,Multiple Observatories,674.94,14.0,244.72787339,,4860.0,4.83,1.21,47.0288,59.7181058,-5.4706979
HIP 19976 b,HIP 19976,Radial Velocity,2022.0,Multiple Observatories,50.65905,4.94,21.61233168,,4316.0,0.772319,0.67,40.2707,64.2597881,-40.7985198
HIP 21152 b,HIP 21152,Imaging,2022.0,Multiple Observatories,22000.0,12.0,7627.881768,1300.0,6655.0,1.59186,1.4,43.4073,68.0205209,5.4100745
HIP 29442 c,TOI-469,Radial Velocity,2023.0,Paranal Observatory,3.5379559,1.551,4.5,1123.0,5289.0,0.98,0.901,68.192,93.0578446,-14.6493167
HIP 29442 d,TOI-469,Radial Velocity,2023.0,Paranal Observatory,6.429575,1.538,5.14,920.0,5289.0,0.98,0.901,68.192,93.0578446,-14.6493167
HIP 34222 b,HIP 34222,Radial Velocity,2021.0,Cerro Tololo Inter-American Observatory,159.986,13.9,263.79757781,,4050.0,0.6186,0.62,22.8386,106.4257786,27.4704132
HIP 35173 b,HIP 35173,Radial Velocity,2019.0,Las Campanas Observatory,41.516,3.61,12.7,,4881.0,0.773404,0.79,33.1562,109.0449329,-3.6661273
HIP 35965 b,HIP 35965,Radial Velocity,2022.0,Multiple Observatories,26125.56497,12.6,2589.98368864,,4836.0,0.697551,0.78,50.1677,111.2025182,-51.3257507
HIP 38594 b,HIP 38594,Radial Velocity,2020.0,Multiple Observatories,60.722,2.77,8.1,,4086.3,0.626646,0.61,17.7886,118.5439118,-25.3023073
HIP 38594 c,HIP 38594,Radial Velocity,2020.0,Multiple Observatories,3477.768,7.94,48.4,,4086.3,0.626646,0.61,17.7886,118.5439118,-25.3023073
HIP 39017 b,HIP 39017,Imaging,2024.0,Multiple Observatories,31000.0,12.0,7500.7504052,,7201.0,1.51987,1.52,66.3217,119.7665756,-4.3326006
HIP 41378 b,HIP 41378,Transit,2016.0,K2,15.571893,2.419,9.06,970.67,6371.0,1.306,1.245,106.289,126.6158279,10.0803708
HIP 41378 c,HIP 41378,Transit,2016.0,K2,31.70838,2.505,6.53,765.87,6371.0,1.306,1.245,106.289,126.6158279,10.0803708
HIP 41378 d,HIP 41378,Transit,2016.0,K2,278.3618,3.54,4.6,367.0,6320.0,1.273,1.16,106.289,126.6158279,10.0803708
HIP 41378 e,HIP 41378,Transit,2016.0,K2,369.0,4.92,12.0,335.0,6320.0,1.273,1.16,106.289,126.6158279,10.0803708
HIP 41378 f,HIP 41378,Transit,2016.0,K2,542.0797,9.2,12.0,294.0,6226.0,1.299,1.14,106.289,126.6158279,10.0803708
HIP 41378 g,HIP 41378,Radial Velocity,2025.0,W. M. Keck Observatory,64.067,2.5,6.81,605.0,6371.0,1.306,1.245,106.289,126.6158279,10.0803708
HIP 4845 b,HIP 4845,Radial Velocity,2020.0,Multiple Observatories,34.15,3.89,14.4,,4010.0,0.603999,0.62,21.0974,15.5881733,-10.4246208
HIP 48714 b,HIP 48714,Radial Velocity,2020.0,Multiple Observatories,17.818,5.11,22.9,,4015.5,0.595456,0.58,10.5298,149.0332672,62.7859505
HIP 5158 b,HIP 5158,Radial Velocity,2009.0,La Silla Observatory,345.72,13.6,451.0,,4962.0,0.75,0.78,51.6026,16.5094891,-22.4536134
HIP 5158 c,HIP 5158,Radial Velocity,2011.0,La Silla Observatory,9017.76,12.2,4780.1632,,4813.0,0.754089,0.78,51.6026,16.5094891,-22.4536134
HIP 54373 b,HIP 54373,Radial Velocity,2019.0,Las Campanas Observatory,7.76,2.87,8.62,,4021.0,0.564998,0.57,18.7168,166.8643532,-19.2916857
HIP 54373 c,HIP 54373,Radial Velocity,2019.0,Las Campanas Observatory,15.144,3.57,12.44,,4021.0,0.564998,0.57,18.7168,166.8643532,-19.2916857
HIP 54515 b,HIP 54515,Imaging,2026.0,Subaru Telescope,33000.0,12.2,5625.5628039,,8100.0,1.64915,1.9,82.8101,167.3066308,-1.3332838
HIP 54597 b,HIP 54597,Radial Velocity,2023.0,La Silla Observatory,3274.0,13.3,762.7881768,,4799.0,0.66,0.8,39.7429,167.6082179,-29.4143018
HIP 55507 b,HIP 55507,Radial Velocity,2022.0,Multiple Observatories,5138.43727,12.6,2585.53409095,,4171.0,0.723643,0.65,25.4893,170.5227246,46.907803
HIP 56640 b,HIP 56640,Radial Velocity,2021.0,Multiple Observatories,2675.57603,12.7,2151.69831539,,4769.0,4.93,1.75,122.324,174.2008941,-37.0391349
HIP 57274 b,HIP 57274,Radial Velocity,2011.0,W. M. Keck Observatory,8.1352,,3359.44626199,,4510.0,0.78,0.29,25.8618,176.1705487,30.9576484
HIP 57274 c,HIP 57274,Radial Velocity,2011.0,W. M. Keck Observatory,32.03,14.2,130.0,,4640.0,0.68,0.73,25.8618,176.1705487,30.9576484
HIP 57274 d,HIP 57274,Radial Velocity,2011.0,W. M. Keck Observatory,431.7,14.2,167.4,,4640.0,0.68,0.73,25.8618,176.1705487,30.9576484
HIP 5763 b,HIP 5763,Radial Velocity,2021.0,Cerro Tololo Inter-American Observatory,30.014,14.2,162.09248757,,4352.0,0.750378,0.72,31.9043,18.495343,16.4942738
HIP 63242 b,HIP 63242,Radial Velocity,2013.0,Multiple Observatories,124.6,12.5,2917.56,,4830.0,10.275655,1.54,156.456,194.3824825,-65.6463263
HIP 65 A b,HIP 65 A,Transit,2020.0,Transiting Exoplanet Survey Satellite (TESS),0.9809734,22.75427,1021.18779,1411.0,4590.0,0.7242,0.781,61.7856,0.1856063,-54.8308228
HIP 65407 b,HIP 65407,Radial Velocity,2016.0,Haute-Provence Observatory,28.125,14.3,136.03124,,5460.0,0.952252,0.93,61.7804,201.087663,48.8847322
HIP 65407 c,HIP 65407,Radial Velocity,2016.0,Haute-Provence Observatory,67.3,13.9,249.17872,,5460.0,0.952252,0.93,61.7804,201.087663,48.8847322
HIP 65426 b,HIP 65426,Imaging,2017.0,Paranal Observatory,,16.8135,2860.47,1500.0,8840.0,1.77,1.96,108.875,201.1501727,-51.5045384
HIP 65891 b,HIP 65891,Radial Velocity,2015.0,Multiple Observatories,1079.55726,12.8,1871.37366042,,5000.0,8.93,2.49,150.292,202.6050857,-58.6643937
HIP 66074 b,HIP 66074,Astrometry,2023.0,European Space Agency (ESA) Gaia Satellite,310.9,12.9,1589.142035,,4300.0,0.69,0.705,35.4438,203.1635632,75.0071038
HIP 67522 b,HIP 67522,Transit,2020.0,Transiting Exoplanet Survey Satellite (TESS),6.9594731,9.9872018,71.4,1175.0,5675.0,1.38,1.22,127.28,207.526001,-40.8358961
HIP 67522 c,HIP 67522,Transit,2024.0,Transiting Exoplanet Survey Satellite (TESS),14.334892,7.93595834,48.3,917.0,5675.0,1.38,1.22,127.28,207.526001,-40.8358961
HIP 67537 b,HIP 67537,Radial Velocity,2017.0,Multiple Observatories,2523.64713,12.3,4309.11754211,,4985.0,8.69,2.316,116.046,207.5808445,-39.9008996
HIP 67851 b,HIP 67851,Radial Velocity,2015.0,Multiple Observatories,89.23,13.7,365.50266805,,4840.0,5.45,1.28,64.1181,208.465364,-35.3146536
HIP 67851 c,HIP 67851,Radial Velocity,2015.0,Multiple Observatories,3128.41,12.7,2204.77565936,,4840.0,5.45,1.28,64.1181,208.465364,-35.3146536
HIP 70849 b,HIP 70849,Radial Velocity,2009.0,La Silla Observatory,3649.0,12.9,1430.2278315,,4105.0,0.633112,0.65,24.0572,217.3270762,-46.464684
HIP 71135 b,HIP 71135,Radial Velocity,2019.0,Las Campanas Observatory,87.19,4.55,18.8,,4146.0,0.681296,0.66,32.3311,218.2158073,-52.6464757
HIP 74890 b,HIP 74890,Radial Velocity,2016.0,Multiple Observatories,822.3,13.3,762.792,,4850.0,5.77,1.74,78.6562,229.5714974,-41.4210961
HIP 75092 b,HIP 75092,Radial Velocity,2021.0,Multiple Observatories,926.4,13.5,568.91284853,,4891.0,4.53,1.28,81.6696,230.1724206,-25.9910525
HIP 77900 b,HIP 77900,Imaging,2024.0,European Space Agency (ESA) Gaia Satellite,,12.1,6674.396547,2507.0,13646.0,,,150.862,238.6253901,-27.3387434
HIP 78530 b,HIP 78530,Imaging,2010.0,Gemini Observatory,,12.0,7300.0,2700.0,10500.0,2.10876,2.5,136.759,240.4810052,-21.980492
HIP 79098 AB b,HIP 79098 AB,Imaging,2019.0,Paranal Observatory,,12.1,6515.515,2450.0,9193.75,,3.75,145.798,242.1821202,-23.6855244
HIP 79431 b,HIP 79431,Radial Velocity,2009.0,W. M. Keck Observatory,111.7,13.4,667.415,,3191.0,0.478625,0.49,14.5324,243.1742467,-18.8764247
HIP 81208 C b,HIP 81208 C,Imaging,2023.0,Paranal Observatory,104100.0,12.3,4703.8604236,2050.0,,,0.135,147.533,248.8075,-35.7247583
HIP 8152 b,HIP 8152,Transit,2023.0,Transiting Exoplanet Survey Satellite (TESS),10.751014,2.53625843,8.9,794.96,5618.0,0.9603,0.9373,101.694,26.2092533,-18.4013844
HIP 8152 c,HIP 8152,Transit,2023.0,Transiting Exoplanet Survey Satellite (TESS),19.60562,2.52442508,10.7,650.68,5618.0,0.9603,0.9373,101.694,26.2092533,-18.4013844
HIP 8541 b,HIP 8541,Radial Velocity,2016.0,Multiple Observatories,1852.14387,12.6,2451.7283316,,4672.0,6.84,2.009,155.121,27.5271962,-54.4651633
HIP 86221 b,HIP 86221,Radial Velocity,2021.0,Cerro Tololo Inter-American Observatory,2.224,14.0,225.65816897,,,,0.79,29.4898,264.294875,27.896391
HIP 90988 b,HIP 90988,Radial Velocity,2021.0,Multiple Observatories,455.73816,13.4,668.07531151,,4883.0,3.94,1.613,94.0349,278.3892816,-50.211692
HIP 91258 b,HIP 91258,Radial Velocity,2013.0,Haute-Provence Observatory,5.0505,13.7,346.4347,,5519.0,0.89,0.97,45.8846,279.2211173,61.7015065
HIP 94235 b,HIP 94235,Transit,2022.0,Transiting Exoplanet Survey Satellite (TESS),7.713057,3.0,379.0,1060.0,5991.0,1.08,1.094,58.5146,287.7411441,-60.2726358
HIP 948 b,HIP 948,Radial Velocity,2022.0,Multiple Observatories,24955.45756,12.1,6547.2651842,,4497.0,0.688488,0.71,34.8523,2.9276336,-39.2304879
HIP 9618 b,HIP 9618,Transit,2023.0,Transiting Exoplanet Survey Satellite (TESS),20.772858,3.82838127,8.3,640.88,5649.0,0.9593,0.942,67.5478,30.9050061,21.2813274
HIP 9618 c,HIP 9618,Transit,2023.0,Transiting Exoplanet Survey Satellite (TESS),52.56363,3.42855926,7.0,470.31,5649.0,0.9593,0.942,67.5478,30.9050061,21.2813274
HIP 97166 b,HIP 97166,Transit,2021.0,Transiting Exoplanet Survey Satellite (TESS),10.288914,2.4801338,19.1,701.66,5216.0,0.8418,0.9342,65.9501,296.2446203,74.0628577
HIP 97166 c,HIP 97166,Radial Velocity,2021.0,Multiple Observatories,16.432,2.75,8.0,642.0,5216.0,0.8418,0.9342,65.9501,296.2446203,74.0628577
HIP 97233 b,HIP 97233,Radial Velocity,2014.0,Multiple Observatories,1062.26506,12.1,6098.17364511,,5020.0,5.34,1.81,102.275,296.4221207,-0.6968794
HIP 99770 b,HIP 99770,Imaging,2023.0,Multiple Observatories,18600.0,12.2,5403.082919,,8000.0,1.93986,1.9,40.0765,303.6338344,36.8066046
HN Lib b,HN Lib,Radial Velocity,2023.0,Calar Alto Observatory,36.116,2.2,5.46,234.4,3347.0,0.299,0.291,6.24442,218.5684823,-12.5170062
HN Peg b,HN Peg,Imaging,2006.0,Spitzer Space Telescope,,11.7768,6991.57,,6186.0,1.006954,1.08,18.1186,326.1315705,14.7714524
HR 2562 b,HR 2562,Imaging,2016.0,Gemini Observatory,,12.44199,6992.224954,1255.0,6597.0,1.334,1.3,34.0071,102.5042716,-60.2486775
HR 5183 b,HR 5183,Radial Velocity,2019.0,Multiple Observatories,27000.0,13.1,1052.01202717,171.0,5794.0,1.53,1.07,31.4607,206.7357992,6.3498994
HR 810 b,HR 810,Radial Velocity,1999.0,La Silla Observatory,302.79999,12.7,1970.5361234,,6167.0,1.13,1.34,17.3181,40.6417178,-50.7993484
HR 858 b,HR 858,Transit,2019.0,Transiting Exoplanet Survey Satellite (TESS),3.585287,2.004,3.55,1552.0,6354.0,1.258,1.204,31.964,42.9849779,-30.8140609
HR 858 c,HR 858,Transit,2019.0,Transiting Exoplanet Survey Satellite (TESS),5.973865,1.979,3.8,1309.0,6354.0,1.258,1.204,31.964,42.9849779,-30.8140609
HR 858 d,HR 858,Transit,2019.0,Transiting Exoplanet Survey Satellite (TESS),11.230511,2.001,7.1,1061.0,6354.0,1.258,1.204,31.964,42.9849779,-30.8140609
HR 8799 b,HR 8799,Imaging,2008.0,Gemini Observatory,170000.0,13.0,2000.0,1200.0,7204.58,1.49338,1.5,41.2441,346.8701486,21.1340376
HR 8799 c,HR 8799,Imaging,2008.0,Gemini Observatory,69000.0,13.0,3000.0,1200.0,7204.58,1.49338,1.5,41.2441,346.8701486,21.1340376
HR 8799 d,HR 8799,Imaging,2008.0,W. M. Keck Observatory,37000.0,13.0,3000.0,1300.0,7204.58,1.49338,1.5,41.2441,346.8701486,21.1340376
HR 8799 e,HR 8799,Imaging,2010.0,W. M. Keck Observatory,20815.6,13.11453,3178.3,1150.0,7400.0,1.49338,1.51,41.2441,346.8701486,21.1340376
HS Psc b,HS Psc,Radial Velocity,2024.0,McDonald Observatory,3.986,13.6,464.02947422,,4203.0,0.65,0.69,37.6604,24.347379,26.9528036
HU Aqr AB b,HU Aqr,Eclipse Timing Variations,2011.0,Yunnan Astronomical Observatory,2390.0,12.8,1875.197,,5952.0,,0.88,192.19807871,316.9921976,-5.2948694
HU Aqr AB c,HU Aqr,Eclipse Timing Variations,2011.0,Yunnan Astronomical Observatory,4368.0,12.9,1430.235,,5952.0,,0.88,192.19807871,316.9921976,-5.2948694
IC 4651 9122 b,IC 4651 9122,Radial Velocity,2018.0,La Silla Observatory,734.0,12.7,2002.329,,4740.1,10.267424,2.1,859.324,261.2086139,-49.9489317
IRAS 04125+2902 b,IRAS 04125+2902,Transit,2024.0,Transiting Exoplanet Survey Satellite (TESS),8.834978,10.73820351,80.8,854.0,4080.0,1.45,0.7,159.244,63.9283394,29.166542
ITG 15 b,ITG 15 A,Imaging,2024.0,European Space Agency (ESA) Gaia Satellite,,12.1,6674.396547,2601.0,,,,136.37,69.9370379,26.0312128
K2-10 b,K2-10,Transit,2015.0,K2,19.30553,3.773,25.2,649.0,5533.0,0.956,0.88,272.36,172.1216476,1.6906217
K2-100 b,K2-100,Transit,2016.0,K2,1.6739035,3.88,21.8,1841.0,5945.0,1.24,1.15,188.959,129.6010863,20.1060074
K2-101 b,K2-101,Transit,2016.0,K2,14.6762429,2.0,4.66,618.0,4927.0,0.76,0.82,188.33,130.3439097,18.9338205
K2-102 b,K2-102,Transit,2016.0,K2,9.915615,1.3,2.24,,4695.0,0.71,0.77,188.175,130.0558953,19.7787519
K2-104 b,K2-104,Transit,2016.0,K2,1.9741954,1.79,3.86,798.0,3712.0,0.48,0.51,189.289,129.6366594,19.7737202
K2-105 b,K2-105,Transit,2017.0,K2,8.26726,3.4,15.4,805.0,5373.0,0.905,0.94,197.989,125.4202985,13.4975122
K2-107 b,K2-107,Transit,2017.0,K2,3.313959,15.98,266.9772,1649.0,6061.0,1.81,1.3,685.2,284.985355,-22.2934206
K2-108 b,K2-108,Transit,2017.0,K2,4.733999,5.33,59.4,1360.0,5599.0,1.76,1.17,477.295,123.3818484,16.419516
K2-11 b,K2-11,Transit,2015.0,K2,39.93767,7.55,44.4,734.0,5433.0,5.15,1.35,329.309,169.0418328,1.9866832
K2-110 b,K2-110,Transit,2017.0,K2,13.86375,2.592,15.9,638.0,5010.0,0.713,0.738,116.474,207.3497402,-12.2849182
K2-111 b,K2-111,Transit,2017.0,K2,5.3518963,1.837,5.35,1293.0,5775.0,1.25,0.84,200.394,59.8903081,21.2985263
K2-111 c,K2-111,Radial Velocity,2020.0,Multiple Observatories,15.6748,3.34,11.1,923.0,5775.0,1.25,0.84,200.394,59.8903081,21.2985263
K2-113 b,K2-113,Transit,2017.0,K2,5.817685,12.14,410.0007,1098.0,5660.0,1.24,1.04,635.722,19.4493823,6.8688469
K2-114 b,K2-114,Transit,2017.0,K2,11.390931,10.59248676,638.83509807,701.4,4899.0,0.832,0.863,475.758,127.882912,11.922255
K2-115 b,K2-115,Transit,2017.0,K2,20.2729914,11.80305668,321.00669107,696.0,5870.0,0.855,0.918,413.591,126.5535002,12.281851
K2-116 b,K2-116,Transit,2017.0,K2,4.655411,0.69,0.257,,4348.35,0.6694,0.694512,49.3855,336.1523363,-11.5793181
K2-117 b,K2-117,Transit,2017.0,K2,1.2916,2.03,4.78,868.0,3778.0,0.51,0.54,101.632,133.8557342,10.4692176
K2-117 c,K2-117,Transit,2017.0,K2,5.444017,2.06,4.9,537.0,3778.0,0.51,0.54,101.632,133.8557342,10.4692176
K2-118 b,K2-118,Transit,2017.0,K2,50.92092,2.54,6.99,,4726.29,0.734626,0.756446,321.722,132.1268608,15.6558964
K2-119 b,K2-119,Transit,2017.0,K2,7.727283,2.53,6.94,666.0,4740.0,0.71,0.76,365.581,132.0098683,16.9017663
K2-12 b,K2-12,Transit,2015.0,K2,8.28246,2.44,5.2,1026.0,5672.0,1.117,0.965,326.381,173.1919022,2.2446794
K2-121 b,K2-121,Transit,2017.0,K2,5.185738,7.16,51.0,716.0,4526.0,0.675,0.71,169.398,126.9366624,17.5793267
K2-122 b,K2-122,Transit,2017.0,K2,2.2193023,1.16,1.65,769.0,4009.0,0.59,0.63,72.0444,126.4762179,20.3593384
K2-123 b,K2-123,Transit,2017.0,K2,30.951524,2.76,8.05,338.0,4035.0,0.59,0.62,161.555,134.4441404,21.4532748
K2-124 b,K2-124,Transit,2017.0,K2,6.413651,2.9,8.75,442.0,3570.0,0.388,0.39,140.385,133.6410515,23.1329509
K2-125 b,K2-125,Transit,2017.0,K2,21.750264,2.18,5.39,,3654.47,0.402049,0.494727,124.156,204.1418754,-14.9478195
K2-126 b,K2-126,Transit,2017.0,K2,7.385655,1.97,4.54,601.0,4339.0,0.65,0.69,102.953,203.5467021,-13.5769705
K2-127 b,K2-127,Transit,2017.0,K2,3.588163,8.37,52.9,809.0,4575.0,0.66,0.72,709.999,207.0782895,-11.5889878
K2-128 b,K2-128,Transit,2017.0,K2,5.675819,1.42,2.6,,4469.51,0.777569,0.711248,114.637,204.4376666,-8.5970858
K2-129 b,K2-129,Transit,2017.0,K2,8.239493,1.04,1.12,,3459.09,0.36001,0.360031,27.7957,289.1485491,-25.6463233
K2-13 b,K2-13,Transit,2015.0,K2,39.91488,1.89,4.23,511.0,5698.0,0.78,0.8,342.394,170.1554763,2.5027534
K2-130 b,K2-130,Transit,2017.0,K2,2.49412,1.25,2.1,,4356.47,0.744261,0.69563,118.011,290.2705419,-19.6908744
K2-131 b,K2-131,Transit,2017.0,K2,0.3693038,1.69,7.9,2223.0,5120.0,0.7595,0.803,152.509,182.751404,-9.7652392
K2-132 b,K2-132,Transit,2017.0,K2,9.1751,14.5717,155.7367,1586.0,4840.0,3.85,1.08,609.818,182.1662666,-8.7472172
K2-133 b,K2-133,Transit,2017.0,K2,3.07133,1.34,2.36,,3655.0,0.455,0.461,75.1703,70.1493775,25.0098135
K2-133 c,K2-133,Transit,2017.0,K2,4.86784,1.603,3.2,,3655.0,0.455,0.461,75.1703,70.1493775,25.0098135
K2-133 d,K2-133,Transit,2017.0,K2,11.02454,2.003,4.67,734.0,3655.0,0.455,0.461,75.1703,70.1493775,25.0098135
K2-133 e,K2-133,Transit,2019.0,K2,26.5841,1.73,3.64,296.0,3655.0,0.455,0.461,75.1703,70.1493775,25.0098135
K2-136 b,K2-136,Transit,2017.0,K2,7.9752,1.014,4.3,610.0,4500.0,0.677,0.742,59.2474,67.4128615,22.8825674
K2-136 c,K2-136,Transit,2017.0,K2,17.30713,3.0,18.1,470.0,4500.0,0.677,0.742,59.2474,67.4128615,22.8825674
K2-136 d,K2-136,Transit,2017.0,K2,25.575,1.565,3.0,420.0,4500.0,0.677,0.742,59.2474,67.4128615,22.8825674
K2-137 b,K2-137,Transit,2017.0,K2,0.179719,0.64,158.915,1471.0,3697.0,0.29,0.463,98.8765,186.870426,-6.1952168
K2-138 b,K2-138,Transit,2017.0,K2,2.35309,1.51,3.1,1157.0,5356.3,0.863,0.935,202.585,348.9490311,-10.8497391
K2-138 c,K2-138,Transit,2017.0,K2,3.56004,2.299,6.31,1012.0,5356.3,0.863,0.935,202.585,348.9490311,-10.8497391
K2-138 d,K2-138,Transit,2017.0,K2,5.40479,2.39,7.92,888.0,5356.3,0.863,0.935,202.585,348.9490311,-10.8497391
K2-138 e,K2-138,Transit,2017.0,K2,8.26146,3.39,12.97,757.0,5356.3,0.863,0.935,202.585,348.9490311,-10.8497391
K2-138 f,K2-138,Transit,2017.0,K2,12.75758,2.904,1.63,653.0,5356.3,0.863,0.935,202.585,348.9490311,-10.8497391
K2-138 g,K2-138,Transit,2021.0,K2,41.96797,3.013,4.32,445.0,5356.3,0.863,0.935,202.585,348.9490311,-10.8497391
K2-139 b,K2-139,Transit,2017.0,K2,28.380619,9.11,123.00021,524.0,5370.0,0.88,0.96,153.856,289.066707,-17.9107147
K2-14 b,K2-14,Transit,2015.0,K2,8.36802,4.81,20.7,488.0,3789.0,0.45,0.47,364.048,178.0568745,2.5941222
K2-140 b,K2-140,Transit,2017.0,K2,6.569188,13.56286665,295.58041851,962.0,5585.0,1.06,0.96,347.917,188.1373172,-9.6076115
K2-141 b,K2-141,Transit,2018.0,K2,0.2803244,1.51,4.97,2103.0,4570.0,0.681,0.708,61.8736,350.9170464,-1.1891827
K2-141 c,K2-141,Transit,2018.0,K2,7.7485,7.0,8.0,695.0,4570.0,0.681,0.708,61.8736,350.9170464,-1.1891827
K2-146 b,K2-146,Transit,2018.0,K2,2.6446,2.05,5.77,534.0,3385.0,0.33,0.331,79.3002,130.0266951,19.0923416
K2-146 c,K2-146,Transit,2019.0,K2,4.00498,2.19,7.49,,3385.0,0.33,0.331,79.3002,130.0266951,19.0923416
K2-147 b,K2-147,Transit,2018.0,K2,0.961939,1.47286006,2.77,1077.0,3690.0,0.578,0.563,90.5494,293.8330329,-28.498475
K2-148 b,K2-148,Transit,2018.0,K2,4.38395,1.33,2.33,,4079.0,0.632,0.65,124.458,14.5176494,-0.193258
K2-148 c,K2-148,Transit,2018.0,K2,6.9226,1.73,3.64,,4079.0,0.632,0.65,124.458,14.5176494,-0.193258
K2-148 d,K2-148,Transit,2018.0,K2,9.7579,1.64,3.33,,4079.0,0.632,0.65,124.458,14.5176494,-0.193258
K2-149 b,K2-149,Transit,2018.0,K2,11.332,1.64,3.33,,3745.0,0.568,0.595,123.676,9.8217519,7.2769939
K2-15 b,K2-15,Transit,2015.0,K2,11.8104,2.48,6.71,676.0,5131.0,0.68,0.72,493.992,178.1105741,4.2546649
K2-150 b,K2-150,Transit,2018.0,K2,10.59357,2.0,4.66,,3499.0,0.436,0.457,102.483,18.3443908,8.9874328
K2-151 b,K2-151,Transit,2018.0,K2,3.835476,1.49,2.83,566.0,3695.0,0.45,0.47,69.4798,19.3047733,9.5012663
K2-152 b,K2-152,Transit,2018.0,K2,32.6479,2.29,5.86,337.0,4044.0,0.61,0.63,108.449,181.6324078,-5.8274311
K2-153 b,K2-153,Transit,2018.0,K2,7.51574,2.0,4.66,497.0,3845.0,0.53,0.55,143.125,183.8088709,2.0208765
K2-154 b,K2-154,Transit,2018.0,K2,3.67626,1.99,4.62,715.0,4097.0,0.63,0.65,129.356,189.0015173,-2.6696217
K2-154 c,K2-154,Transit,2018.0,K2,7.95486,2.07,4.94,552.0,4097.0,0.63,0.65,129.356,189.0015173,-2.6696217
K2-155 b,K2-155,Transit,2018.0,K2,6.342,1.8,3.89,708.0,4258.0,0.58,0.65,72.7998,65.469614,21.3532633
K2-155 c,K2-155,Transit,2018.0,K2,13.85,2.6,7.27,583.0,4258.0,0.58,0.65,72.7998,65.469614,21.3532633
K2-155 d,K2-155,Transit,2018.0,K2,40.718,1.9,4.27,381.0,4258.0,0.58,0.65,72.7998,65.469614,21.3532633
K2-156 b,K2-156,Transit,2018.0,K2,0.813143,1.1,1.37,1347.0,4460.0,0.62,0.66,150.21,182.699673,-6.2943552
K2-157 b,K2-157,Transit,2018.0,K2,0.3652575,0.935,1.14,2432.0,5334.0,0.86,0.89,298.373,183.7514959,-5.7820178
K2-157 c,K2-157,Radial Velocity,2025.0,Paranal Observatory,25.942,6.08,30.8,587.0,5334.0,0.86,0.89,298.373,183.7514959,-5.7820178
K2-157 d,K2-157,Radial Velocity,2025.0,Paranal Observatory,66.5,5.16,23.3,429.1,5334.0,0.86,0.89,298.373,183.7514959,-5.7820178
K2-158 b,K2-158,Transit,2018.0,K2,10.06049,2.64,7.46,794.0,5503.0,0.95,0.92,197.299,179.9397081,-5.7216879
K2-158 c,K2-158,Transit,2018.0,K2,5.90279,1.28,2.18,948.0,5503.0,0.95,0.92,197.299,179.9397081,-5.7216879
K2-159 b,K2-159,Transit,2018.0,K2,12.42205,2.26,5.73,684.0,5425.0,0.83,0.9,170.998,180.5408896,-3.5809053
K2-16 b,K2-16,Transit,2015.0,K2,7.6188,2.02,4.74,658.0,4742.0,0.66,0.68,334.967,175.0972238,4.5574311
K2-16 c,K2-16,Transit,2015.0,K2,19.07863,2.54,6.99,485.0,4742.0,0.66,0.68,334.967,175.0972238,4.5574311
K2-160 b,K2-160,Transit,2018.0,K2,3.705871,3.17824034,10.2,,5649.0,0.913754,0.982829,315.363,184.0545174,-3.5530888
K2-161 b,K2-161,Transit,2018.0,K2,9.283188,6.11721229,31.1,,4972.0,2.568173,0.986876,916.319,183.7938491,-3.4956913
K2-162 b,K2-162,Transit,2018.0,K2,9.45889,1.44,2.67,631.0,4842.0,0.69,0.75,124.433,186.0383865,-1.111479
K2-163 b,K2-163,Transit,2018.0,K2,6.673117,2.46610713,6.65,,4937.0,0.762201,0.826112,208.529,182.3292517,-0.5393421
K2-164 b,K2-164,Transit,2018.0,K2,17.355066,3.24925008,10.6,,5791.0,2.196069,1.180894,375.67,171.933659,-0.0628488
K2-165 b,K2-165,Transit,2018.0,K2,2.354992,1.27443657,2.17,,5185.0,0.803827,0.834847,134.591,184.9004881,0.968327
K2-165 c,K2-165,Transit,2018.0,K2,4.382745,1.55409035,3.03,,5185.0,0.803827,0.834847,134.591,184.9004881,0.968327
K2-165 d,K2-165,Transit,2018.0,K2,14.101361,2.64809498,7.5,629.38,5185.0,0.803827,0.834847,134.591,184.9004881,0.968327
K2-166 b,K2-166,Transit,2018.0,K2,8.52695,2.19,5.43,1140.0,5960.0,1.61,1.16,476.882,185.1880932,2.2823788
K2-167 b,K2-167,Transit,2018.0,K2,9.978541,2.36509493,6.5,1220.0,6310.0,1.499,1.084,80.8994,336.5761233,-18.011665
K2-168 b,K2-168,Transit,2018.0,K2,15.8523,1.86,4.12,766.35,5502.7,0.83,0.877,243.935,333.1100738,-16.3418863
K2-169 b,K2-169,Transit,2018.0,K2,6.380803,1.27328671,2.16,,5548.0,0.919053,0.986144,235.867,337.0442461,-14.5993376
K2-17 b,K2-17,Transit,2015.0,K2,17.96753,2.23,5.6,487.0,4320.0,0.66,0.71,125.106,178.3296746,6.4123178
K2-170 b,K2-170,Transit,2018.0,K2,7.576544,1.41817537,2.6,,5748.0,0.981614,0.963657,392.872,335.4506923,-14.5933554
K2-170 c,K2-170,Transit,2018.0,K2,12.400047,1.8017647,3.9,,5748.0,0.981614,0.963657,392.872,335.4506923,-14.5933554
K2-171 b,K2-171,Transit,2018.0,K2,5.628466,2.68657205,7.69,,5250.0,1.717458,0.891587,606.128,332.3407712,-13.4288624
K2-172 b,K2-172,Transit,2018.0,K2,14.316941,1.66608079,3.42,,5569.0,0.868889,0.934356,249.742,335.3081368,-12.5569819
K2-172 c,K2-172,Transit,2018.0,K2,29.62682,3.20569097,10.4,,5569.0,0.868889,0.934356,249.742,335.3081368,-12.5569819
K2-173 b,K2-173,Transit,2018.0,K2,5.868699,1.60826194,3.22,,5580.0,0.843154,0.881538,228.641,60.3752402,15.6251296
K2-174 b,K2-174,Transit,2018.0,K2,19.562307,2.6,7.27,455.0,4455.0,0.676,0.7,99.9293,60.7929729,16.347166
K2-175 b,K2-175,Transit,2018.0,K2,9.525988,2.03803688,4.81,,5909.0,1.420038,1.094693,247.266,52.5035514,17.5841081
K2-176 b,K2-176,Transit,2018.0,K2,5.329439,1.49090097,2.83,,5428.0,0.86416,0.938545,247.302,58.2691796,17.9069486
K2-177 b,K2-177,Transit,2018.0,K2,14.155185,2.1162048,5.13,,6063.0,1.213565,1.210525,492.167,55.2296156,20.7360891
K2-178 b,K2-178,Transit,2018.0,K2,8.747818,3.55790985,12.4,840.29,5525.0,0.887267,0.95109,214.753,52.8888524,22.4348186
K2-179 b,K2-179,Transit,2018.0,K2,5.172191,2.51267885,6.86,,5015.0,0.768067,0.824345,190.81,58.7967878,23.7567524
K2-18 b,K2-18,Transit,2015.0,K2,32.939623,2.37,8.92,284.0,3457.0,0.411,0.359,38.0266,172.560141,7.5878315
K2-18 c,K2-18,Radial Velocity,2017.0,La Silla Observatory,8.962,2.65,7.51,363.0,3457.0,0.411,0.359,38.0266,172.560141,7.5878315
K2-180 b,K2-180,Transit,2018.0,K2,8.865663,2.46597575,11.41003981,797.5,5365.0,0.719,0.735,203.896,126.4643579,10.246577
K2-181 b,K2-181,Transit,2018.0,K2,6.8941,2.69,7.7,949.0,5528.0,1.06,0.96,360.911,127.5541103,10.9101444
K2-182 b,K2-182,Transit,2018.0,K2,4.7369696,2.71257333,20.97667486,965.8,5128.0,0.789,0.823,154.83,130.180046,10.9829509
K2-183 b,K2-183,Transit,2018.0,K2,0.469285,1.1,1.37,,5482.0,0.87,0.942219,329.041,125.007177,14.0194586
K2-183 c,K2-183,Transit,2018.0,K2,10.787992,2.3,5.9,787.0,5482.0,0.87,0.942219,329.041,125.007177,14.0194586
K2-183 d,K2-183,Transit,2018.0,K2,22.620344,2.3,5.9,615.0,5482.0,0.87,0.942219,329.041,125.007177,14.0194586
K2-184 b,K2-184,Transit,2018.0,K2,16.9780102,1.47,2.76,533.0,5245.0,0.75,0.84,75.5857,129.1405227,14.4618826
K2-185 b,K2-185,Transit,2018.0,K2,10.616384,1.15,1.6,809.0,5788.0,0.94,0.96,268.357,130.2596625,14.6902225
K2-185 c,K2-185,Transit,2018.0,K2,52.713494,2.39,6.3,477.0,5788.0,0.94,0.96,268.357,130.2596625,14.6902225
K2-186 b,K2-186,Transit,2018.0,K2,41.474219,3.17207779,10.2,,5784.0,0.98083,1.018617,330.739,135.3350487,18.8252879
K2-187 b,K2-187,Transit,2018.0,K2,0.77401,1.2,1.87,1815.0,5438.0,0.83,0.966999,330.916,132.5235618,23.1924709
K2-187 c,K2-187,Transit,2018.0,K2,2.871512,1.4,2.54,1173.0,5438.0,0.83,0.966999,330.916,132.5235618,23.1924709
K2-187 d,K2-187,Transit,2018.0,K2,7.149584,2.4,6.35,865.0,5438.0,0.83,0.966999,330.916,132.5235618,23.1924709
K2-187 e,K2-187,Transit,2018.0,K2,13.606629,1.9,4.27,698.0,5438.0,0.83,0.966999,330.916,132.5235618,23.1924709
K2-188 b,K2-188,Transit,2018.0,K2,1.742169,1.35,2.39,1692.0,5977.0,1.19,1.06,446.821,129.8137008,23.3574367
K2-188 c,K2-188,Transit,2018.0,K2,7.810253,2.83,8.4,1026.0,5977.0,1.19,1.06,446.821,129.8137008,23.3574367
K2-189 b,K2-189,Transit,2018.0,K2,2.58812,1.403,2.55,1203.0,5442.0,0.879,0.85,242.113,203.6214411,-15.0365158
K2-189 c,K2-189,Transit,2018.0,K2,6.67932,2.31,5.95,877.0,5442.0,0.879,0.85,242.113,203.6214411,-15.0365158
K2-19 b,K2-19,Transit,2015.0,K2,7.9193,7.0,30.8,857.0,5322.0,0.82,0.88,289.827,174.9602543,0.603596
K2-19 c,K2-19,Transit,2015.0,K2,11.906,4.1,11.0,679.0,5322.0,0.82,0.88,289.827,174.9602543,0.603596
K2-19 d,K2-19,Transit,2016.0,K2,2.50827,1.044,6.2,1258.0,5350.0,0.824,0.892,289.827,174.9602543,0.603596
K2-190 b,K2-190,Transit,2018.0,K2,10.098858,1.35673729,2.41,,5631.0,0.912206,0.904597,160.679,205.3630485,-13.1608686
K2-190 c,K2-190,Transit,2018.0,K2,21.574023,1.09308317,1.34,,5631.0,0.912206,0.904597,160.679,205.3630485,-13.1608686
K2-191 b,K2-191,Transit,2018.0,K2,2.858646,1.57889322,3.12,,5176.0,0.839696,0.900994,287.188,201.6391407,-12.8066737
K2-192 b,K2-192,Transit,2018.0,K2,4.162817,1.52,2.92,939.0,5222.0,0.81,0.9,221.753,206.5823122,-11.5563527
K2-193 b,K2-193,Transit,2018.0,K2,14.786889,3.95,14.8,739.0,5817.0,0.98,1.01,411.923,205.2371043,-11.0093342
K2-194 b,K2-194,Transit,2018.0,K2,39.721386,3.64229858,12.9,,5979.0,1.281115,1.110086,629.51,204.6089755,-8.9271609
K2-195 b,K2-195,Transit,2018.0,K2,15.852975,3.13,9.96,720.0,5713.0,0.99,0.94,315.014,199.8315191,-8.5095364
K2-195 c,K2-195,Transit,2018.0,K2,28.482786,2.57581891,7.16,,5712.0,0.906367,0.963364,315.014,199.8315191,-8.5095364
K2-196 b,K2-196,Transit,2018.0,K2,48.324222,3.59970536,12.6,,6045.0,1.538801,1.162095,584.877,200.4562487,-8.4717104
K2-197 b,K2-197,Transit,2018.0,K2,8.357881,2.56,7.08,848.0,5667.0,0.93,1.0,247.637,202.3934779,-7.3739779
K2-198 b,K2-198,Transit,2018.0,K2,17.0428683,4.189,16.3,715.8,5212.9,0.757,0.799,110.567,198.8436817,-6.4649888
K2-198 c,K2-198,Transit,2019.0,K2,3.3596055,1.423,2.61,1229.9,5212.9,0.757,0.799,110.567,198.8436817,-6.4649888
K2-198 d,K2-198,Transit,2019.0,K2,7.4500177,2.438,6.52,943.2,5212.9,0.757,0.799,110.567,198.8436817,-6.4649888
K2-199 b,K2-199,Transit,2018.0,K2,3.2253993,1.73,6.9,913.0,4491.0,0.682,0.711,107.518,208.9014508,-6.1360833
K2-199 c,K2-199,Transit,2018.0,K2,7.3744897,2.85,12.4,694.0,4491.0,0.682,0.711,107.518,208.9014508,-6.1360833
K2-200 b,K2-200,Transit,2018.0,K2,2.849883,1.3643987,2.43,,5233.0,0.791736,0.860208,184.131,202.251206,-4.6100532
K2-201 b,K2-201,Transit,2018.0,K2,1.05979,1.40006712,2.54,,5507.0,0.878161,0.956055,197.932,293.5607117,-23.1312775
K2-201 c,K2-201,Transit,2018.0,K2,22.779878,3.28568401,10.8,,5507.0,0.878161,0.956055,197.932,293.5607117,-23.1312775
K2-2016-BLG-0005L b,K2-2016-BLG-0005L,Microlensing,2023.0,K2,4700.0,13.7,349.6112477,,,,0.584,5200.0,269.8798333,-27.6074722
K2-202 b,K2-202,Transit,2018.0,K2,3.405164,2.30165603,5.91,,5491.0,0.910685,0.971461,300.397,283.2643203,-22.4070553
K2-203 b,K2-203,Transit,2018.0,K2,9.6952,1.26549392,2.14,738.4,5026.0,0.765,0.793,166.147,12.7736909,-1.1958844
K2-204 b,K2-204,Transit,2018.0,K2,7.055908,3.17214154,10.2,1148.0,5783.0,1.253,1.076,577.235,17.3825067,-0.5177539
K2-205 b,K2-205,Transit,2018.0,K2,26.672263,1.99552771,4.64,,5890.0,1.077574,0.951027,405.301,15.2175909,0.425966
K2-206 b,K2-206,Transit,2018.0,K2,18.294549,2.79522879,8.22,,5043.0,0.758046,0.789481,244.443,11.2564264,0.5931866
K2-207 b,K2-207,Transit,2018.0,K2,12.48749,2.60585269,7.3,,5522.0,0.928158,0.941851,363.064,11.6996481,0.6406182
K2-208 b,K2-208,Transit,2018.0,K2,4.19097,1.67462172,3.45,1122.0,5500.0,0.872,0.881,256.887,20.7789809,0.8890076
K2-209 b,K2-209,Transit,2018.0,K2,2.080615,0.86850263,0.586,,4720.0,0.712365,0.74479,76.4986,14.6903464,1.382807
K2-21 b,K2-21,Transit,2015.0,K2,9.325038,1.84,4.04,500.0,4222.06,0.646783,0.676023,83.6448,340.3037846,-14.4893256
K2-21 c,K2-21,Transit,2015.0,K2,15.50192,2.49,6.76,420.0,4222.06,0.646783,0.676023,83.6448,340.3037846,-14.4893256
K2-210 b,K2-210,Transit,2018.0,K2,0.57023,0.86,0.566,,5500.0,0.89,0.911717,176.51,17.6412694,1.5784137
K2-211 b,K2-211,Transit,2018.0,K2,0.669561,1.33162691,2.33,1873.0,5117.0,0.818,0.851,272.297,21.1061587,1.7049101
K2-212 b,K2-212,Transit,2018.0,K2,9.795647,2.65,7.51,542.0,4349.0,0.678,0.622,109.218,18.4241015,3.0970732
K2-213 b,K2-213,Transit,2018.0,K2,8.13087,1.51398464,2.9,,5794.0,1.20424,1.069596,389.702,13.1403998,3.5077702
K2-214 b,K2-214,Transit,2018.0,K2,8.59656,2.51,6.85,1001.0,5875.0,1.236,1.03,300.64,14.8759777,4.2277722
K2-215 b,K2-215,Transit,2018.0,K2,8.269648,2.12381238,5.16,,5704.0,0.974398,0.999987,403.964,18.4700795,6.1238647
K2-216 b,K2-216,Transit,2018.0,K2,2.1748,1.75,8.0,1103.0,4503.0,0.72,0.7,115.461,11.4802354,6.3470302
K2-217 b,K2-217,Transit,2018.0,K2,14.074524,3.57854073,12.5,,5967.0,1.333718,1.102661,381.878,11.2983678,6.4815879
K2-218 b,K2-218,Transit,2018.0,K2,8.679885,2.56948149,7.13,,5757.0,1.008231,1.047488,394.083,12.809613,6.8464327
K2-219 b,K2-219,Transit,2018.0,K2,3.901287,1.34762583,2.38,,5753.0,1.189232,1.021545,325.4,12.8452963,8.8675474
K2-219 c,K2-219,Transit,2018.0,K2,6.66767,1.43839723,2.66,,5753.0,1.189232,1.021545,325.4,12.8452963,8.8675474
K2-219 d,K2-219,Transit,2018.0,K2,11.137278,2.57634456,7.16,,5753.0,1.189232,1.021545,325.4,12.8452963,8.8675474
K2-22 b,K2-22,Transit,2015.0,K2,0.381073,2.3,444.962,2100.0,3879.0,0.58,0.595292,243.836,169.4827046,2.6190363
K2-220 b,K2-220,Transit,2018.0,K2,13.68186,2.37,6.21,761.0,5612.0,1.026,0.91,233.514,12.7700071,9.5167694
K2-221 b,K2-221,Transit,2018.0,K2,2.399094,1.67890272,3.46,,5716.0,0.947599,1.010842,318.81,16.6550286,10.1897385
K2-222 b,K2-222,Transit,2018.0,K2,15.3889274,2.275,7.5,803.0,5942.0,1.072,0.94,101.321,16.4625203,11.7537171
K2-223 b,K2-223,Transit,2018.0,K2,0.50557,0.89,0.64,2271.0,5859.0,1.0,1.06,198.604,185.306183,-10.2820915
K2-223 c,K2-223,Transit,2018.0,K2,4.562546,1.5,2.86,1091.0,5859.0,1.0,1.06,198.604,185.306183,-10.2820915
K2-224 b,K2-224,Transit,2018.0,K2,4.47904,1.56,3.05,1002.0,5620.0,0.84,0.91,275.255,189.7041426,-10.0605942
K2-224 c,K2-224,Transit,2018.0,K2,10.09489,2.41,6.39,764.0,5620.0,0.84,0.91,275.255,189.7041426,-10.0605942
K2-225 b,K2-225,Transit,2018.0,K2,15.8723,3.60929179,12.7,923.0,5520.0,1.7,1.482,357.778,186.5410958,-9.6248232
K2-226 b,K2-226,Transit,2018.0,K2,3.27109,1.53899305,2.98,1187.0,5288.0,0.889,0.856,211.265,183.6456643,-9.5626286
K2-227 b,K2-227,Transit,2018.0,K2,13.621832,1.66551298,3.41,,5673.0,0.890666,0.950811,187.234,190.9484237,-8.4784159
K2-228 b,K2-228,Transit,2018.0,K2,2.69828,1.21,1.92,914.0,4715.0,0.65,0.71,129.46,187.2947047,-6.8342028
K2-229 b,K2-229,Transit,2018.0,K2,0.584216,1.0,2.55,1818.0,5315.0,0.79,0.87,102.564,186.8729195,-6.7218474
K2-229 c,K2-229,Transit,2018.0,K2,8.32727,2.03,7.0,750.0,5315.0,0.79,0.87,102.564,186.8729195,-6.7218474
K2-230 b,K2-230,Transit,2018.0,K2,2.86041,1.96,4.5,1529.0,5945.0,1.39,1.11,540.773,191.363117,-6.576051
K2-231 b,K2-231,Transit,2018.0,K2,13.841901,2.5,6.8,,5695.0,0.95,1.01,321.215,289.0918242,-15.7712178
K2-232 b,K2-232,Transit,2018.0,K2,11.168454,11.209,126.49634,1030.0,6154.0,1.161,1.188,130.72,73.7667927,18.654323
K2-233 b,K2-233,Transit,2018.0,K2,2.467583,1.315,2.4,1127.0,4796.0,0.71,0.79,67.5062,230.4799011,-20.2317975
K2-233 c,K2-233,Transit,2018.0,K2,7.06024,1.272,4.6,794.0,4796.0,0.71,0.79,67.5062,230.4799011,-20.2317975
K2-233 d,K2-233,Transit,2018.0,K2,24.3681,2.363,10.3,525.0,4796.0,0.71,0.79,67.5062,230.4799011,-20.2317975
K2-237 b,K2-237,Transit,2018.0,K2,2.18053332,16.06246934,434.15360396,1759.0,6180.0,1.236,1.256,314.995,253.7688479,-28.7105836
K2-238 b,K2-238,Transit,2018.0,K2,3.20466,14.5717,273.3338,1587.0,5630.0,1.59,1.19,537.963,347.7043164,-7.8575592
K2-239 b,K2-239,Transit,2018.0,K2,5.24,1.1,1.37,502.0,3420.0,0.36,0.4,31.0849,160.5941265,4.4413751
K2-239 c,K2-239,Transit,2018.0,K2,7.775,1.0,0.972,427.0,3420.0,0.36,0.4,31.0849,160.5941265,4.4413751
K2-239 d,K2-239,Transit,2018.0,K2,10.115,1.1,1.37,399.0,3420.0,0.36,0.4,31.0849,160.5941265,4.4413751
K2-24 b,K2-24,Transit,2016.0,K2,20.88977,5.4,19.0,686.0,5625.0,1.16,1.07,170.562,242.5734559,-24.9906029
K2-24 c,K2-24,Transit,2016.0,K2,42.3391,7.5,15.4,542.0,5625.0,1.16,1.07,170.562,242.5734559,-24.9906029
K2-240 b,K2-240,Transit,2018.0,K2,6.034,2.0,4.66,586.0,3810.0,0.54,0.58,72.9105,227.849371,-17.8754464
K2-240 c,K2-240,Transit,2018.0,K2,20.523,1.8,3.89,389.0,3810.0,0.54,0.58,72.9105,227.849371,-17.8754464
K2-241 b,K2-241,Transit,2018.0,K2,26.8199,2.55,7.04,507.0,5262.0,0.75,0.71,149.464,181.2386829,-6.8052985
K2-242 b,K2-242,Transit,2018.0,K2,6.51389,2.54,6.99,416.0,3459.0,0.37,0.38,109.237,179.8358421,-6.5178542
K2-243 b,K2-243,Transit,2018.0,K2,11.54182,2.17,5.35,1035.0,6570.0,1.39,1.29,266.864,181.1211419,-4.8991358
K2-243 c,K2-243,Transit,2018.0,K2,24.94598,2.01,4.7,801.0,6570.0,1.39,1.29,266.864,181.1211419,-4.8991358
K2-244 b,K2-244,Transit,2018.0,K2,21.06884,1.75,3.71,638.0,5677.0,0.92,0.86,212.902,183.4686492,-3.8318097
K2-245 b,K2-245,Transit,2018.0,K2,11.89307,4.34,17.4,923.0,5793.0,1.25,0.83,456.064,185.181563,-1.5909138
K2-246 b,K2-246,Transit,2018.0,K2,5.76918,3.49,12.0,977.0,5610.0,0.94,0.87,703.616,181.6296115,-1.1606
K2-247 b,K2-247,Transit,2018.0,K2,2.25021,2.12,5.14,979.0,4667.0,0.69,0.74,258.113,188.8935189,-10.0692793
K2-247 c,K2-247,Transit,2018.0,K2,6.49424,2.19,5.43,688.0,4667.0,0.69,0.74,258.113,188.8935189,-10.0692793
K2-248 b,K2-248,Transit,2018.0,K2,7.17256,2.57,7.13,886.0,5528.0,0.92,0.88,406.254,182.8173343,-9.4141696
K2-249 b,K2-249,Transit,2018.0,K2,12.409,2.79,8.2,1061.0,6504.0,1.57,1.32,521.716,183.3667344,-8.9952309
K2-25 b,K2-25,Transit,2015.0,K2,3.48456408,3.44,24.5,494.0,3207.0,0.2932,0.2634,44.9565,63.2739346,15.2477027
K2-250 b,K2-250,Transit,2018.0,K2,4.01392,2.71257333,7.81,1003.0,5003.0,0.797,0.809,414.708,185.0315429,-8.9757427
K2-251 b,K2-251,Transit,2018.0,K2,9.30075,2.35,6.12,437.0,3717.0,0.49,0.52,147.03,190.6892403,-8.5359826
K2-252 b,K2-252,Transit,2018.0,K2,13.81513,1.74,3.68,639.0,5152.0,0.82,0.79,228.839,182.3663818,-8.3096141
K2-253 b,K2-253,Transit,2018.0,K2,4.00167,12.67,,1238.0,6027.0,1.1,1.08,876.565,186.0853062,-6.3789537
K2-254 b,K2-254,Transit,2018.0,K2,4.09639,1.63,3.29,791.0,4629.0,0.67,0.71,227.775,185.5507926,-4.7172908
K2-254 c,K2-254,Transit,2018.0,K2,12.11839,2.19,5.43,551.0,4629.0,0.67,0.71,227.775,185.5507926,-4.7172908
K2-255 b,K2-255,Transit,2018.0,K2,1.96417,2.9,8.75,1034.0,4676.0,0.69,0.71,191.608,189.9128532,-3.3705631
K2-257 b,K2-257,Transit,2018.0,K2,1.60588,0.83,0.498,789.0,3725.0,0.5,0.52,64.0065,188.278284,-1.9532879
K2-258 b,K2-258,Transit,2018.0,K2,19.0921,3.0,9.27,831.0,6351.0,1.31,1.21,661.873,187.6314027,-1.1609171
K2-259 b,K2-259,Transit,2018.0,K2,15.48043,2.32,5.99,795.0,6059.0,1.13,1.14,416.457,186.8026947,1.5668631
K2-26 b,K2-26,Transit,2016.0,K2,14.5665,2.67,7.61,430.0,3785.0,0.52,0.56,99.0504,94.2064312,24.5958335
K2-260 b,K2-260,Transit,2018.0,K2,2.62669762,18.41635529,546.66486004,2090.0,6860.0,1.755,1.637,663.834,76.8673317,16.8676948
K2-261 b,K2-261,Transit,2018.0,K2,11.6334681,9.26982704,68.96876432,1036.0,5490.0,1.663,1.107,213.283,163.0323119,0.493167
K2-263 b,K2-263,Transit,2018.0,K2,50.819172,2.513,15.4,482.0,5368.0,0.85,0.88,162.481,129.6821253,15.6806039
K2-264 b,K2-264,Transit,2018.0,K2,5.840002,2.231,5.61,496.0,3660.0,0.473,0.496,185.605,131.3583524,19.698401
K2-264 c,K2-264,Transit,2018.0,K2,19.660302,2.668,7.6,331.0,3660.0,0.473,0.496,185.605,131.3583524,19.698401
K2-265 b,K2-265,Transit,2018.0,K2,2.36902,1.70824866,7.3418362,1366.0,5420.0,0.92,0.901,138.671,342.0316493,-14.4947789
K2-266 b,K2-266,Transit,2018.0,K2,0.658524,3.3,11.26782377,1515.0,4285.0,0.703,0.686,77.5586,157.9356855,0.9372782
K2-266 c,K2-266,Transit,2018.0,K2,7.814,0.705,0.29013072,664.5,4285.0,0.703,0.686,77.5586,157.9356855,0.9372782
K2-266 d,K2-266,Transit,2018.0,K2,14.697,2.93,8.9,538.3,4285.0,0.703,0.686,77.5586,157.9356855,0.9372782
K2-266 e,K2-266,Transit,2018.0,K2,19.482,2.73,14.3,490.1,4285.0,0.703,0.686,77.5586,157.9356855,0.9372782
K2-268 b,K2-268,Transit,2018.0,K2,2.151676,1.5,2.86,1136.0,5106.0,0.78,0.84,327.783,133.7094899,11.8482712
K2-268 c,K2-268,Transit,2018.0,K2,9.327527,2.69,7.7,696.0,5106.0,0.78,0.84,327.783,133.7094899,11.8482712
K2-268 d,K2-268,Transit,2021.0,K2,4.528598,1.49,2.83,888.0,5106.0,0.78,0.84,327.783,133.7094899,11.8482712
K2-268 e,K2-268,Transit,2021.0,K2,6.131243,1.33,2.33,801.0,5106.0,0.78,0.84,327.783,133.7094899,11.8482712
K2-268 f,K2-268,Transit,2021.0,K2,26.27057,2.23,5.6,492.0,5106.0,0.78,0.84,327.783,133.7094899,11.8482712
K2-269 b,K2-269,Transit,2018.0,K2,4.144965,1.57,3.09,1429.0,6209.0,1.45,1.16,360.76,130.1551381,13.0146799
K2-27 b,K2-27,Transit,2016.0,K2,6.771347,4.74,30.2,836.0,5246.0,0.876,0.88,249.645,171.5151874,1.2306237
K2-270 b,K2-270,Transit,2018.0,K2,1.543069,1.38,2.48,1203.0,4877.0,0.77,0.85,280.518,131.2665588,13.5497322
K2-270 c,K2-270,Transit,2018.0,K2,4.400028,2.95,9.01,848.0,4877.0,0.77,0.85,280.518,131.2665588,13.5497322
K2-271 b,K2-271,Transit,2018.0,K2,8.562421,7.28,41.8,893.0,5644.0,0.99,0.83,564.454,125.2239144,16.0907958
K2-272 b,K2-272,Transit,2018.0,K2,14.4536756,3.13,9.96,747.0,5397.0,0.83,0.86,423.065,132.6211743,17.5423852
K2-273 b,K2-273,Transit,2018.0,K2,11.7195663,3.05,9.53,849.0,5161.0,0.85,0.89,308.105,129.7768928,19.0100046
K2-274 b,K2-274,Transit,2018.0,K2,14.1330314,2.08,4.98,655.0,5044.0,0.7,0.79,228.327,129.2823699,20.3992512
K2-275 b,K2-275,Transit,2018.0,K2,3.2809626,2.34,6.08,1166.0,4841.0,0.69,0.77,123.438,132.1698795,20.4550162
K2-275 c,K2-275,Transit,2018.0,K2,8.4388385,2.21,5.52,653.0,4841.0,0.69,0.77,123.438,132.1698795,20.4550162
K2-276 b,K2-276,Transit,2018.0,K2,18.718269,3.77,13.7,583.0,5139.0,0.85,0.82,488.152,125.9528309,22.6339399
K2-277 b,K2-277,Transit,2018.0,K2,6.326768,2.18575124,7.4,1049.0,5680.0,0.973,0.974,113.123,202.0161895,-15.9379749
K2-278 b,K2-278,Transit,2018.0,K2,3.334966,2.98,9.17,1711.0,6747.0,1.61,1.4,786.439,203.3018653,-14.5041057
K2-279 b,K2-279,Transit,2018.0,K2,7.122605,1.21,1.92,879.0,5558.0,0.86,0.79,182.983,204.7792935,-6.0417592
K2-28 b,K2-28,Transit,2016.0,K2,2.260455,2.32,5.99,568.0,3214.0,0.288,0.257,62.9969,335.6233145,-7.9563525
K2-280 b,K2-280,Transit,2018.0,K2,19.89526,7.5,37.1,787.0,5500.0,1.28,1.03,391.537,291.5953596,-22.2477071
K2-281 b,K2-281,Transit,2018.0,K2,8.687721,8.18,50.9,665.0,4812.0,0.76,0.82,458.139,16.2274724,7.2692169
K2-282 b,K2-282,Transit,2018.0,K2,4.169783,2.5,6.8,1057.0,5499.0,1.0,0.94,496.289,13.4321524,7.9952914
K2-283 b,K2-283,Transit,2018.0,K2,1.921036,3.52,12.2,1186.0,5060.0,0.82,0.89,402.915,13.1943679,9.6929181
K2-284 b,K2-284,Transit,2018.0,K2,4.795069,2.78,8.15,653.0,4140.0,0.607,0.63,107.272,79.1407971,20.2549034
K2-285 b,K2-285,Transit,2018.0,K2,3.471745,2.59,9.68,1088.9,4975.0,0.787,0.83,154.961,349.3843458,1.3001522
K2-285 c,K2-285,Transit,2018.0,K2,7.138048,3.53,15.68,741.4,4975.0,0.787,0.83,154.961,349.3843458,1.3001522
K2-285 d,K2-285,Transit,2018.0,K2,10.45582,2.48,6.5,619.9,4975.0,0.787,0.83,154.961,349.3843458,1.3001522
K2-285 e,K2-285,Transit,2018.0,K2,14.76289,1.95,10.7,500.9,4975.0,0.787,0.83,154.961,349.3843458,1.3001522
K2-286 b,K2-286,Transit,2018.0,K2,27.359,2.1,5.06,347.0,3926.0,0.62,0.64,76.1486,233.3698192,-16.7737113
K2-287 b,K2-287,Transit,2018.0,K2,14.893291,9.494023,100.11645,804.0,5695.0,1.07,1.056,158.335,233.0743401,-22.3583447
K2-288 B b,K2-288 B,Transit,2018.0,K2,31.393463,1.9,4.27,226.36,3341.0,0.32,0.33,65.6138,55.4442857,18.2684913
K2-289 b,K2-289,Transit,2019.0,K2,13.156969,9.1,61.0,753.0,5529.0,1.025,0.953,274.3,246.6429443,-15.7925384
K2-29 b,K2-29,Transit,2016.0,K2,3.2588321,13.33871,232.0159,1171.0,5358.0,0.86,0.94,178.475,62.670422,24.4016558
K2-290 b,K2-290,Transit,2019.0,K2,9.21165,3.06,10.9,1230.0,6302.0,1.511,1.194,272.909,234.8578846,-20.1988975
K2-290 c,K2-290,Transit,2019.0,K2,48.36685,11.276254,246.00042,676.0,6302.0,1.511,1.194,272.909,234.8578846,-20.1988975
K2-291 b,K2-291,Transit,2019.0,K2,2.225177,1.589,6.49,1278.0,5520.0,0.899,0.934,90.0562,76.44594,21.548199
K2-292 b,K2-292,Transit,2019.0,K2,16.9841,2.63,24.5,795.0,5725.0,1.09,1.0,114.293,205.3758786,-9.9460704
K2-293 b,K2-293,Transit,2019.0,K2,13.1225,2.45,6.57,750.0,5532.0,0.947,0.958,392.251,351.6064952,-6.0279068
K2-294 b,K2-294,Transit,2019.0,K2,2.50387,1.66,3.39,1425.0,5612.0,1.2,0.987,373.078,352.0516724,-7.6037856
K2-295 b,K2-295,Transit,2018.0,K2,4.024867,10.054473,106.47305,852.0,4444.0,0.7,0.74,232.801,19.6101417,6.8167277
K2-3 b,K2-3,Transit,2015.0,K2,10.0546535,2.078,5.11,501.3,3844.0,0.546,0.549,44.0727,172.3353708,-1.4551364
K2-3 c,K2-3,Transit,2015.0,K2,24.646729,1.582,2.68,371.8,3844.0,0.546,0.549,44.0727,172.3353708,-1.4551364
K2-3 d,K2-3,Transit,2015.0,K2,44.55603,1.458,2.2,305.2,3844.0,0.546,0.549,44.0727,172.3353708,-1.4551364
K2-30 b,K2-30,Transit,2016.0,K2,4.098503,11.646151,184.02357,1092.0,5425.0,0.844,0.9,333.042,52.3420548,22.2993491
K2-308 b,K2-308,Transit,2019.0,K2,3.38628,9.916,70.6,1213.76,6100.0,1.24,1.09,1314.53,78.3391194,16.4141986
K2-31 b,K2-31,Transit,2016.0,K2,1.25785,11.88154,563.83042,1688.0,5280.0,0.78,0.91,110.527,245.4405531,-23.548273
K2-312 c,HD 80653,Radial Velocity,2023.0,Roque de los Muchachos Observatory,921.2,12.8,1719.45168187,,5959.0,1.22,1.18,109.86,140.3390845,14.3678691
K2-315 b,K2-315,Transit,2020.0,K2,3.1443189,0.95,0.809,460.0,3300.0,0.196,0.174,56.9686,228.0210932,-20.1081634
K2-316 b,K2-316,Transit,2020.0,K2,1.133,1.33,2.33,841.0,3436.0,0.379,0.408,112.486,233.6247336,-23.2594663
K2-316 c,K2-316,Transit,2020.0,K2,5.26,1.83,4.01,423.0,3436.0,0.379,0.408,112.486,233.6247336,-23.2594663
K2-317 b,K2-317,Transit,2020.0,K2,6.22,2.93,8.91,432.0,3387.0,0.379,0.403,176.291,228.6188638,-21.0227209
K2-318 b,K2-318,Transit,2020.0,K2,7.01,1.66,3.39,456.0,3851.0,0.552,0.561,147.866,232.4461375,-17.557463
K2-319 b,K2-319,Transit,2020.0,K2,26.68,2.79,8.2,641.0,5440.0,0.898,0.954,209.071,166.8010058,3.0399357
K2-32 b,K2-32,Transit,2016.0,K2,8.992,5.299,15.0,837.0,5271.0,0.86,0.83,157.682,252.426008,-19.5430504
K2-32 c,K2-32,Transit,2016.0,K2,20.66093,3.134,8.1,634.0,5271.0,0.86,0.83,157.682,252.426008,-19.5430504
K2-32 d,K2-32,Transit,2016.0,K2,31.71701,3.484,6.7,550.0,5271.0,0.86,0.83,157.682,252.426008,-19.5430504
K2-32 e,K2-32,Transit,2019.0,K2,4.34934,1.212,2.1,1066.0,5271.0,0.86,0.83,157.682,252.426008,-19.5430504
K2-320 b,K2-320,Transit,2020.0,K2,1.995,2.62,7.37,698.0,3157.0,0.3,0.117,108.74,163.2519122,5.3064776
K2-321 b,K2-321,Transit,2020.0,K2,2.2979749,2.05124347,4.86,830.0,3750.0,0.595,0.578,77.6888,156.4054989,2.5138829
K2-322 b,K2-322,Transit,2020.0,K2,8.205,1.92,4.35,635.0,4141.0,0.602,0.63,123.415,156.6226981,4.7640203
K2-323 b,K2-323,Transit,2020.0,K2,24.93,2.1,5.06,318.0,3710.0,0.549,0.478,118.318,159.4209874,6.2858689
K2-324 b,K2-324,Transit,2020.0,K2,3.262,2.43,6.48,707.0,3752.0,0.505,0.517,136.667,157.6222171,6.8636732
K2-325 b,K2-325,Transit,2020.0,K2,6.93,2.2,5.48,423.0,3287.0,0.298,0.274,111.638,353.9169507,-7.6867213
K2-326 b,K2-326,Transit,2020.0,K2,1.256,2.28,5.82,1114.0,3924.0,0.688,0.507,282.308,351.612262,1.3375909
K2-329 b,K2-329,Transit,2020.0,K2,12.4551225,8.675766,82.6358,650.0,5282.0,0.822,0.901,233.237,351.1353785,-5.1641451
K2-33 b,K2-33,Transit,2016.0,K2,5.424865,5.04,1175.971,850.0,3540.0,1.05,0.56,139.268,242.5613635,-19.3193831
K2-330 b,K2-330,Transit,2021.0,K2,13.774798,2.77,8.1,969.0,6232.0,1.5,1.23,160.125,126.8968265,11.6674131
K2-331 b,K2-331,Transit,2021.0,K2,9.398977,1.79,3.86,909.0,5994.0,1.06,1.1,211.43,132.7376431,13.170269
K2-331 c,K2-331,Transit,2021.0,K2,22.996591,2.72,7.85,673.0,5994.0,1.06,1.1,211.43,132.7376431,13.170269
K2-332 b,K2-332,Transit,2021.0,K2,17.70632,2.2,5.48,266.0,3315.0,0.28,0.27,123.202,135.8832666,14.2504994
K2-333 b,K2-333,Transit,2021.0,K2,14.759287,6.18,31.6,826.0,5880.0,1.22,1.06,343.99,136.7892752,15.2056765
K2-334 b,K2-334,Transit,2021.0,K2,5.113981,5.65,27.2,1380.0,6502.0,1.49,1.36,371.823,136.4894259,16.3255146
K2-335 b,K2-335,Transit,2021.0,K2,12.283211,2.21,5.52,949.0,6222.0,1.33,1.23,557.993,129.3896679,16.5220648
K2-336 b,K2-336,Transit,2021.0,K2,21.194733,1.22,1.98,569.0,5424.0,0.8,0.86,239.289,133.8382032,16.7940663
K2-337 b,K2-337,Transit,2021.0,K2,16.273563,2.62,7.37,850.0,5869.0,1.32,0.94,421.636,127.761137,16.9004702
K2-338 b,K2-338,Transit,2021.0,K2,3.850614,1.03,1.08,783.0,4558.0,0.63,0.66,156.951,124.3609294,17.0241557
K2-339 b,K2-339,Transit,2021.0,K2,19.507428,1.92,4.35,508.0,4857.0,0.72,0.74,360.36,130.082542,18.6929046
K2-34 b,K2-34,Transit,2016.0,K2,2.9956348,13.75,539.67534,1687.0,6168.0,1.42,1.16,348.646,127.5787231,22.2359194
K2-340 b,K2-340,Transit,2021.0,K2,29.740451,3.36,11.2,606.0,5532.0,1.13,0.93,738.136,127.9373409,19.0745863
K2-341 b,K2-341,Transit,2021.0,K2,36.552551,3.21,10.4,598.0,5817.0,1.16,0.98,421.408,130.4971951,19.9166357
K2-342 b,K2-342,Transit,2021.0,K2,11.561052,2.03,4.78,861.0,5920.0,1.09,1.01,208.357,133.1218996,21.2386816
K2-343 b,K2-343,Transit,2021.0,K2,2.787174,1.65,3.36,653.0,3804.0,0.46,0.49,166.169,134.2021746,21.5026882
K2-343 c,K2-343,Transit,2021.0,K2,7.676972,2.02,4.74,465.0,3804.0,0.46,0.49,166.169,134.2021746,21.5026882
K2-344 b,K2-344,Transit,2021.0,K2,3.35585,1.59,3.15,722.0,4374.0,0.49,0.51,75.1691,136.3614923,21.6685886
K2-345 b,K2-345,Transit,2021.0,K2,10.367437,2.11,5.1,437.0,3779.0,0.52,0.56,162.408,132.7075876,21.7890367
K2-346 b,K2-346,Transit,2021.0,K2,26.201446,2.26,5.73,450.0,4801.0,0.7,0.71,105.58,125.9864854,22.663226
K2-347 b,K2-347,Transit,2021.0,K2,7.187257,2.41,6.39,640.0,4599.0,0.63,0.66,320.336,126.3726821,23.2974061
K2-348 b,K2-348,Transit,2021.0,K2,4.688418,3.26,10.7,908.0,5077.0,0.85,0.83,201.856,130.8783479,24.4229559
K2-348 c,K2-348,Transit,2021.0,K2,12.550171,2.67,7.61,655.0,5077.0,0.85,0.83,201.856,130.8783479,24.4229559
K2-349 b,K2-349,Transit,2021.0,K2,9.032178,1.38,2.48,518.0,4385.0,0.49,0.54,453.567,199.0996546,-14.4447454
K2-35 b,K2-35,Transit,2016.0,K2,2.399964,1.32,2.3,979.0,4402.71,0.619575,0.701968,252.596,170.1031027,1.2858679
K2-35 c,K2-35,Transit,2016.0,K2,5.608352,1.93,4.38,766.0,4402.71,0.619575,0.701968,252.596,170.1031027,1.2858679
K2-350 b,K2-350,Transit,2021.0,K2,4.163873,1.54,2.99,1158.0,5789.0,1.04,0.98,489.368,204.0355092,-14.0092516
K2-350 c,K2-350,Transit,2016.0,K2,19.991944,2.74,7.95,687.0,5789.0,1.04,0.98,489.368,204.0355092,-14.0092516
K2-351 b,K2-351,Transit,2021.0,K2,7.806164,2.54,6.99,934.0,5769.0,1.05,1.02,694.734,206.6522408,-11.8049588
K2-352 b,K2-352,Transit,2021.0,K2,3.665912,1.37,2.45,1160.0,5791.0,0.95,0.98,176.051,140.4451478,18.469628
K2-352 c,K2-352,Transit,2021.0,K2,8.234885,1.92,4.35,885.0,5791.0,0.95,0.98,176.051,140.4451478,18.469628
K2-352 d,K2-352,Transit,2021.0,K2,14.871387,2.23,5.6,727.0,5791.0,0.95,0.98,176.051,140.4451478,18.469628
K2-353 b,K2-353,Transit,2021.0,K2,15.466805,5.55,26.3,735.0,5698.0,0.99,0.87,268.515,201.6168564,-2.2819018
K2-354 b,K2-354,Transit,2021.0,K2,3.793306,1.56,3.05,543.0,3669.0,0.41,0.43,91.722,129.1299193,10.1472175
K2-355 b,K2-355,Transit,2021.0,K2,5.7385647,2.25,5.69,1066.0,5790.0,0.92,0.96,500.497,124.6426189,13.5027816
K2-356 b,K2-356,Transit,2021.0,K2,21.0267366,2.29,5.86,624.0,5568.0,0.86,0.9,355.54,128.3219134,13.6613758
K2-357 b,K2-357,Transit,2021.0,K2,16.3488637,3.72,13.4,735.0,5794.0,1.0,0.98,517.687,131.9386628,16.3289144
K2-358 b,K2-358,Transit,2021.0,K2,11.2510285,2.68,7.65,888.0,5650.0,0.91,0.93,480.307,133.8081054,18.9497263
K2-36 b,K2-36,Transit,2016.0,K2,1.422614,1.43,4.3,1328.0,4916.0,0.718,0.79,109.749,169.4490102,3.8665038
K2-36 c,K2-36,Transit,2016.0,K2,5.340888,3.2,7.9,854.0,4916.0,0.718,0.79,109.749,169.4490102,3.8665038
K2-360 c,EPIC 201595106,Radial Velocity,2024.0,Multiple Observatories,9.79692,4.02,15.23,912.0,5679.0,0.98,0.958,232.1,183.7203635,1.9681688
K2-365 b,K2-365,Transit,2022.0,K2,23.448172,2.906,8.78,,5561.0,1.051,0.823,187.222,238.8197061,-21.0269691
K2-366 b,K2-366,Transit,2022.0,K2,15.937039,2.359,6.16,,5601.0,0.94,0.825,185.947,243.6800912,-19.3468837
K2-367 b,K2-367,Transit,2022.0,K2,20.645099,2.413,6.41,,4348.0,0.625,0.756,176.965,337.8588454,-13.2644554
K2-368 b,K2-368,Transit,2022.0,K2,5.025598,1.332,2.34,,4663.0,0.663,0.746,206.608,332.6357627,-11.1661157
K2-368 c,K2-368,Transit,2022.0,K2,9.660186,1.361,2.42,,4663.0,0.663,0.746,206.608,332.6357627,-11.1661157
K2-368 d,K2-368,Transit,2022.0,K2,20.201085,1.948,4.45,,4663.0,0.663,0.746,206.608,332.6357627,-11.1661157
K2-369 b,K2-369,Transit,2022.0,K2,5.761612,1.313,2.28,,5682.0,0.881,0.735,185.55,329.7262534,-10.8750666
K2-37 b,K2-37,Transit,2016.0,K2,4.4434,1.39,2.51,949.0,5352.0,0.809,0.84,179.943,243.4509662,-24.7870527
K2-37 c,K2-37,Transit,2016.0,K2,6.42966,2.41,6.39,839.0,5352.0,0.809,0.84,179.943,243.4509662,-24.7870527
K2-37 d,K2-37,Transit,2016.0,K2,14.09229,2.31,12.5,646.0,5352.0,0.809,0.84,179.943,243.4509662,-24.7870527
K2-370 b,K2-370,Transit,2022.0,K2,2.1408093,2.67,11.1,1267.0,5662.0,0.945,0.962,144.202,67.8205302,19.8316901
K2-371 b,K2-371,Transit,2022.0,K2,3.114905,13.024,,956.83,4925.0,0.736,0.958,442.813,128.0670932,11.6307099
K2-372 b,K2-372,Transit,2022.0,K2,9.844077,2.945,8.98,,5479.0,0.922,0.847,463.88,130.7988719,13.0094226
K2-373 b,K2-373,Transit,2022.0,K2,11.02066,2.061,4.9,,6138.0,1.486,1.158,229.567,123.1361518,13.6884986
K2-374 b,K2-374,Transit,2022.0,K2,4.521953,1.593,3.16,,5789.0,0.907,0.731,359.439,137.3794986,16.3558324
K2-374 c,K2-374,Transit,2022.0,K2,16.43445,2.213,5.53,,5789.0,0.907,0.731,359.439,137.3794986,16.3558324
K2-375 b,K2-375,Transit,2022.0,K2,14.453895,2.243,5.66,,5822.0,1.543,1.119,696.1,130.5013137,20.3593003
K2-376 b,K2-376,Transit,2022.0,K2,5.776475,1.736,3.66,,5937.0,1.149,0.908,161.61,132.7193327,25.0380824
K2-377 b,K2-377,Transit,2022.0,K2,12.832235,1.693,3.51,,4200.0,0.691,0.821,195.149,202.897887,-12.0951142
K2-378 b,K2-378,Transit,2022.0,K2,2.060438,2.88,8.65,,4823.0,0.732,0.923,687.973,205.1596569,-11.1172332
K2-379 b,K2-379,Transit,2022.0,K2,8.777247,2.181,5.4,,4603.0,0.751,0.856,182.207,283.0317641,-27.1807287
K2-38 b,K2-38,Transit,2016.0,K2,4.01593,1.54,7.3,1266.0,5731.0,1.06,1.03,192.69,240.0333095,-23.1894196
K2-38 c,K2-38,Transit,2016.0,K2,10.56103,2.29,8.3,916.0,5731.0,1.06,1.03,192.69,240.0333095,-23.1894196
K2-380 b,K2-380,Transit,2022.0,K2,9.401312,2.729,7.89,,5911.0,1.32,0.993,249.303,283.4346389,-26.5387308
K2-381 b,K2-381,Transit,2022.0,K2,7.9389334,1.075,1.26,,4473.0,0.675,0.754,145.701,288.0267612,-21.0075789
K2-381 c,K2-381,Transit,2022.0,K2,16.034656,2.0,4.66,,4473.0,0.675,0.754,145.701,288.0267612,-21.0075789
K2-381 d,K2-381,Transit,2022.0,K2,26.803023,1.689,3.5,,4473.0,0.675,0.754,145.701,288.0267612,-21.0075789
K2-382 b,K2-382,Transit,2022.0,K2,21.700156,2.072,4.95,,5452.0,0.811,0.922,278.412,287.4125267,-19.6269336
K2-383 b,K2-383,Transit,2022.0,K2,1.865962,1.564,3.07,,5129.0,0.804,1.061,203.788,282.008765,-18.3795798
K2-384 b,K2-384,Transit,2022.0,K2,2.231527,1.076,1.26,,3623.0,0.348,0.33,82.6603,20.4998403,0.7509701
K2-384 c,K2-384,Transit,2022.0,K2,4.194766,1.191,1.82,,3623.0,0.348,0.33,82.6603,20.4998403,0.7509701
K2-384 d,K2-384,Transit,2022.0,K2,6.679582,1.392,2.52,,3623.0,0.348,0.33,82.6603,20.4998403,0.7509701
K2-384 e,K2-384,Transit,2022.0,K2,9.715043,1.345,2.37,,3623.0,0.348,0.33,82.6603,20.4998403,0.7509701
K2-384 f,K2-384,Transit,2022.0,K2,13.62749,2.222,5.57,,3623.0,0.348,0.33,82.6603,20.4998403,0.7509701
K2-385 b,K2-385,Transit,2022.0,K2,2.380867,1.539,2.98,,4844.0,0.761,0.927,420.819,12.6140752,5.8712567
K2-386 b,K2-386,Transit,2022.0,K2,7.473223,2.32,5.99,,5749.0,0.97,0.911,428.785,18.2999964,7.0130302
K2-387 b,K2-387,Transit,2022.0,K2,28.735327,7.322,42.2,,3572.0,0.585,0.57,266.318,19.4418282,11.3684915
K2-388 b,K2-388,Transit,2022.0,K2,6.33932,3.9,14.5,874.0,5310.0,0.91,0.93,290.495,352.7139342,-11.0773564
K2-389 b,K2-389,Transit,2022.0,K2,8.58289,2.33,6.04,932.0,5773.0,1.094,0.99,259.208,355.6304152,-9.7135814
K2-389 c,K2-389,Transit,2022.0,K2,20.851337,2.04,4.82,,5782.0,1.084,0.802,259.208,355.6304152,-9.7135814
K2-39 b,K2-39,Transit,2016.0,K2,4.60543,6.27704,28.6047,1670.0,4881.0,2.97,0.66,307.47,338.3682095,-9.0229405
K2-390 b,K2-390,Transit,2022.0,K2,3.312792,4.662,19.6,1119.0,5558.0,0.966,0.789,456.122,355.702386,-9.5887124
K2-391 b,K2-391,Transit,2022.0,K2,4.622654,1.371,2.45,,5543.0,0.566,0.757,507.94,356.2260152,-7.7015151
K2-392 b,K2-392,Transit,2022.0,K2,15.398723,1.85,4.08,,5726.0,1.058,0.841,406.985,354.6499065,-7.4788816
K2-393 b,K2-393,Transit,2022.0,K2,10.413181,2.352,6.13,,5678.0,1.071,0.881,265.914,348.5159113,-0.0821031
K2-394 b,K2-394,Transit,2022.0,K2,5.095717,1.692,3.51,643.0,4938.0,0.631,0.478,98.0152,71.110002,16.5185817
K2-395 b,K2-395,Transit,2022.0,K2,4.803352,2.597,7.26,,5007.0,0.783,0.952,286.727,70.4438684,16.6743415
K2-395 c,K2-395,Transit,2022.0,K2,8.491282,3.395,11.4,,5007.0,0.783,0.952,286.727,70.4438684,16.6743415
K2-396 b,K2-396,Transit,2022.0,K2,0.673862,1.579,3.12,,5236.0,0.92,0.954,274.864,74.6928607,17.2690562
K2-396 c,K2-396,Transit,2022.0,K2,25.76051,3.124,9.93,,5236.0,0.92,0.954,274.864,74.6928607,17.2690562
K2-397 b,K2-397,Transit,2022.0,K2,3.572326,2.417,6.42,,5387.0,0.966,0.937,199.354,79.9516586,21.2591617
K2-398 b,K2-398,Transit,2022.0,K2,6.393025,2.274,5.79,,5946.0,1.239,0.945,606.992,161.7349738,1.9367044
K2-398 c,K2-398,Transit,2022.0,K2,18.787839,5.098,22.8,,5946.0,1.239,0.945,606.992,161.7349738,1.9367044
K2-4 b,K2-4,Transit,2015.0,K2,10.003417,2.1,5.06,563.0,4014.73,0.569359,0.635026,231.828,174.7455392,-3.9055746
K2-400 b,K2-400,Transit,2022.0,K2,3.865053,1.163,1.67,,3578.0,0.382,0.374,62.3804,154.5110307,3.6969271
K2-401 b,K2-401,Transit,2022.0,K2,6.293099,2.262,5.74,,4213.0,0.675,0.87,200.727,154.987604,3.9548275
K2-402 b,K2-402,Transit,2022.0,K2,17.27474,2.678,7.65,,5716.0,1.28,0.944,523.055,161.451913,6.419318
K2-403 b,K2-403,Transit,2022.0,K2,33.589979,5.333,24.6,949.0,5511.0,0.886,0.784,246.599,164.1893864,9.6739464
K2-404 b,K2-404,Transit,2022.0,K2,13.115365,2.53,6.94,,3748.0,0.552,0.552,121.63,160.3249517,12.1911149
K2-405 b,K2-405,Transit,2022.0,K2,3.435471,4.569,18.9,969.0,4927.0,0.765,1.034,197.234,164.3759959,12.535614
K2-406 b,K2-406,Transit,2022.0,K2,22.549406,4.602,19.2,,5784.0,0.961,0.798,85.3751,230.8872242,-25.3706149
K2-407 b,K2-407,Transit,2022.0,K2,4.941907,1.283,2.19,,5563.0,0.927,0.881,218.376,232.5552584,-23.0067371
K2-407 c,K2-407,Transit,2022.0,K2,9.22453,1.36,2.42,,5563.0,0.927,0.881,218.376,232.5552584,-23.0067371
K2-408 b,K2-408,Transit,2022.0,K2,20.978959,1.677,3.45,,5335.0,0.784,0.813,162.306,227.9168555,-17.6842698
K2-409 b,K2-409,Transit,2022.0,K2,1.908084,2.482,6.72,,5742.0,1.228,0.886,431.031,228.4551125,-16.3512966
K2-411 b,K2-411,Transit,2022.0,K2,3.2141,0.9898,0.937,,5711.0,1.375,1.018,298.219,58.003631,19.3909877
K2-412 b,K2-412,Transit,2022.0,K2,5.9382,2.116,5.13,,5590.0,0.977,0.893,654.085,76.2621295,21.580162
K2-413 b,K2-413,Transit,2022.0,K2,0.8094,0.7599,0.363,,4116.0,0.7,0.808,285.162,353.4175668,-7.6120272
K2-413 c,K2-413,Transit,2022.0,K2,5.3301,1.2327,2.05,,4116.0,0.7,0.808,285.162,353.4175668,-7.6120272
K2-414 b,K2-414,Transit,2022.0,K2,4.3696,1.219,1.98,,4343.0,0.732,0.814,260.036,351.6361913,-4.6066569
K2-414 c,K2-414,Transit,2022.0,K2,6.669,1.9287,4.38,,4343.0,0.732,0.814,260.036,351.6361913,-4.6066569
K2-415 b,K2-415,Transit,2023.0,K2,4.0179694,1.015,7.5,412.4,3173.0,0.1965,0.1635,21.8182,137.2015437,11.8622503
K2-416 b,K2-416,Transit,2023.0,K2,13.102,2.66,1652.7077164,447.0,3746.0,0.554,0.548,120.311,349.2211822,-5.2015032
K2-417 b,K2-417,Transit,2023.0,K2,6.535,3.31,699.2224954,558.0,3861.0,0.5776,0.569,94.0424,350.1417675,-10.0365901
K2-419 A b,K2-419 A,Transit,2024.0,K2,20.35847252,10.55,196.0,377.0,3711.0,0.541,0.562,268.685,135.0194934,13.2737056
K2-42 b,K2-42,Transit,2016.0,K2,6.68796,2.15,5.27,,4613.0,0.643,0.702,396.913,176.6657559,-5.1720463
K2-43 b,K2-43,Transit,2016.0,K2,3.471149,4.51,18.5,939.3,3840.6,0.542,0.571,182.536,169.117028,-3.9754405
K2-43 c,K2-43,Transit,2019.0,K2,2.198884,2.42,6.44,1093.7,3840.6,0.542,0.571,182.536,169.117028,-3.9754405
K2-44 b,K2-44,Transit,2016.0,K2,5.657,2.433,6.5,1211.0,5912.0,1.58,1.15,476.703,174.011661,-2.5209338
K2-45 b,K2-45,Transit,2016.0,K2,1.7292684,6.71,36.4,1073.56,4103.0,0.445,0.503,495.317,169.6327547,-1.7740582
K2-46 b,K2-46,Transit,2016.0,K2,19.1541,2.05,4.86,889.0,6256.0,1.29,0.96,449.237,174.2662454,-0.90721
K2-47 b,K2-47,Transit,2016.0,K2,31.6372,1.89,4.23,,5054.0,0.76,0.75,349.881,168.5825696,2.7805614
K2-48 b,K2-48,Transit,2016.0,K2,20.5065,2.24,5.65,,4899.0,0.73,0.77,313.764,176.1233077,3.2723812
K2-49 b,K2-49,Transit,2016.0,K2,2.77065,1.93,4.38,,4175.0,0.45,0.51,457.125,177.3202331,3.4755183
K2-5 b,K2-5,Transit,2015.0,K2,5.73594,1.91,4.31,565.0,3930.0,0.57,0.61,202.943,169.3034598,-1.8778254
K2-5 c,K2-5,Transit,2015.0,K2,10.93241,2.26,5.73,456.0,3930.0,0.57,0.61,202.943,169.3034598,-1.8778254
K2-50 b,K2-50,Transit,2016.0,K2,8.7529,1.59,3.15,,4326.0,0.546,0.611,257.443,169.483654,5.988289
K2-52 b,K2-52,Transit,2016.0,K2,3.535055,18.0,,2004.0,7147.0,2.192,1.691,1038.41,246.6114157,-24.9699462
K2-53 b,K2-53,Transit,2016.0,K2,12.20772,2.6,7.27,665.0,5263.0,0.807,0.851,138.018,244.1419684,-20.4005984
K2-54 b,K2-54,Transit,2016.0,K2,9.7833,2.6116925,7.33,560.0,3990.0,0.643,0.615,174.955,338.0541631,-17.5440636
K2-55 b,K2-55,Transit,2016.0,K2,2.849271,4.43,44.0,900.0,4300.0,0.715,0.688,159.522,333.7518786,-17.2508002
K2-57 b,K2-57,Transit,2016.0,K2,9.0073,2.30905002,5.94,635.8,4413.0,0.671,0.699,264.213,342.6918241,-14.0700007
K2-58 b,K2-58,Transit,2016.0,K2,7.05254,2.68,7.65,,5413.0,0.86,0.89,181.746,333.8218395,-14.049857
K2-58 c,K2-58,Transit,2016.0,K2,2.53726,1.62,3.26,,5413.0,0.86,0.89,181.746,333.8218395,-14.049857
K2-58 d,K2-58,Transit,2016.0,K2,22.8827,1.71,3.57,,5413.0,0.86,0.89,181.746,333.8218395,-14.049857
K2-59 b,K2-59,Transit,2016.0,K2,20.6921,2.41,6.39,,5055.0,0.731,0.774,311.313,338.94255,-14.027727
K2-59 c,K2-59,Transit,2016.0,K2,11.2954,2.3,5.9,,5055.0,0.731,0.774,311.313,338.94255,-14.027727
K2-6 b,K2-6,Transit,2015.0,K2,30.94191,2.5,6.8,615.0,5850.0,0.96,0.97,316.819,178.1921152,-1.1984418
K2-60 b,K2-60,Transit,2016.0,K2,3.00265,7.655747,135.39558,1400.0,5500.0,1.12,0.97,491.87,338.6062312,-13.7318044
K2-61 b,K2-61,Transit,2016.0,K2,2.57336,1.92,4.35,1325.0,5748.0,0.995,0.97,405.732,339.6748444,-13.5600447
K2-62 b,K2-62,Transit,2016.0,K2,6.67199,2.02,4.74,666.0,4455.0,0.696,0.67,112.467,334.3645089,-12.1874776
K2-62 c,K2-62,Transit,2016.0,K2,16.19697,1.99,4.62,495.0,4455.0,0.696,0.67,112.467,334.3645089,-12.1874776
K2-63 b,K2-63,Transit,2016.0,K2,20.257,3.22,10.5,,6771.0,1.63,1.4,517.534,333.4267738,-12.0663429
K2-63 c,K2-63,Transit,2016.0,K2,25.4556,3.9,14.5,,6771.0,1.63,1.4,517.534,333.4267738,-12.0663429
K2-64 b,K2-64,Transit,2016.0,K2,6.53044,2.07,4.94,,5312.0,0.726,0.741,499.891,332.4138478,-11.4286687
K2-65 b,K2-65,Transit,2016.0,K2,12.6475,1.58,3.12,,5213.0,0.84,0.87,72.2,333.2125206,-10.9261373
K2-66 b,K2-66,Transit,2016.0,K2,5.06963,2.49,21.3,1372.0,5887.0,1.67,1.11,513.877,331.5266563,-10.7115362
K2-68 b,K2-68,Transit,2016.0,K2,8.05428,1.58,3.12,,4746.0,0.675,0.73,168.652,334.0195539,-10.5673649
K2-69 b,K2-69,Transit,2016.0,K2,7.06599,2.32,5.99,,4127.0,0.491,0.551,180.697,335.7596816,-10.4886817
K2-7 b,K2-7,Transit,2015.0,K2,28.6781,4.03523305,15.3,786.0,5700.0,1.533,1.056,738.553,167.0937488,-1.065855
K2-70 b,K2-70,Transit,2016.0,K2,13.97896,2.89,8.7,,5622.0,0.93,0.94,232.964,338.4759328,-10.0849917
K2-71 b,K2-71,Transit,2016.0,K2,6.98541,2.15,5.27,,4006.0,0.426,0.477,153.192,341.7248656,-9.8816109
K2-72 b,K2-72,Transit,2016.0,K2,5.577212,1.08,1.28,,3360.47,0.330989,0.271365,66.4321,334.6227504,-9.6120084
K2-72 c,K2-72,Transit,2016.0,K2,15.189034,1.16,1.65,,3360.47,0.330989,0.271365,66.4321,334.6227504,-9.6120084
K2-72 d,K2-72,Transit,2016.0,K2,7.760178,1.01,1.01,,3360.47,0.330989,0.271365,66.4321,334.6227504,-9.6120084
K2-72 e,K2-72,Transit,2016.0,K2,24.158868,1.29,2.21,,3360.47,0.330989,0.271365,66.4321,334.6227504,-9.6120084
K2-73 b,K2-73,Transit,2016.0,K2,7.49556,2.58,9.2,968.0,5867.0,1.058,1.02,269.183,335.025662,-9.0560881
K2-73 c,K2-73,Radial Velocity,2025.0,W. M. Keck Observatory,1000.0,13.0,1142.0,186.1,5867.0,1.058,1.02,269.183,335.025662,-9.0560881
K2-74 b,K2-74,Transit,2016.0,K2,19.5666,2.31,5.95,,6060.0,0.98,0.96,377.822,339.9192984,-8.7145697
K2-75 b,K2-75,Transit,2016.0,K2,7.8142,2.67,7.61,,5995.0,1.56,1.16,561.93,338.844896,-7.469895
K2-75 c,K2-75,Transit,2016.0,K2,18.311,2.77,8.1,,5995.0,1.56,1.16,561.93,338.844896,-7.469895
K2-77 b,K2-77,Transit,2016.0,K2,8.2000844,2.4996027,603.877,806.0,5160.0,0.792,0.847,141.731,55.228521,12.572448
K2-79 b,K2-79,Transit,2016.0,K2,10.995039,4.15,5.9,1033.0,5897.0,1.269,1.06,256.011,55.2559307,13.5191871
K2-8 b,K2-8,Transit,2015.0,K2,10.35239,3.58,12.5,631.0,4870.0,0.74,0.78,403.513,169.7935178,-0.2844389
K2-8 c,K2-8,Transit,2016.0,K2,5.06416,2.41,6.39,801.0,4870.0,0.74,0.78,403.513,169.7935178,-0.2844389
K2-80 b,K2-80,Transit,2016.0,K2,19.0918,2.01,4.7,,5441.0,0.87,0.9,200.802,59.037486,13.5590288
K2-80 c,K2-80,Transit,2016.0,K2,5.605,1.47,2.76,,5441.0,0.87,0.9,200.802,59.037486,13.5590288
K2-80 d,K2-80,Transit,2018.0,K2,28.867253,2.55211506,7.04,,5377.0,0.841458,0.913111,200.802,59.037486,13.5590288
K2-81 b,K2-81,Transit,2016.0,K2,6.102325,1.97,4.54,,4674.13,0.634663,0.745273,252.318,57.4854562,14.5020556
K2-83 b,K2-83,Transit,2016.0,K2,2.74697,1.244,2.08,,3910.0,0.424,0.484,125.529,59.9013782,15.5587994
K2-83 c,K2-83,Transit,2016.0,K2,9.99767,1.483,2.8,,3910.0,0.424,0.484,125.529,59.9013782,15.5587994
K2-84 b,K2-84,Transit,2016.0,K2,6.4215,2.41,6.39,,5652.0,0.93,0.95,284.876,55.8093566,16.6344396
K2-84 c,K2-84,Transit,2016.0,K2,27.86,2.03,4.78,,5652.0,0.93,0.95,284.876,55.8093566,16.6344396
K2-85 b,K2-85,Transit,2016.0,K2,0.68453862616,1.4,3.2,1355.0,4232.0,0.71,0.7,97.2179,59.464829,18.4649505
K2-86 b,K2-86,Transit,2016.0,K2,8.77683,1.96,4.5,,5482.0,0.76,0.79,258.699,51.5531053,18.6355718
K2-87 b,K2-87,Transit,2016.0,K2,9.726618,7.6,44.9,979.0,5747.0,1.401,1.164,491.242,66.2363638,18.8273617
K2-88 b,K2-88,Transit,2016.0,K2,4.6122,1.23,2.04,,3537.0,0.256,0.258,110.561,54.7514566,19.1199667
K2-89 b,K2-89,Transit,2016.0,K2,1.096026,0.615,0.17,,3691.0,0.318,0.347,86.0386,57.0671234,20.4594885
K2-9 b,K2-9,Transit,2015.0,K2,18.4498,2.25,5.69,314.0,3390.0,0.31,0.3,82.9631,176.263724,0.0054085
K2-90 b,K2-90,Transit,2016.0,K2,13.733314,2.6,7.27,502.0,4484.0,0.619,0.629,134.188,59.1527391,22.4724517
K2-90 c,K2-90,Transit,2016.0,K2,2.900706,1.3,2.24,,4421.98,0.634754,0.704613,134.188,59.1527391,22.4724517
K2-91 b,K2-91,Transit,2016.0,K2,1.419549,1.1,1.37,,3622.0,0.284,0.292,62.5785,63.2182348,24.2047218
K2-95 b,K2-95,Transit,2016.0,K2,10.1346454,3.31,11.0,474.0,3566.0,0.4,0.41,179.854,129.3625717,18.9766197
K2-97 b,K2-97,Transit,2016.0,K2,8.407115,13.45077684,174.48779544,1566.0,4673.0,4.14,1.17,878.43,127.762837,10.8475571
K2-98 b,K2-98,Transit,2016.0,K2,10.1367349,5.06645928,34.00763955,1185.0,6260.0,1.518,1.246,518.625,126.4882114,11.5110933
K2-99 b,K2-99,Transit,2016.0,K2,18.24783,11.88151954,276.51071409,1184.0,6069.0,2.55,1.44,519.229,208.7737624,-5.4424943
K2-99 c,K2-99,Radial Velocity,2022.0,Multiple Observatories,522.2,12.6,2669.7586188,390.0,6069.0,2.55,1.44,519.229,208.7737624,-5.4424943
KELT-1 b,KELT-1,Transit,2012.0,KELT,1.217514,12.442,8654.15,2361.0,6516.0,1.471,1.335,268.43,0.3620995,39.3837953
KELT-10 b,KELT-10,Transit,2016.0,KELT-South,4.1662739,15.681391,215.80657,1377.0,5948.0,1.209,1.112,188.404,284.5483823,-47.0033072
KELT-11 b,KELT-11,Transit,2017.0,KELT-South,4.73620865,15.13212395,65.15482343,1712.0,5375.0,2.69,1.44,99.1596,161.7069053,-9.3993646
KELT-12 b,KELT-12,Transit,2017.0,KELT-North,5.031623,19.95202,301.9385,1800.0,6279.0,2.37,1.591,368.03,267.6404906,36.5701761
KELT-14 b,KELT-14,Transit,2016.0,KELT-South,1.7100566,19.537287,408.09372,1970.0,5720.0,1.52,1.239,250.121,108.301409,-42.4097623
KELT-15 b,KELT-15,Transit,2016.0,KELT-South,3.32944,19.50366,416.3573,1642.0,6003.0,1.78,2.06,324.683,117.4149764,-52.1204471
KELT-16 b,KELT-16,Transit,2017.0,KELT,0.9689951,15.860735,874.0325,2453.0,6236.0,1.36,1.211,444.586,314.2685227,31.6610186
KELT-17 b,KELT-17,Transit,2016.0,KELT,3.0801716,17.093725,416.3573,2087.0,7454.0,1.645,1.635,226.5,125.617407,13.7353093
KELT-18 b,KELT-18,Transit,2017.0,KELT-North,2.8717518,17.59813,375.0394,2085.0,6670.0,1.908,1.524,321.376,216.5238248,59.4442735
KELT-19 A b,KELT-19 A,Transit,2017.0,KELT,4.6117093,21.40919,1293.5681,1935.0,7500.0,1.83,1.62,300.276,111.5095293,7.6157759
KELT-2 A b,KELT-2 A,Transit,2012.0,KELT,4.11379,15.13215,540.311,2080.0,6327.0,1.93,1.54,134.058,92.6640226,30.9571333
KELT-20 b,KELT-20,Transit,2017.0,KELT-North,3.4741085,19.514869,1074.90106,2262.0,8720.0,1.565,1.76,136.426,294.6614126,31.2192001
KELT-21 b,KELT-21,Transit,2018.0,KELT-North,3.6127647,17.777474,1242.7153,2051.0,7598.0,1.638,1.458,470.878,304.8000322,32.5810446
KELT-23 A b,KELT-23 A,Transit,2019.0,KELT-North,2.255251,14.829507,298.12454,1561.0,5899.0,0.996,0.944,126.261,232.1466406,66.3587097
KELT-24 b,KELT-24,Transit,2019.0,KELT-North,5.55149296,12.71098411,1458.83238813,1391.0,6426.0,1.338,1.268,96.5173,161.9090273,71.655727
KELT-3 b,KELT-3,Transit,2013.0,KELT,2.70339,17.48604,616.5902,1816.0,6304.0,1.7,1.96,210.252,148.6431193,40.3879446
KELT-4 A b,KELT-4 A,Transit,2016.0,KELT,2.9895932,19.044091,286.68266,1823.0,6206.0,1.603,1.201,218.05,157.06262,25.5731366
KELT-6 b,KELT-6,Transit,2014.0,KELT,7.8457,14.5717,165.2716,1313.0,6102.0,1.73,1.42,240.726,195.9818362,30.640145
KELT-6 c,KELT-6,Radial Velocity,2015.0,Multiple Observatories,1276.0,13.0,1179.1493,,6272.0,1.529,1.126,240.726,195.9818362,30.640145
KELT-7 b,KELT-7,Transit,2015.0,KELT,2.73477,17.9344,441.7837,2048.0,6768.0,1.81,1.76,136.681,78.2955912,33.3179532
KELT-8 b,KELT-8,Transit,2015.0,KELT,3.24406,18.15858,209.7678,1675.0,5754.0,1.46,0.81,197.572,283.3054489,24.1272483
KELT-9 b,KELT-9,Transit,2017.0,KELT-North,1.4811235,21.196219,915.3504,4050.0,10170.0,2.362,2.52,204.455,307.8598998,39.9389161
KIC 10001893 b,KIC 10001893,Orbital Brightness Modulation,2014.0,Kepler,0.2197,,,,27500.0,0.18,0.47,1672.94,287.3892308,46.9844491
KIC 10001893 c,KIC 10001893,Orbital Brightness Modulation,2014.0,Kepler,0.32528,,,,27500.0,0.18,0.47,1672.94,287.3892308,46.9844491
KIC 10001893 d,KIC 10001893,Orbital Brightness Modulation,2014.0,Kepler,0.81161,,,,27500.0,0.18,0.47,1672.94,287.3892308,46.9844491
KIC 10068024 b,KIC 10068024,Orbital Brightness Modulation,2021.0,Kepler,2.073549,13.4,635.656814,,6118.4,1.574,1.22,721.105,288.8470423,47.0228607
KIC 10525077 b,KIC 10525077,Transit,2015.0,Kepler,854.083,5.5,25.9,,6091.0,1.01,1.01,1461.15,287.3781164,47.7711541
KIC 3526061 b,KIC 3526061,Radial Velocity,2022.0,McDonald Observatory,3552.0,12.1,5768.58558705,,4829.0,5.86,1.42,401.229,285.1863974,38.6111112
KIC 3558849 b,KIC 3558849,Transit,2015.0,Kepler,1322.3,6.9,38.1,,6175.0,1.01,0.98,1215.7,294.9498381,38.6051867
KIC 5437945 b,KIC 5437945,Transit,2015.0,Kepler,440.7813,6.4,33.6,308.0,6340.0,1.24,1.07,1274.01,288.4749028,40.6512848
KIC 5479689 b,KIC 5479689,Orbital Brightness Modulation,2021.0,Kepler,1.701531,14.2,158.9142035,,5459.1,0.894,0.966,454.95,299.3254983,40.6381229
KIC 7917485 b,KIC 7917485,Pulsation Timing Variations,2016.0,Kepler,840.0,12.4,3750.394,,7067.0,2.009938,1.63,1382.89,299.4346094,43.6326069
KIC 8121913 b,KIC 8121913,Orbital Brightness Modulation,2021.0,Kepler,3.294601,13.4,667.4396547,,5975.3,2.233,1.456,707.303,298.9677981,43.909378
KIC 8540376 b,KOI-7892,Transit,2015.0,Kepler,31.8099,4.1,15.8,,6474.0,1.26,1.04,1072.3,282.3775397,44.694569
KIC 8540376 c,KOI-7892,Transit,2015.0,Kepler,75.2,2.4,6.35,,6474.0,1.26,1.04,1072.3,282.3775397,44.694569
KIC 9663113 b,KIC 9663113,Transit,2015.0,Kepler,572.3847,4.6,19.2,264.0,6065.0,1.03,0.98,1594.74,297.0454037,46.3286653
KMT-2016-BLG-0212L b,KMT-2016-BLG-0212L,Microlensing,2018.0,KMTNet,,12.2,5700.0,,,,0.48,6300.0,268.43925,-29.0868889
KMT-2016-BLG-1105L b,KMT-2016-BLG-1105L,Microlensing,2023.0,KMTNet,,1.33,2.32,,,,0.41,5080.0,266.44725,-26.2663694
KMT-2016-BLG-1107L b,KMT-2016-BLG-1107L,Microlensing,2019.0,KMTNet,,13.1,1043.0,,,,0.087,6651.0,266.41775,-26.0318
KMT-2016-BLG-1337L b,KMT-2016-BLG-1337L,Microlensing,2026.0,KMTNet,,11.4,88.99195396,,,,0.54,6920.0,269.1300417,-33.0341889
KMT-2016-BLG-1397L b,KMT-2016-BLG-1397L,Microlensing,2018.0,KMTNet,,12.7,2200.0,,,,0.45,6600.0,272.664612,-24.8577385
KMT-2016-BLG-1820L b,KMT-2016-BLG-1820L,Microlensing,2018.0,KMTNet,,12.9,1450.0,,,,0.039,6260.0,268.76474,-29.5169201
KMT-2016-BLG-1836L b,KMT-2016-BLG-1836L,Microlensing,2019.0,KMTNet,,13.3,700.0,,,,0.49,7100.0,268.250333,-30.04075
KMT-2016-BLG-2142L b,KMT-2016-BLG-2142L,Microlensing,2018.0,KMTNet,,12.2,4923.0,,,,0.073,7010.0,268.112,-29.3845615
KMT-2016-BLG-2321L b,KMT-2016-BLG-2321L,Microlensing,2024.0,KMTNet,,13.8,301.93698665,,,,0.73,3580.0,264.0579167,-25.5248806
KMT-2016-BLG-2364L b,KMT-2016-BLG-2364L,Microlensing,2020.0,KMTNet,,13.0,1250.0,,,,0.5,6440.0,265.715667,-27.4355611
KMT-2016-BLG-2397L b,KMT-2016-BLG-2397L,Microlensing,2020.0,KMTNet,,13.2,836.0,,,,0.64,4880.0,266.212542,-23.2013806
KMT-2016-BLG-2605L b,KMT-2016-BLG-2605L,Microlensing,2021.0,KMTNet,,14.0,245.0457018,,,,0.064,6421.0,269.8230833,-26.982
KMT-2017-BLG-0165L b,KMT-2017-BLG-0165L,Microlensing,2018.0,KMTNet,,6.45,34.0,,,,0.76,4530.0,269.6496667,-28.1336694
KMT-2017-BLG-0428L b,KMT-2017-BLG-0428L,Microlensing,2023.0,KMTNet,,2.23,5.59,,,,0.34,5400.0,271.38525,-28.4902806
KMT-2017-BLG-0673L b,KMT-2017-BLG-0673L,Microlensing,2022.0,KMTNet,,13.0,1166.43025369,,,,0.63,5080.0,264.7570417,-33.8080278
KMT-2017-BLG-0849L b,KMT-2017-BLG-0849L,Microlensing,2024.0,KMTNet,,2.41,6.39,,,,0.19,7220.0,265.3594583,-25.2812194
KMT-2017-BLG-1003L b,KMT-2017-BLG-1003L,Microlensing,2023.0,KMTNet,,2.13,5.19,,,,0.32,7090.0,265.4115,-24.3739389
KMT-2017-BLG-1038L b,KMT-2017-BLG-1038L,Microlensing,2019.0,KMTNet,,13.4,640.0,,,,0.37,6000.0,266.170917,-25.1430306
KMT-2017-BLG-1057L b,KMT-2017-BLG-1057L,Microlensing,2024.0,KMTNet,,5.19,23.5,,,,0.57,6500.0,265.486,-22.3351111
KMT-2017-BLG-1146L b,KMT-2017-BLG-1146L,Microlensing,2019.0,KMTNet,,14.0,230.0,,,,0.33,6500.0,269.105833,-33.1424694
KMT-2017-BLG-1194L b,KMT-2017-BLG-1194L,Microlensing,2023.0,KMTNet,,1.7,3.54,,,,0.41,4240.0,274.322125,-25.3239389
KMT-2017-BLG-2197L b,KMT-2017-BLG-2197L,Microlensing,2025.0,KMTNet,,12.5,2809.60311788,,,,0.36,7800.0,262.6113333,-30.1593111
KMT-2017-BLG-2331L b,KMT-2017-BLG-2331L,Microlensing,2024.0,KMTNet,,14.2,171.0,,,,0.4,8030.0,264.4072083,-29.4612111
KMT-2017-BLG-2509L b,KMT-2017-BLG-2509L,Microlensing,2021.0,KMTNet,,13.4,664.26137063,,,,0.46,7040.0,265.589875,-26.31715
KMT-2018-BLG-0029L b,KMT-2018-BLG-0029L,Microlensing,2020.0,KMTNet,,2.67,7.59,,,,1.14,3380.0,264.469458,-27.9847
KMT-2018-BLG-0030L b,KMT-2018-BLG-0030L,Microlensing,2022.0,KMTNet,,13.6,460.85119015,,,,0.51,6480.0,264.5166667,-28.041625
KMT-2018-BLG-0087L b,KMT-2018-BLG-0087L,Microlensing,2022.0,KMTNet,,10.1,73.10053361,,,,0.1,7020.0,264.327,-27.8320611
KMT-2018-BLG-0247L b,KMT-2018-BLG-0247L,Microlensing,2022.0,KMTNet,,13.4,670.61793877,,,,0.29,6760.0,264.5600417,-27.1504111
KMT-2018-BLG-0748L b,KMT-2018-BLG-0748L,Microlensing,2020.0,KMTNet,,9.01,60.0,,,,0.087,7300.0,267.8745,-30.6463889
KMT-2018-BLG-0885L b,KMT-2018-BLG-0885L,Microlensing,2023.0,KMTNet,,11.9,9217.023803,,,,0.29,6890.0,268.9663333,-28.5133611
KMT-2018-BLG-1025L b,KMT-2018-BLG-1025L,Microlensing,2021.0,KMTNet,,2.34,6.059,,,,0.219,6705.0,269.8664167,-27.8780611
KMT-2018-BLG-1292L b,KMT-2018-BLG-1292L,Microlensing,2020.0,KMTNet,,12.9,1400.0,,,,1.09,3460.0,263.427583,-33.5206694
KMT-2018-BLG-1743L b,KMT-2018-BLG-1743L,Microlensing,2021.0,KMTNet,,10.5,77.86795971,,,,0.193,6483.0,274.283375,-26.3596389
KMT-2018-BLG-1976L b,KMT-2018-BLG-1976L,Microlensing,2021.0,KMTNet,,13.3,705.57906354,,,,0.65,5840.0,266.3546667,-35.7003306
KMT-2018-BLG-1988L b,KMT-2018-BLG-1988L,Microlensing,2022.0,KMTNet,,2.22,5.56,,,,0.47,4150.0,265.2825417,-35.5947
KMT-2018-BLG-1990L b,KMT-2018-BLG-1990L,Microlensing,2019.0,KMTNet,,12.9,111.0,,,,0.094,967.0,268.435375,-22.1525389
KMT-2018-BLG-1996L b,KMT-2018-BLG-1996L,Microlensing,2021.0,KMTNet,,13.7,346.43296363,,,,0.69,5910.0,268.6785,-22.8204111
KMT-2018-BLG-2602L b,KMT-2018-BLG-2602L,Microlensing,2022.0,KMTNet,,13.7,365.50266805,,,,0.66,4310.0,267.3970417,-21.9762
KMT-2019-BLG-0253L b,KMT-2019-BLG-0253L,Microlensing,2022.0,KMTNet,,2.99,9.2,,,,0.7,4900.0,267.8825833,-29.5654722
KMT-2019-BLG-0297L b,KMT-2019-BLG-0297L,Microlensing,2023.0,KMTNet,,12.1,6038.739733,,,,0.21,3090.0,270.0632917,-28.9652806
KMT-2019-BLG-0298L b,KMT-2019-BLG-0298L,Microlensing,2023.0,KMTNet,,13.4,575.26941667,,,,0.7,6710.0,264.878,-27.6381389
KMT-2019-BLG-0335L b,KMT-2019-BLG-0335L,Microlensing,2023.0,KMTNet,,12.1,6674.396547,,,,0.32,7710.0,262.840125,-29.5906889
KMT-2019-BLG-0371L b,KMT-2019-BLG-0371L,Microlensing,2021.0,KMTNet,,12.6,2447.2787339,,,,0.09,7010.0,268.3839167,-31.5550222
KMT-2019-BLG-0414L b,KMT-2019-BLG-0414L,Microlensing,2022.0,KMTNet,,12.9,1452.47581999,,,,0.74,4410.0,268.8529167,-21.8955389
KMT-2019-BLG-0578L b,KMT-2019-BLG-0578L,Microlensing,2025.0,KMTNet,,13.7,381.3940884,,,,0.28,7300.0,269.4846667,-27.7948611
KMT-2019-BLG-0842L b,KMT-2019-BLG-0842L,Microlensing,2020.0,KMTNet,,3.19,10.28,,,,0.76,3320.0,268.458458,-29.8774389
KMT-2019-BLG-0953L b,KMT-2019-BLG-0953L,Microlensing,2022.0,KMTNet,,4.06,15.5,,,,0.28,7200.0,269.3385833,-28.6746389
KMT-2019-BLG-1042L b,KMT-2019-BLG-1042L,Microlensing,2022.0,KMTNet,,9.05,60.38739733,,,,0.3,6600.0,270.5440417,-27.5806694
KMT-2019-BLG-1216L b,KMT-2019-BLG-1216L,Microlensing,2023.0,KMTNet,,5.98,29.87587026,,,,0.39,2740.0,268.480625,-35.1366389
KMT-2019-BLG-1339L b,KMT-2019-BLG-1339L,Microlensing,2020.0,KMTNet,,13.7,397.0,,,,0.48,6120.0,265.743417,-25.5739167
KMT-2019-BLG-1367L b,KMT-2019-BLG-1367L,Microlensing,2023.0,KMTNet,,1.85,4.08,,,,0.25,4670.0,272.4713333,-29.7622111
KMT-2019-BLG-1552L b,KMT-2019-BLG-1552L,Microlensing,2022.0,KMTNet,,13.0,1287.20504835,,,,0.79,4600.0,269.5957917,-27.5669389
KMT-2019-BLG-1715L b,KMT-2019-BLG-1715L,Microlensing,2021.0,KMTNet,,13.2,813.64072192,,,,0.61,3860.0,270.3717083,-28.7771389
KMT-2019-BLG-1806L b,KMT-2019-BLG-1806L,Microlensing,2023.0,KMTNet,,2.0,4.67,,,,0.74,6640.0,270.5375417,-29.4148889
KMT-2019-BLG-1953L b,KMT-2019-BLG-1953L,Microlensing,2020.0,KMTNet,,14.1,200.0,,,,0.31,7040.0,269.11625,-28.2011111
KMT-2019-BLG-2783L b,KMT-2019-BLG-2783L,Microlensing,2023.0,KMTNet,,13.7,368.68095212,,,,0.34,5910.0,269.2919167,-33.7885194
KMT-2019-BLG-2974L b,KMT-2019-BLG-2974L,Microlensing,2022.0,KMTNet,,11.4,88.99195396,,,,0.47,6100.0,267.8520833,-29.4231611
KMT-2020-BLG-0202L b,KMT-2020-BLG-0202L,Microlensing,2026.0,KMTNet,,12.4,3902.93283796,,,,0.81,3840.0,267.0404583,-24.47445
KMT-2020-BLG-0414L b,KMT-2020-BLG-0414L,Microlensing,2021.0,KMTNet,,1.2,1.87,,,,0.49,1220.0,271.915,-28.4852222
KMT-2020-BLG-0414L c,KMT-2020-BLG-0414L,Microlensing,2021.0,KMTNet,,11.9,8581.366989,,,,0.49,1220.0,271.915,-28.4852222
KMT-2021-BLG-0119L b,KMT-2021-BLG-0119L,Microlensing,2022.0,KMTNet,,12.8,1754.41280664,,,,0.56,3130.0,274.0005417,-29.7438889
KMT-2021-BLG-0171L b,KMT-2021-BLG-0171L,Microlensing,2022.0,KMTNet,,3.35,11.2,,5200.0,,0.78,4600.0,269.2416667,-30.0930556
KMT-2021-BLG-0192L b,KMT-2021-BLG-0192L,Microlensing,2022.0,KMTNet,,6.56,34.96112477,,,,0.27,5120.0,268.1049583,-30.0086889
KMT-2021-BLG-0240L b,KMT-2021-BLG-0240L,Microlensing,2022.0,KMTNet,,9.6,66.74396547,,,,0.56,6600.0,267.5772917,-30.0049694
KMT-2021-BLG-0320L b,KMT-2021-BLG-0320L,Microlensing,2022.0,KMTNet,,6.2,31.7828407,,,,0.32,6950.0,269.388125,-30.5039389
KMT-2021-BLG-0322L b,KMT-2021-BLG-0322L,Microlensing,2021.0,KMTNet,,12.7,2034.1018048,,,,0.62,6600.0,270.9116667,-29.6043889
KMT-2021-BLG-0712L b,KMT-2021-BLG-0712L,Microlensing,2023.0,KMTNet,,6.91,38.19,,,,0.22,3090.0,269.2856667,-31.1844694
KMT-2021-BLG-0736L b,KMT-2021-BLG-0736L,Microlensing,2025.0,KMTNet,,4.86,21.0,,,,0.6,7000.0,268.3225833,-29.7124194
KMT-2021-BLG-0748L b,KMT-2021-BLG-0748L,Microlensing,2022.0,KMTNet,,14.3,143.02278315,,,,0.36,6090.0,272.4213333,-25.7465806
KMT-2021-BLG-0852L b,KMT-2021-BLG-0852L,Microlensing,2026.0,KMTNet,,14.2,155.73591943,,,,0.75,7230.0,265.8311667,-33.8918389
KMT-2021-BLG-0909L b,KMT-2021-BLG-0909L,Microlensing,2023.0,KMTNet,,13.7,400.46379282,,,,0.38,6480.0,265.6202083,-27.6391389
KMT-2021-BLG-0912L b,KMT-2021-BLG-0912L,Microlensing,2022.0,KMTNet,,1.49,2.81,,,,0.8,5560.0,269.8211667,-31.9976389
KMT-2021-BLG-1077L b,KMT-2021-BLG-1077L,Microlensing,2022.0,KMTNet,,9.86,69.92224954,,,,0.14,8240.0,266.489125,-33.8428111
KMT-2021-BLG-1077L c,KMT-2021-BLG-1077L,Microlensing,2022.0,KMTNet,,10.6,79.45710175,,,,0.14,8240.0,266.489125,-33.8428111
KMT-2021-BLG-1105L b,KMT-2021-BLG-1105L,Microlensing,2023.0,KMTNet,,13.6,413.1769291,,,,0.63,4540.0,265.73225,-25.5089111
KMT-2021-BLG-1150L b,KMT-2021-BLG-1150L,Microlensing,2023.0,KMTNet,,13.9,279.68899816,,,,0.73,3800.0,268.790125,-31.3133306
KMT-2021-BLG-1253L b,KMT-2021-BLG-1253L,Microlensing,2022.0,KMTNet,,4.59,19.05,,,,0.24,6640.0,267.6172083,-29.2792806
KMT-2021-BLG-1303L b,KMT-2021-BLG-1303L,Microlensing,2022.0,KMTNet,,13.6,120.77479466,,,,0.57,6280.0,271.863875,-29.2815806
KMT-2021-BLG-1372L b,KMT-2021-BLG-1372L,Microlensing,2022.0,KMTNet,,9.12,61.27,,,,0.42,5970.0,264.4885417,-28.1483889
KMT-2021-BLG-1391L b,KMT-2021-BLG-1391L,Microlensing,2022.0,KMTNet,,1.97,4.55,,,,0.37,5720.0,270.6835833,-28.0605
KMT-2021-BLG-1547L b,KMT-2021-BLG-1547L,Microlensing,2023.0,KMTNet,,13.6,467.20775829,,,,0.72,5070.0,272.3995833,-29.0839389
KMT-2021-BLG-1554L b,KMT-2021-BLG-1554L,Microlensing,2022.0,KMTNet,,6.9,38.13940884,,,,0.08,7680.0,267.8034167,-31.8643611
KMT-2021-BLG-1689L b,KMT-2021-BLG-1689L,Microlensing,2022.0,KMTNet,,7.71,46.0,,4570.0,,0.58,7200.0,269.5791667,-30.1452778
KMT-2021-BLG-1770L b,KMT-2021-BLG-1770L,Microlensing,2023.0,KMTNet,,12.1,6674.396547,,,,0.13,6920.0,270.4399583,-27.4186694
KMT-2021-BLG-1898L b,KMT-2021-BLG-1898L,Microlensing,2022.0,KMTNet,,14.0,232.01473711,,,,0.48,6900.0,265.691875,-27.3758389
KMT-2021-BLG-2010L b,KMT-2021-BLG-2010L,Microlensing,2023.0,KMTNet,,13.8,340.07639549,,,,0.37,7090.0,268.0085,-32.26975
KMT-2021-BLG-2294L b,KMT-2021-BLG-2294L,Microlensing,2022.0,KMTNet,,5.02,22.24798849,,,,0.14,6800.0,270.0624167,-28.6124389
KMT-2021-BLG-2478L b,KMT-2021-BLG-2478L,Microlensing,2023.0,KMTNet,,13.9,286.0455663,,,,0.2,2970.0,269.3092083,-29.1019694
KMT-2021-BLG-2609L b,KMT-2021-BLG-2609L,Microlensing,2024.0,KMTNet,,3.17,10.17050902,,,,0.2,7480.0,263.518875,-27.5969389
KMT-2022-BLG-0303L b,KMT-2022-BLG-0303L,Microlensing,2024.0,KMTNet,,14.2,163.04597279,,,,0.368,6570.0,268.033125,-22.6890806
KMT-2022-BLG-0371L b,KMT-2022-BLG-0371L,Microlensing,2023.0,KMTNet,,10.9,82.63538582,,,,0.63,7140.0,265.3619167,-34.6986694
KMT-2022-BLG-0440L b,KMT-2022-BLG-0440L,Microlensing,2023.0,KMTNet,,4.05,15.4,,,,0.53,3500.0,269.5835833,-32.2953056
KMT-2022-BLG-1013L b,KMT-2022-BLG-1013L,Microlensing,2023.0,KMTNet,,12.1,98.52680617,,,,0.18,7710.0,264.70925,-28.3556694
KMT-2022-BLG-1551L b,KMT-2022-BLG-1551L,Microlensing,2026.0,KMTNet,,13.2,940.77208472,,,,0.54,6900.0,265.25375,-27.5518806
KMT-2022-BLG-1790L b,KMT-2022-BLG-1790L,Microlensing,2025.0,KMTNet,,13.5,549.84314411,,,,0.58,6480.0,271.05625,-27.03475
KMT-2022-BLG-1818L b,KMT-2022-BLG-1818L,Microlensing,2026.0,KMTNet,,13.0,1271.313628,,,,0.79,5300.0,270.798625,-27.4811111
KMT-2022-BLG-1818L c,KMT-2022-BLG-1818L,Microlensing,2026.0,KMTNet,,13.2,114.41822652,,,,0.79,5300.0,270.798625,-27.4811111
KMT-2022-BLG-2076L b,KMT-2022-BLG-2076L,Microlensing,2025.0,KMTNet,,13.9,279.68899816,,,,0.67,5570.0,268.051125,-29.0279306
KMT-2022-BLG-2286L b,KMT-2022-BLG-2286L,Microlensing,2024.0,KMTNet,,12.1,6038.739733,,,,0.2,7320.0,269.16525,-28.8549194
KMT-2023-BLG-0119L b,KMT-2023-BLG-0119L,Microlensing,2025.0,KMTNet,,11.0,83.7,,,,0.71,5410.0,266.8150417,-34.5721889
KMT-2023-BLG-0416L b,KMT-2023-BLG-0416L,Microlensing,2024.0,KMTNet,,3.67,13.03096469,,,,0.63,5900.0,266.3240417,-25.0794889
KMT-2023-BLG-0466L b,KMT-2023-BLG-0466L,Microlensing,2026.0,KMTNet,,13.1,1032.94232275,,,,0.44,6800.0,270.61,-33.0029694
KMT-2023-BLG-0469L b,KMT-2023-BLG-0469L,Microlensing,2024.0,KMTNet,,7.04,39.41072247,,,,0.47,7070.0,269.4067917,-28.7150611
KMT-2023-BLG-0548L b,KMT-2023-BLG-0548L,Microlensing,2025.0,KMTNet,,13.1,1086.97315194,,,,0.72,6830.0,270.347625,-27.10675
KMT-2023-BLG-0735L b,KMT-2023-BLG-0735L,Microlensing,2024.0,KMTNet,,6.97,38.77506565,,,,0.61,6390.0,267.5759583,-29.2029194
KMT-2023-BLG-0830L b,KMT-2023-BLG-0830L,Microlensing,2025.0,KMTNet,,4.41,17.79839079,,,,0.22,7250.0,271.6579583,-28.3323111
KMT-2023-BLG-0949L b,KMT-2023-BLG-0949L,Microlensing,2025.0,KMTNet,,12.8,1900.61387386,,,,0.48,6060.0,263.4194167,-28.0914611
KMT-2023-BLG-1431L b,KMT-2023-BLG-1431L,Microlensing,2024.0,KMTNet,,3.76,13.6,,,,0.57,6800.0,271.1835417,-29.7439194
KMT-2023-BLG-1454L b,KMT-2023-BLG-1454L,Microlensing,2024.0,KMTNet,,14.1,200.23189641,,,,0.17,7220.0,267.6200833,-29.62275
KMT-2023-BLG-1642L b,KMT-2023-BLG-1642L,Microlensing,2024.0,KMTNet,,13.8,343.25467956,,,,0.17,6980.0,261.366,-29.0584694
KMT-2023-BLG-1743L b,KMT-2023-BLG-1743L,Microlensing,2024.0,KMTNet,,12.1,6356.56814,,,,0.11,7130.0,269.16525,-28.8549194
KMT-2023-BLG-1866L b,KMT-2023-BLG-1866L,Microlensing,2024.0,KMTNet,,1.43,2.63,,,,0.51,6210.0,273.48225,-28.4473889
KMT-2023-BLG-1896L b,KMT-2023-BLG-1896L,Microlensing,2025.0,KMTNet,,4.19,16.35,,,,0.72,5490.0,271.03175,-26.9589194
KMT-2023-BLG-2209L b,KMT-2023-BLG-2209L,Microlensing,2025.0,KMTNet,,13.9,254.2627256,,,,0.73,5570.0,268.9942083,-29.3056694
KMT-2024-BLG-0176L b,KMT-2024-BLG-0176L,Microlensing,2026.0,KMTNet,,14.0,241.54958932,,,,0.103,8340.0,266.5324583,-34.2105806
KMT-2024-BLG-0349L b,KMT-2024-BLG-0349L,Microlensing,2026.0,KMTNet,,12.4,3769.44490702,,,,0.68,5750.0,261.3715417,-30.2470194
KMT-2024-BLG-0404L b,KMT-2024-BLG-0404L,Microlensing,2025.0,KMTNet,,11.9,8657.64580668,,,,0.09,7210.0,271.1470833,-27.9535
KMT-2024-BLG-0404L c,KMT-2024-BLG-0404L,Microlensing,2025.0,KMTNet,,4.33,17.3,,,,0.09,7210.0,271.1470833,-27.9535
KMT-2024-BLG-1005L b,KMT-2024-BLG-1005L,Microlensing,2025.0,KMTNet,,12.1,6674.396547,,,,0.055,6950.0,269.8055833,-28.7557806
KMT-2024-BLG-1044L b,KMT-2024-BLG-1044L,Microlensing,2024.0,KMTNet,,2.7,7.75,,,,0.069,7140.0,271.564,-27.5925806
KMT-2024-BLG-1209L b,KMT-2024-BLG-1209L,Microlensing,2025.0,KMTNet,,13.2,839.06699448,,,,0.77,3930.0,261.6129583,-28.1205611
KMT-2024-BLG-1281L b,KMT-2024-BLG-1281L,Microlensing,2025.0,KMTNet,,4.59,19.06970442,,,,0.32,7180.0,270.169375,-32.71425
KMT-2024-BLG-1870L b,KMT-2024-BLG-1870L,Microlensing,2026.0,KMTNet,,13.8,336.89811142,,,,0.67,5480.0,272.4653333,-26.8828889
KMT-2024-BLG-2005L b,KMT-2024-BLG-2005L,Microlensing,2026.0,KMTNet,,8.18,50.85254512,,,,0.12,7720.0,268.4080833,-28.9009806
KMT-2024-BLG-2059L b,KMT-2024-BLG-2059L,Microlensing,2025.0,KMTNet,,2.54,6.99222495,,,,0.51,6070.0,270.92975,-28.5681889
KMT-2024-BLG-2087L b,KMT-2024-BLG-2087L,Microlensing,2026.0,KMTNet,,12.9,1395.26670673,,,,0.48,7190.0,268.4500417,-29.2631889
KMT-2024-BLG-2242L b,KMT-2024-BLG-2242L,Microlensing,2025.0,KMTNet,,3.82,13.98444991,,,,0.069,7620.0,268.415,-29.5603111
KMT-2025-BLG-0121L b,KMT-2025-BLG-0121L,Microlensing,2026.0,KMTNet,,12.6,2469.52672239,,,,0.61,6200.0,267.158375,-23.9988
KMT-2025-BLG-0481L b,KMT-2025-BLG-0481L,Microlensing,2026.0,KMTNet,,14.1,187.51876013,,,,0.22,7980.0,265.356,-34.37175
KMT-2025-BLG-1616L b,KMT-2025-BLG-1616L,Microlensing,2026.0,KMTNet,,7.34,42.32,,,,0.26,7500.0,267.778875,-30.1391111
KOBE-1 b,KOBE-1,Radial Velocity,2025.0,Calar Alto Observatory,8.5399,2.91,8.8,594.4,4135.0,0.619,0.629,23.9718,19.1660378,25.3310358
KOBE-1 c,KOBE-1,Radial Velocity,2025.0,Calar Alto Observatory,29.671,3.56,12.4,392.5,4135.0,0.619,0.629,23.9718,19.1660378,25.3310358
KOI-12 b,KOI-12,Transit,2015.0,Kepler,17.855182,13.78707,349.613,911.0,6635.0,1.4,1.5,399.398,297.4537402,41.0110188
KOI-1257 b,KOI-1257,Transit,2014.0,Kepler,86.647661,10.54,460.83,511.0,5520.0,1.13,0.99,656.0,291.2250888,44.9272918
KOI-13 b,KOI-13,Transit,2011.0,Kepler,1.763588,16.948008,2949.4624,2550.0,7650.0,1.74,1.72,519.096,286.9713876,46.8682463
KOI-134 b,KOI-134,Transit,2025.0,Kepler,67.1277,12.03844527,346.43296363,659.0,6160.0,1.667,1.407,1159.21,295.586598,45.3649371
KOI-134 c,KOI-134,Transit Timing Variations,2025.0,Kepler,33.95,9.86,69.92224954,,6160.0,1.667,1.407,1159.21,295.586598,45.3649371
KOI-142 b,KOI-142,Transit,2013.0,Kepler,10.91647,3.438,9.5,758.0,5466.0,0.897,0.99,376.863,291.1481028,40.669413
KOI-142 c,KOI-142,Transit Timing Variations,2013.0,Kepler,22.26492,14.0,214.1,,5466.0,0.897,0.99,376.863,291.1481028,40.669413
KOI-1599.01,KOI-1599,Transit,2019.0,Kepler,20.4415,1.9,4.6,660.0,5833.0,0.972,1.02,1131.64,298.3738383,40.6184483
KOI-1599.02,KOI-1599,Transit,2019.0,Kepler,13.6088,1.9,9.0,755.0,5833.0,0.972,1.02,1131.64,298.3738383,40.6184483
KOI-1783.01,KOI-1783,Transit,2020.0,Kepler,134.4628,8.86,71.0,412.0,5922.0,1.143,1.076,865.73,289.3414629,46.988155
KOI-1783.02,KOI-1783,Transit,2020.0,Kepler,284.215,5.44,15.0,321.0,5922.0,1.143,1.076,865.73,289.3414629,46.988155
KOI-1831 d,Kepler-324,Transit,2018.0,Kepler,34.169,1.13,2.23,475.0,5233.0,0.835,0.901,501.574,286.4714473,49.6490933
KOI-1833 d,Kepler-968,Transit,2021.0,Kepler,7.685,2.58,11.02,613.0,4413.0,0.667,0.681,290.324,285.6025889,50.1120401
KOI-1843.03,Kepler-974,Transit,2013.0,Kepler,0.1768913,0.61,8.0,1654.0,3584.0,0.45,0.46,134.311,285.0131082,40.2209547
KOI-217 b,KOI-217,Transit,2010.0,Kepler,3.90512,12.442,,1046.0,5545.0,0.86,0.95,914.699,294.8654667,46.2858128
KOI-2513.01,KOI-2513,Transit,2023.0,Kepler,19.00547,2.80224517,7310.053361,758.0,5900.0,1.2,0.91,1369.87,293.6688776,46.3792321
KOI-3503 b,KOI-3503,Transit,2021.0,Kepler,21.185,1.19,9.2,785.0,6001.0,1.255,0.858,887.064,293.1507654,41.7291532
KOI-3503 c,KOI-3503,Transit,2021.0,Kepler,31.828,1.21,10.36,686.0,6001.0,1.255,0.858,887.064,293.1507654,41.7291532
KOI-351 b,KOI-351,Transit,2013.0,Kepler,7.008151,1.31,2.27,1062.0,6080.0,1.2,1.2,848.254,284.4334642,49.3051239
KOI-351 c,KOI-351,Transit,2013.0,Kepler,8.719375,1.19,1.81,987.0,6080.0,1.2,1.2,848.254,284.4334642,49.3051239
KOI-351 d,KOI-351,Transit,2013.0,Kepler,59.73667,2.87,8.6,520.0,6080.0,1.2,1.2,848.254,284.4334642,49.3051239
KOI-351 e,KOI-351,Transit,2013.0,Kepler,91.93913,2.66,7.56,450.0,6080.0,1.2,1.2,848.254,284.4334642,49.3051239
KOI-351 f,KOI-351,Transit,2013.0,Kepler,124.9144,2.88,8.65,407.0,6080.0,1.2,1.2,848.254,284.4334642,49.3051239
KOI-351 g,KOI-351,Transit,2013.0,Kepler,210.73514,7.718,15.0,342.0,6031.13,1.185,1.242,848.254,284.4334642,49.3051239
KOI-351 h,KOI-351,Transit,2013.0,Kepler,331.60296,11.252,203.0,294.0,6031.13,1.185,1.242,848.254,284.4334642,49.3051239
KOI-3680 b,KOI-3680,Transit,2018.0,Kepler,141.241671,11.09691,613.4119,347.0,5830.0,0.96,1.01,921.986,293.2815266,45.3096572
KOI-4777.01,KOI-4777,Transit,2022.0,Kepler,0.412,0.51,99.2,1180.0,3515.0,0.4,0.41,172.245,287.2621474,42.0322257
KOI-4978 b,KOI-4978,Transit,2024.0,Kepler,0.941967,0.7,0.271,,5050.28,0.966,0.859,936.341,286.5907635,38.5582993
KOI-55 b,KOI-55,Orbital Brightness Modulation,2011.0,Kepler,0.240104,0.759,0.44,,27730.0,0.203,0.496,1231.02,296.3561853,41.0927315
KOI-55 c,KOI-55,Orbital Brightness Modulation,2011.0,Kepler,0.342887,0.867,0.655,,27730.0,0.203,0.496,1231.02,296.3561853,41.0927315
KOI-7368 b,KOI-7368,Transit,2022.0,Kepler,6.8430344,2.22,5.56,805.0,5241.0,0.874,0.879,264.995,293.9476365,48.0652589
KOI-7913 b,KOI-7913 A,Transit,2022.0,Kepler,24.278553,2.34,6.08,432.0,4324.0,0.788,0.76,271.277,286.7485252,45.1587234
KOI-94 b,KOI-94,Transit,2013.0,Kepler,3.743208,1.71,10.5,1486.0,6182.0,1.52,1.277,477.052,297.3330716,41.8911186
KOI-94 c,KOI-94,Transit,2013.0,Kepler,10.423648,4.32,15.6,1012.0,6182.0,1.52,1.277,477.052,297.3330716,41.8911186
KOI-94 d,KOI-94,Transit,2013.0,Kepler,22.342989,11.27,106.0,806.0,6182.0,1.52,1.277,477.052,297.3330716,41.8911186
KOI-94 e,KOI-94,Transit,2013.0,Kepler,54.32031,6.56,35.0,584.0,6182.0,1.52,1.277,477.052,297.3330716,41.8911186
KOI-984 b,KOI-984,Transit,2022.0,Kepler,4.2881785,4.3,17.1,1022.0,5295.0,0.818,0.928,252.667,291.0489438,36.8400772
KOI-984 c,KOI-984,Transit Timing Variations,2022.0,Kepler,21.512,14.1,209.8,597.0,5295.0,0.818,0.928,252.667,291.0489438,36.8400772
KOINTREAU-1 b,XEST 17-036,Imaging,2026.0,W. M. Keck Observatory,,12.4,3368.9811142,,3551.0,,0.26,158.618,68.359288,22.758056
KOINTREAU-3 b,ISO-Oph 96,Imaging,2026.0,W. M. Keck Observatory,,13.1,1080.6165838,,3920.0,0.730795,0.41,140.563,246.7687845,-24.716683
KOINTREAU-4 b,2MASS J16262785-2625152,Imaging,2026.0,W. M. Keck Observatory,,12.2,4862.7746271,,3252.0,,,145.434,246.6160467,-26.4209954
KPS-1 b,KPS-1,Transit,2018.0,Acton Sky Portal Observatory,1.706291,11.54527,346.4347,1459.0,5165.0,0.907,0.892,262.706,165.167198,64.9638452
Kapteyn c,Kapteyn,Radial Velocity,2014.0,Multiple Observatories,121.54,2.54,7.0,,3550.0,0.291,0.281,3.93305,77.9586613,-45.0430198
Kepler-10 b,Kepler-10,Transit,2011.0,Kepler,0.8374907,1.47,3.24,2188.0,5708.0,1.065,0.91,185.506,285.679298,50.2414842
Kepler-10 c,Kepler-10,Transit,2011.0,Kepler,45.294301,2.355,11.29,579.0,5708.0,1.065,0.91,185.506,285.679298,50.2414842
Kepler-10 d,Kepler-10,Radial Velocity,2023.0,Roque de los Muchachos Observatory,151.06,3.49,12.0,387.0,5708.0,1.065,0.91,185.506,285.679298,50.2414842
Kepler-100 b,Kepler-100,Transit,2014.0,Kepler,6.88734,1.34,4.01,1155.0,5837.0,1.51,1.13,304.645,291.3861294,41.9901394
Kepler-100 c,Kepler-100,Transit,2014.0,Kepler,12.8159,2.2,7.05,939.0,5825.0,1.49,1.08,304.645,291.3861294,41.9901394
Kepler-100 d,Kepler-100,Transit,2014.0,Kepler,35.3331,1.61,3.0,670.0,5825.0,1.49,1.08,304.645,291.3861294,41.9901394
Kepler-100 e,Kepler-100,Radial Velocity,2023.0,W. M. Keck Observatory,60.888588,5.27,24.14271827,,5884.0,1.5,1.097,304.645,291.3861294,41.9901394
Kepler-1000 b,Kepler-1000,Transit,2016.0,Kepler,120.0181272,4.76,20.3,473.0,6453.0,1.51,1.4,1115.62,286.6854729,47.0981948
Kepler-1001 b,Kepler-1001,Transit,2016.0,Kepler,14.30511983,3.15,10.1,693.0,5491.0,0.88,0.9,928.978,286.2739151,48.6186972
Kepler-1001 c,Kepler-1001,Transit,2020.0,Kepler,9.18186,1.57799279,3.11,804.0,5376.0,0.836475,0.93,928.978,286.2739151,48.6186972
Kepler-1002 b,Kepler-1002,Transit,2016.0,Kepler,4.336429331,1.71,3.57,1453.0,6144.0,1.57,1.22,408.303,293.0794629,43.073677
Kepler-1003 b,Kepler-1003,Transit,2016.0,Kepler,3.554856915,1.78,3.82,1157.0,6109.0,1.17,1.11,941.902,292.0204349,44.8762427
Kepler-1004 b,Kepler-1004,Transit,2016.0,Kepler,5.28789787,6.28,32.5,1661.0,4972.0,3.39,1.11,1152.68,297.3593427,49.7975464
Kepler-1005 b,Kepler-1005,Transit,2016.0,Kepler,6.49801525,1.5,2.86,1026.0,5782.0,1.06,1.0,567.806,286.2858998,43.3205085
Kepler-1006 b,Kepler-1006,Transit,2016.0,Kepler,19.76172042,1.54,2.99,791.0,5328.0,0.74,0.78,1081.738,295.7542063,42.5373065
Kepler-1007 b,Kepler-1007,Transit,2016.0,Kepler,5.185002073,1.44,2.67,652.0,4587.0,0.7,0.73,365.0,295.9065297,45.8090893
Kepler-1008 b,Kepler-1008,Transit,2016.0,Kepler,12.43931193,1.28,2.18,627.0,5066.0,0.78,0.81,282.565,296.5476395,44.9418307
Kepler-1009 b,Kepler-1009,Transit,2016.0,Kepler,11.35011917,2.17,5.35,403.0,4027.0,0.57,0.59,355.019,282.8598614,42.6658336
Kepler-101 b,Kepler-101,Transit,2014.0,Kepler,3.4876812,5.77,51.1,1513.0,5667.0,1.56,1.17,927.981,283.255507,48.3552474
Kepler-101 c,Kepler-101,Transit,2014.0,Kepler,6.02976,1.25,3.78,1413.0,5667.0,1.56,1.17,927.981,283.255507,48.3552474
Kepler-1010 b,Kepler-1010,Transit,2016.0,Kepler,34.2685705,2.32,5.99,477.0,5253.0,0.82,0.86,579.273,289.1926026,44.1493165
Kepler-1011 b,Kepler-1011,Transit,2016.0,Kepler,5.753221974,2.87,8.6,920.0,5416.0,0.88,0.91,736.779,297.4015491,46.8239976
Kepler-1012 b,Kepler-1012,Transit,2016.0,Kepler,5.50860439,1.29,2.21,934.0,5556.0,0.91,0.95,411.077,289.2962253,46.4579889
Kepler-1013 b,Kepler-1013,Transit,2016.0,Kepler,18.93054959,2.15,5.27,766.0,4954.0,0.76,0.81,422.246,290.2481023,44.4352935
Kepler-1014 b,Kepler-1014,Transit,2016.0,Kepler,16.57110363,2.39,6.3,614.0,5388.0,0.84,0.88,624.8,285.1219875,44.1105331
Kepler-1015 b,Kepler-1015,Transit,2016.0,Kepler,16.00494214,3.55,12.3,1040.0,6769.0,1.81,1.49,739.357,292.7573088,43.4268439
Kepler-1016 b,Kepler-1016,Transit,2016.0,Kepler,1.954524342,2.18,5.39,1540.0,5821.0,1.0,0.99,1402.82,294.613689,45.9846265
Kepler-1016 c,Kepler-1016,Transit,2016.0,Kepler,105.6551369,3.68,13.1,407.0,5821.0,1.0,0.99,1402.82,294.613689,45.9846265
Kepler-1017 b,Kepler-1017,Transit,2016.0,Kepler,7.23400469,1.99,4.62,831.0,5473.0,0.87,0.93,552.058,283.469299,40.1325185
Kepler-1018 b,Kepler-1018,Transit,2016.0,Kepler,49.1013514,2.58,7.18,498.0,5518.0,0.88,0.91,1010.01,283.5967317,45.4078654
Kepler-1019 b,Kepler-1019,Transit,2016.0,Kepler,1.411229847,1.46,2.73,1164.0,4433.0,0.67,0.7,194.182,283.7175909,47.2043818
Kepler-102 b,Kepler-102,Transit,2014.0,Kepler,5.286965,0.46,1.1,857.0,4909.0,0.724,0.803,107.796,281.4824731,47.2078263
Kepler-102 c,Kepler-102,Transit,2014.0,Kepler,7.071392,0.567,1.7,777.0,4909.0,0.724,0.803,107.796,281.4824731,47.2078263
Kepler-102 d,Kepler-102,Transit,2014.0,Kepler,10.311767,1.154,3.0,686.0,4909.0,0.724,0.803,107.796,281.4824731,47.2078263
Kepler-102 e,Kepler-102,Transit,2013.0,Kepler,16.1456994,2.17,4.7,590.0,4909.0,0.724,0.803,107.796,281.4824731,47.2078263
Kepler-102 f,Kepler-102,Transit,2014.0,Kepler,27.453592,0.861,4.3,495.0,4909.0,0.724,0.803,107.796,281.4824731,47.2078263
Kepler-1020 b,Kepler-1020,Transit,2016.0,Kepler,96.9151496,2.28,5.82,325.0,5227.0,0.8,0.87,415.358,292.672471,46.3772776
Kepler-1021 b,Kepler-1021,Transit,2016.0,Kepler,13.47469571,2.33,6.04,634.0,5431.0,0.86,0.89,810.082,295.2048999,42.5596699
Kepler-1022 b,Kepler-1022,Transit,2016.0,Kepler,10.99469878,2.36,6.17,512.0,4445.0,0.68,0.71,420.042,289.3520595,46.9736345
Kepler-1023 b,Kepler-1023,Transit,2016.0,Kepler,62.1387714,2.63,7.41,524.0,5494.0,0.89,0.93,694.175,289.0297232,49.7697034
Kepler-1024 b,Kepler-1024,Transit,2016.0,Kepler,66.4162133,3.91,14.5,376.0,5143.0,0.78,0.81,1087.4,291.9510277,38.2516419
Kepler-1025 b,Kepler-1025,Transit,2016.0,Kepler,37.3229493,1.98,4.58,1654.0,6089.0,1.13,1.09,803.776,284.510214,43.9615628
Kepler-1026 b,Kepler-1026,Transit,2016.0,Kepler,36.5156053,2.21,5.52,425.0,4948.0,0.75,0.79,351.239,283.6053012,39.9979286
Kepler-1027 b,Kepler-1027,Transit,2016.0,Kepler,1.907805199,0.89,0.64,1268.0,5436.0,0.82,0.91,405.104,287.5711746,42.8138159
Kepler-1028 b,Kepler-1028,Transit,2016.0,Kepler,2.51462432,1.33,2.33,1217.0,5522.0,0.87,0.9,607.916,289.5931004,49.7812447
Kepler-1029 b,Kepler-1029,Transit,2016.0,Kepler,4.417696479,1.26,2.13,790.0,5030.0,0.77,0.82,366.656,292.1328738,41.5474786
Kepler-103 b,Kepler-103,Transit,2014.0,Kepler,15.9653287,3.4857,11.67,973.0,6047.0,1.492,1.212,494.832,288.9845512,40.0644857
Kepler-103 c,Kepler-103,Transit,2014.0,Kepler,179.60978,5.4539,58.47,434.0,6047.0,1.492,1.212,494.832,288.9845512,40.0644857
Kepler-1030 b,Kepler-1030,Transit,2016.0,Kepler,19.32952416,2.48,6.71,529.0,4983.0,0.76,0.8,758.702,293.6819098,45.8175241
Kepler-1031 b,Kepler-1031,Transit,2016.0,Kepler,1.22621732,0.87,0.59,2024.0,6011.0,1.12,1.09,682.882,296.0898796,48.9554121
Kepler-1032 b,Kepler-1032,Transit,2016.0,Kepler,3.290117953,1.87,4.16,802.0,4647.0,0.71,0.77,673.01,289.9308779,40.0977109
Kepler-1033 b,Kepler-1033,Transit,2016.0,Kepler,7.56052806,2.51,6.85,914.0,5547.0,0.92,0.94,1455.5,283.8450963,44.6090251
Kepler-1034 b,Kepler-1034,Transit,2016.0,Kepler,12.12400943,2.26,5.73,675.0,5198.0,0.8,0.83,654.549,286.1154093,37.9669464
Kepler-1035 b,Kepler-1035,Transit,2016.0,Kepler,2.714077555,1.17,1.71,1301.0,5763.0,0.97,0.98,562.116,289.042243,42.8824991
Kepler-1036 b,Kepler-1036,Transit,2016.0,Kepler,122.8808058,3.01,9.32,326.0,5533.0,0.89,0.95,489.435,295.1817093,49.9458172
Kepler-1037 b,Kepler-1037,Transit,2016.0,Kepler,1.063788673,1.28,2.18,1650.0,5105.0,0.78,0.82,446.914,296.3410342,47.1709335
Kepler-1038 b,Kepler-1038,Transit,2016.0,Kepler,148.4603382,3.53,12.2,285.0,5335.0,0.83,0.87,584.136,298.9721472,44.1323499
Kepler-1038 c,Kepler-1038,Transit,2021.0,Kepler,7.127659798,1.4162338,2.59,784.0,5159.0,0.821,0.868,584.136,298.9721472,44.1323499
Kepler-1039 b,Kepler-1039,Transit,2016.0,Kepler,0.934884242,1.46,2.73,2080.0,4870.0,0.74,0.79,306.91,298.3266169,45.3154212
Kepler-104 b,Kepler-104,Transit,2014.0,Kepler,11.427548,3.1,19.6,852.0,5711.0,1.349,0.818,400.785,287.6046621,42.1665104
Kepler-104 c,Kepler-104,Transit,2014.0,Kepler,23.668205,3.13,7.14430805,668.0,5711.0,1.349,0.818,400.785,287.6046621,42.1665104
Kepler-104 d,Kepler-104,Transit,2014.0,Kepler,51.755394,3.58,5.54022107,515.0,5711.0,1.349,0.818,400.785,287.6046621,42.1665104
Kepler-1040 b,Kepler-1040,Transit,2016.0,Kepler,201.1214,2.08,4.98,300.0,5694.0,0.96,0.98,482.119,283.1137663,48.1312774
Kepler-1041 b,Kepler-1041,Transit,2016.0,Kepler,24.7576421,2.94,8.96,644.0,5957.0,1.08,1.06,1485.82,293.8817361,49.6831419
Kepler-1042 b,Kepler-1042,Transit,2016.0,Kepler,10.13202575,2.19,5.43,574.0,4815.0,0.72,0.75,659.0,288.6689428,39.8239935
Kepler-1043 b,Kepler-1043,Transit,2016.0,Kepler,38.5053398,2.55,7.04,532.0,5629.0,0.9,0.92,903.332,281.6629579,47.5685927
Kepler-1044 b,Kepler-1044,Transit,2016.0,Kepler,6.77408868,2.67,7.61,1058.0,5985.0,1.11,1.08,1278.96,293.1444017,46.6662155
Kepler-1045 b,Kepler-1045,Transit,2016.0,Kepler,26.41045478,2.69,7.7,512.0,5301.0,0.82,0.86,942.485,284.1832668,45.0740897
Kepler-1046 b,Kepler-1046,Transit,2016.0,Kepler,14.37508035,1.71,3.57,786.0,5913.0,1.04,1.04,721.534,296.7558056,46.9982799
Kepler-1047 b,Kepler-1047,Transit,2016.0,Kepler,56.1886887,2.09,5.02,503.0,5754.0,1.13,1.08,817.647,288.6462564,50.7889645
Kepler-1047 c,Kepler-1047,Transit,2016.0,Kepler,3.18897601,0.99,0.937,1309.0,5754.0,1.13,1.08,817.647,288.6462564,50.7889645
Kepler-1048 b,Kepler-1048,Transit,2016.0,Kepler,6.92101021,1.61,3.22,619.0,4651.0,0.7,0.75,556.006,281.8983042,42.1657112
Kepler-1049 b,Kepler-1049,Transit,2016.0,Kepler,3.273460736,0.95,0.809,625.0,3864.0,0.49,0.51,162.006,287.3469567,47.7729078
Kepler-105 b,Kepler-105,Transit,2013.0,Kepler,5.4122034,2.53,10.8,1418.0,5933.0,1.026,0.991,459.223,287.8872376,46.2761224
Kepler-105 c,Kepler-105,Transit,2014.0,Kepler,7.12592,1.44,5.6,997.0,5933.0,1.026,0.991,459.223,287.8872376,46.2761224
Kepler-1050 b,Kepler-1050,Transit,2016.0,Kepler,15.3787546,1.6,3.19,1039.0,6010.0,1.13,1.09,490.488,282.9249847,48.6264015
Kepler-1050 c,Kepler-1050,Transit,2016.0,Kepler,21.1284569,1.48,2.79,935.0,6010.0,1.13,1.09,490.488,282.9249847,48.6264015
Kepler-1051 b,Kepler-1051,Transit,2016.0,Kepler,25.96200249,3.4,11.5,850.0,6675.0,1.73,1.43,829.343,295.1581062,40.8988186
Kepler-1052 b,Kepler-1052,Transit,2016.0,Kepler,34.8538276,2.93,8.91,522.0,5888.0,1.03,1.03,943.444,295.34273,46.6022134
Kepler-1052 c,Kepler-1052,Transit,2023.0,Kepler,180.921729,2.3,5.9,302.0,5818.0,0.848,0.937,943.444,295.34273,46.6022134
Kepler-1053 b,Kepler-1053,Transit,2016.0,Kepler,2.414351654,0.98,0.904,953.0,4529.0,0.69,0.74,151.129,291.4186349,39.1273664
Kepler-1054 b,Kepler-1054,Transit,2016.0,Kepler,4.30655689,2.63,7.41,1177.0,6209.0,1.34,1.22,1090.51,290.6011085,44.5563604
Kepler-1055 b,Kepler-1055,Transit,2016.0,Kepler,2.295036233,1.23,2.04,1304.0,5723.0,0.94,0.98,389.397,290.4867838,44.932541
Kepler-1056 b,Kepler-1056,Transit,2016.0,Kepler,27.495606,3.01,9.32,590.0,6127.0,1.2,1.12,982.51,299.5259832,46.8992561
Kepler-1057 b,Kepler-1057,Transit,2016.0,Kepler,14.08827448,3.36,11.2,724.0,5987.0,1.1,1.07,1201.82,297.4521311,41.5580816
Kepler-1058 b,Kepler-1058,Transit,2016.0,Kepler,110.96546,2.72,7.85,239.0,4644.0,0.69,0.73,491.997,294.5956256,45.8750556
Kepler-1059 b,Kepler-1059,Transit,2016.0,Kepler,3.764191048,1.73,3.64,908.0,4906.0,0.72,0.75,713.167,289.2202147,41.7064385
Kepler-106 b,Kepler-106,Transit,2014.0,Kepler,6.16486,0.82,5.3,1021.0,5858.0,1.04,1.0,444.322,300.864006,44.3375497
Kepler-106 c,Kepler-106,Transit,2014.0,Kepler,13.5708,2.5,10.44,785.0,5858.0,1.04,1.0,444.322,300.864006,44.3375497
Kepler-106 d,Kepler-106,Transit,2014.0,Kepler,23.9802,0.95,8.1,649.0,5858.0,1.04,1.0,444.322,300.864006,44.3375497
Kepler-106 e,Kepler-106,Transit,2014.0,Kepler,43.8445,2.56,11.17,531.0,5858.0,1.04,1.0,444.322,300.864006,44.3375497
Kepler-1060 b,Kepler-1060,Transit,2016.0,Kepler,46.8779367,2.38,6.26,484.0,5797.0,0.99,0.99,946.565,286.0252285,39.6309204
Kepler-1061 b,Kepler-1061,Transit,2016.0,Kepler,2.757982666,1.98,4.58,1332.0,6067.0,1.07,1.09,543.375,296.2300306,50.2752091
Kepler-1062 b,Kepler-1062,Transit,2016.0,Kepler,9.30412078,1.76,3.75,583.0,4597.0,0.7,0.75,397.455,283.8994187,41.221594
Kepler-1063 b,Kepler-1063,Transit,2016.0,Kepler,14.07971466,1.49,2.83,931.0,5945.0,1.14,1.09,343.226,290.5267975,38.1428283
Kepler-1064 b,Kepler-1064,Transit,2016.0,Kepler,16.54080322,1.55,3.02,570.0,5153.0,0.79,0.85,374.0,291.7415821,37.6888103
Kepler-1065 b,Kepler-1065,Transit,2016.0,Kepler,3.609308907,3.73,13.4,1092.0,5635.0,0.93,0.94,1122.48,294.511319,38.7904648
Kepler-1065 c,Kepler-1065,Transit,2016.0,Kepler,2.37030743,1.6,3.19,1256.0,5635.0,0.93,0.94,1122.48,294.511319,38.7904648
Kepler-1066 b,Kepler-1066,Transit,2016.0,Kepler,1.931559839,2.36,6.17,1290.0,5762.0,0.98,0.98,344.251,298.866621,46.5022325
Kepler-1067 b,Kepler-1067,Transit,2016.0,Kepler,0.762129261,0.8,0.437,1872.0,5592.0,0.93,0.95,667.693,285.3873706,45.0490265
Kepler-1067 c,Kepler-1067,Transit,2021.0,Kepler,5.425839901,1.74682428,3.7,973.0,5594.0,0.934,0.981,667.693,285.3873706,45.0490265
Kepler-1068 b,Kepler-1068,Transit,2016.0,Kepler,16.92344113,3.63,12.8,702.0,5806.0,1.01,1.01,1473.61,294.6481708,46.3923173
Kepler-1069 b,Kepler-1069,Transit,2016.0,Kepler,23.8990296,1.6,3.19,823.0,5722.0,0.98,0.99,695.967,290.9792378,47.9889097
Kepler-107 b,Kepler-107,Transit,2014.0,Kepler,3.1800218,1.536,3.8,1592.0,5854.0,1.447,1.238,525.997,297.028162,48.2086019
Kepler-107 c,Kepler-107,Transit,2014.0,Kepler,4.901452,1.597,10.0,1378.0,5854.0,1.447,1.238,525.997,297.028162,48.2086019
Kepler-107 d,Kepler-107,Transit,2014.0,Kepler,7.95839,0.86,7.7,1173.0,5854.0,1.447,1.238,525.997,297.028162,48.2086019
Kepler-107 e,Kepler-107,Transit,2014.0,Kepler,14.749143,2.903,14.1,955.0,5854.0,1.447,1.238,525.997,297.028162,48.2086019
Kepler-1070 b,Kepler-1070,Transit,2016.0,Kepler,6.2216147,1.73,3.64,1101.0,6261.0,1.32,1.21,939.001,293.1953923,49.316541
Kepler-1071 b,Kepler-1071,Transit,2016.0,Kepler,6.1799844,2.38,6.26,814.0,5215.0,0.81,0.86,1042.27,293.0579794,45.2487472
Kepler-1072 b,Kepler-1072,Transit,2016.0,Kepler,1.569066502,1.58,3.12,1849.0,6199.0,1.32,1.2,982.716,292.0443891,46.3289723
Kepler-1073 b,Kepler-1073,Transit,2016.0,Kepler,8.67888593,2.3,5.9,905.0,5792.0,1.0,1.0,809.897,294.1527259,38.2330886
Kepler-1073 c,Kepler-1073,Transit,2016.0,Kepler,4.02582254,1.64,3.33,1169.0,5792.0,1.0,1.0,809.897,294.1527259,38.2330886
Kepler-1073 d,Kepler-1073,Transit,2021.0,Kepler,2.504760027,1.48770949,2.82,1369.0,5509.0,1.116,0.924,809.897,294.1527259,38.2330886
Kepler-1074 b,Kepler-1074,Transit,2016.0,Kepler,5.94566534,1.25,2.1,568.0,4002.0,0.57,0.6,250.817,284.4766869,46.2526781
Kepler-1075 b,Kepler-1075,Transit,2016.0,Kepler,1.52372816,1.42,2.6,818.0,3959.0,0.54,0.56,291.275,287.5011404,47.4691157
Kepler-1076 b,Kepler-1076,Transit,2016.0,Kepler,6.14727918,0.8,0.437,770.0,4868.0,0.74,0.79,199.0,287.5902594,51.0606047
Kepler-1077 b,Kepler-1077,Transit,2016.0,Kepler,34.3511874,2.77,8.1,576.0,5816.0,1.02,1.02,1101.42,291.0336333,42.2678448
Kepler-1078 b,Kepler-1078,Transit,2016.0,Kepler,3.00725242,1.9,4.27,1122.0,5612.0,0.92,0.94,2481.71,293.2005664,43.0500379
Kepler-1079 b,Kepler-1079,Transit,2016.0,Kepler,13.24503188,1.63,3.29,887.0,5758.0,1.36,1.08,591.098,299.5495794,45.7696769
Kepler-108 b,Kepler-108,Transit,2014.0,Kepler,49.183921,8.65,56.0,669.0,5854.0,2.192,1.247,338.732,294.5589885,46.0623952
Kepler-108 c,Kepler-108,Transit,2014.0,Kepler,190.323494,8.18,50.9,426.0,5854.0,2.192,1.247,338.732,294.5589885,46.0623952
Kepler-1080 b,Kepler-1080,Transit,2016.0,Kepler,77.2548396,3.28,10.8,548.0,5956.0,1.16,1.1,1382.82,296.4644914,49.1828952
Kepler-1081 b,Kepler-1081,Transit,2016.0,Kepler,3.856918547,1.01,1.01,972.0,5345.0,0.84,0.88,420.215,289.444752,41.3179652
Kepler-1082 b,Kepler-1082,Transit,2016.0,Kepler,1.543206604,1.12,1.46,1827.0,5923.0,1.14,1.03,739.557,289.3586737,50.5984489
Kepler-1083 b,Kepler-1083,Transit,2016.0,Kepler,33.4177993,3.36,11.2,448.0,5049.0,0.77,0.81,902.633,283.1618831,45.198336
Kepler-1084 b,Kepler-1084,Transit,2016.0,Kepler,2.05333679,1.11,1.41,1737.0,6113.0,1.28,1.12,405.533,290.1019809,48.251146
Kepler-1085 b,Kepler-1085,Transit,2016.0,Kepler,219.3217528,7.22,41.2,313.0,6000.0,1.14,1.11,1364.53,287.4776359,46.1411685
Kepler-1085 c,Kepler-1085,Transit,2020.0,Kepler,56.7771,3.26817741,10.7,491.0,5816.0,1.0783,1.05,1364.53,287.4776359,46.1411685
Kepler-1086 b,Kepler-1086,Transit,2016.0,Kepler,18.78425728,2.44,6.53,433.0,4350.0,0.66,0.7,466.084,295.251187,45.8429537
Kepler-1086 c,Kepler-1086,Transit,2016.0,Kepler,161.5163345,2.94,8.96,211.0,4350.0,0.66,0.7,466.084,295.251187,45.8429537
Kepler-1087 b,Kepler-1087,Transit,2016.0,Kepler,0.693842855,0.61,0.165,2161.0,5589.0,0.94,0.96,362.623,294.9789253,46.0056741
Kepler-1088 b,Kepler-1088,Transit,2016.0,Kepler,23.12748644,1.42,2.6,667.0,5975.0,1.08,1.08,280.629,281.5614578,42.4504087
Kepler-1089 b,Kepler-1089,Transit,2016.0,Kepler,5.132485618,1.83,4.01,584.0,3753.0,0.49,0.52,259.328,291.0926509,49.1901729
Kepler-109 b,Kepler-109,Transit,2014.0,Kepler,6.4816307,2.49,4.9,1276.0,5950.0,1.387,1.094,474.861,290.3926795,40.2849074
Kepler-109 c,Kepler-109,Transit,2014.0,Kepler,21.22265,2.65,8.2,859.0,5950.0,1.387,1.094,474.861,290.3926795,40.2849074
Kepler-1090 b,Kepler-1090,Transit,2016.0,Kepler,198.680179,2.25,5.69,297.0,5321.0,0.82,0.86,858.77,295.6629002,44.5258237
Kepler-1090 c,Kepler-1090,Transit,2021.0,Kepler,42.42720032,3.29265785,10.9,496.0,5330.0,1.013,0.869,858.77,295.6629002,44.5258237
Kepler-1091 b,Kepler-1091,Transit,2016.0,Kepler,1.434741564,1.46,2.73,1664.0,5851.0,1.03,1.01,914.299,299.7854426,43.6707235
Kepler-1092 b,Kepler-1092,Transit,2016.0,Kepler,58.6017925,2.07,4.94,508.0,5862.0,1.0,0.99,981.233,297.7232008,47.1126833
Kepler-1093 b,Kepler-1093,Transit,2016.0,Kepler,25.0824626,1.95,4.46,776.0,6166.0,1.2,1.13,1072.88,284.9780251,41.4202077
Kepler-1093 c,Kepler-1093,Transit,2016.0,Kepler,89.722292,1.96,4.5,508.0,6166.0,1.2,1.13,1072.88,284.9780251,41.4202077
Kepler-1094 b,Kepler-1094,Transit,2016.0,Kepler,78.1000231,3.18,10.2,480.0,6112.0,1.21,1.14,1291.01,292.3012109,38.2669983
Kepler-1095 b,Kepler-1095,Transit,2016.0,Kepler,4.27103091,1.21,1.92,1108.0,5658.0,0.92,0.94,792.522,293.2624215,41.3650155
Kepler-1096 b,Kepler-1096,Transit,2016.0,Kepler,2.892217506,1.24,2.07,794.0,4306.0,0.63,0.66,377.976,294.7094688,45.9695533
Kepler-1097 b,Kepler-1097,Transit,2016.0,Kepler,187.747029,3.26,10.7,267.0,5211.0,0.79,0.82,719.802,281.5941261,42.5963949
Kepler-1098 b,Kepler-1098,Transit,2016.0,Kepler,2.543072855,1.3,2.24,1319.0,5794.0,0.99,0.99,1049.19,295.502673,43.2326992
Kepler-1099 b,Kepler-1099,Transit,2016.0,Kepler,2.168452593,2.83,8.4,1558.0,5837.0,1.0,1.01,1022.8,288.7499866,48.2771163
Kepler-11 b,Kepler-11,Transit,2010.0,Kepler,10.3039,1.8,1.9,849.0,5663.0,1.065,0.961,646.346,297.1150949,41.9091092
Kepler-11 c,Kepler-11,Transit,2010.0,Kepler,13.0241,2.87,2.9,786.0,5663.0,1.065,0.961,646.346,297.1150949,41.9091092
Kepler-11 d,Kepler-11,Transit,2010.0,Kepler,22.6845,3.12,7.3,653.0,5663.0,1.065,0.961,646.346,297.1150949,41.9091092
Kepler-11 e,Kepler-11,Transit,2010.0,Kepler,31.9996,4.19,8.0,582.0,5663.0,1.065,0.961,646.346,297.1150949,41.9091092
Kepler-11 f,Kepler-11,Transit,2010.0,Kepler,46.6888,2.49,2.0,513.0,5663.0,1.065,0.961,646.346,297.1150949,41.9091092
Kepler-11 g,Kepler-11,Transit,2010.0,Kepler,118.3807,3.33,25.0,376.0,5663.0,1.065,0.961,646.346,297.1150949,41.9091092
Kepler-110 b,Kepler-110,Transit,2014.0,Kepler,12.691112,1.83,4.01,1008.0,5960.0,1.149,0.989,586.531,292.9291693,48.6028303
Kepler-110 c,Kepler-110,Transit,2014.0,Kepler,31.719775,2.21,5.52,743.0,5960.0,1.149,0.989,586.531,292.9291693,48.6028303
Kepler-1100 b,Kepler-1100,Transit,2016.0,Kepler,6.42200058,1.75,3.71,1000.0,6247.0,1.34,1.21,693.618,291.8713535,44.0873907
Kepler-1101 b,Kepler-1101,Transit,2016.0,Kepler,81.3151059,2.47,6.66,393.0,5614.0,0.91,0.94,742.473,294.5693544,45.6711623
Kepler-1102 b,Kepler-1102,Transit,2016.0,Kepler,51.3285623,2.66,7.56,546.0,5724.0,0.94,0.96,1246.05,281.3225917,48.0664955
Kepler-1103 b,Kepler-1103,Transit,2016.0,Kepler,19.79191978,2.27,5.77,736.0,6092.0,1.15,1.11,1331.92,287.3821348,49.4524247
Kepler-1104 b,Kepler-1104,Transit,2016.0,Kepler,5.03728015,1.23,2.04,1321.0,6417.0,1.41,1.3,530.658,294.4685197,49.3309789
Kepler-1105 b,Kepler-1105,Transit,2016.0,Kepler,4.421572182,2.01,4.7,729.0,4299.0,0.68,0.71,318.004,281.1117588,42.4549698
Kepler-1106 b,Kepler-1106,Transit,2016.0,Kepler,1.252752174,1.65,3.36,2199.0,6104.0,1.17,1.11,1090.7,291.1451576,44.0624715
Kepler-1107 b,Kepler-1107,Transit,2016.0,Kepler,0.571038518,1.34,2.36,1897.0,5268.0,0.82,0.86,428.798,291.049934,39.141674
Kepler-1108 b,Kepler-1108,Transit,2016.0,Kepler,4.51005748,1.46,2.73,1063.0,5406.0,0.84,0.88,767.701,296.0422962,45.98514
Kepler-1109 b,Kepler-1109,Transit,2016.0,Kepler,37.6467384,2.19,5.43,787.0,5893.0,1.06,1.05,685.087,291.6462654,39.3966122
Kepler-111 b,Kepler-111,Transit,2014.0,Kepler,3.341815,1.58,3.12,1356.0,5952.0,1.157,1.171,657.223,291.653163,44.6882613
Kepler-111 c,Kepler-111,Transit,2014.0,Kepler,224.77833,7.0840758,222.4798849,352.2,5914.0,1.145,1.118,657.223,291.653163,44.6882613
Kepler-1110 b,Kepler-1110,Transit,2016.0,Kepler,9.69312032,2.66,7.56,609.0,4781.0,0.7,0.73,726.828,291.8080645,38.6226615
Kepler-1111 b,Kepler-1111,Transit,2016.0,Kepler,8.79617863,2.0,4.66,938.0,6077.0,1.15,1.1,841.536,295.4634045,45.8127697
Kepler-1112 b,Kepler-1112,Transit,2016.0,Kepler,14.36267939,3.02,9.38,918.0,6496.0,1.54,1.34,1671.28,296.9687937,47.7514799
Kepler-1113 b,Kepler-1113,Transit,2016.0,Kepler,42.3004954,2.81,8.3,558.0,5931.0,1.17,1.12,1073.88,289.4066969,39.338813
Kepler-1114 b,Kepler-1114,Transit,2016.0,Kepler,14.97435694,1.35,2.39,631.0,5374.0,0.83,0.87,418.417,299.2370531,45.8347781
Kepler-1115 b,Kepler-1115,Transit,2016.0,Kepler,23.5540725,1.7,3.53,1381.0,8480.0,1.73,1.6,983.245,294.9917723,40.1443964
Kepler-1116 b,Kepler-1116,Transit,2016.0,Kepler,41.6977827,2.54,6.99,488.0,5641.0,0.93,0.95,1008.57,291.9336573,44.1154992
Kepler-1117 b,Kepler-1117,Transit,2016.0,Kepler,4.79028459,1.11,1.41,938.0,5612.0,0.93,0.95,568.487,292.0847866,49.2374206
Kepler-1118 b,Kepler-1118,Transit,2016.0,Kepler,38.6715075,2.74,7.95,502.0,5688.0,0.97,0.96,888.325,299.9656619,44.1608805
Kepler-1119 b,Kepler-1119,Transit,2016.0,Kepler,8.3265153,1.92,4.35,938.0,6083.0,1.17,1.11,1757.23,297.0191018,44.3274936
Kepler-112 b,Kepler-112,Transit,2014.0,Kepler,8.408878,2.36,6.17,809.0,5544.0,0.841,0.782,513.206,296.9811361,43.2097025
Kepler-112 c,Kepler-112,Transit,2014.0,Kepler,28.574263,2.4,6.35,538.0,5544.0,0.841,0.782,513.206,296.9811361,43.2097025
Kepler-1120 b,Kepler-1120,Transit,2016.0,Kepler,2.949029052,1.38,2.48,1027.0,4904.0,0.74,0.78,615.231,290.9144516,42.2865522
Kepler-1121 b,Kepler-1121,Transit,2016.0,Kepler,13.15141081,1.91,4.31,1008.0,6231.0,1.59,1.29,482.047,297.7865467,47.8861542
Kepler-1122 b,Kepler-1122,Transit,2016.0,Kepler,42.1917357,2.04,4.82,526.0,5544.0,0.89,0.92,1230.42,288.2805801,46.3408747
Kepler-1123 b,Kepler-1123,Transit,2016.0,Kepler,4.33946454,1.67,3.43,1061.0,5500.0,0.9,0.93,704.323,294.5177291,50.6703927
Kepler-1124 b,Kepler-1124,Transit,2016.0,Kepler,2.852348975,1.28,2.18,621.0,3658.0,0.34,0.35,289.899,286.5942529,37.8912836
Kepler-1125 b,Kepler-1125,Transit,2016.0,Kepler,17.6700642,1.84,4.04,778.0,5683.0,0.94,0.95,2011.41,295.4812018,40.7319316
Kepler-1126 b,Kepler-1126,Transit,2016.0,Kepler,108.593329,1.73,3.64,374.0,5798.0,0.93,0.92,635.736,285.691955,45.6893993
Kepler-1126 c,Kepler-1126,Transit,2023.0,Kepler,199.66876,1.45,2.7,305.0,5678.0,0.921,0.794,635.736,285.691955,45.6893993
Kepler-1127 b,Kepler-1127,Transit,2016.0,Kepler,5.12330347,1.96,4.5,994.0,5664.0,0.95,0.97,842.459,293.2173563,42.7205846
Kepler-1128 b,Kepler-1128,Transit,2016.0,Kepler,61.6178167,3.65,12.9,424.0,5543.0,0.91,0.94,1083.41,293.063315,39.4034052
Kepler-1129 b,Kepler-1129,Transit,2016.0,Kepler,24.3397804,2.96,9.06,737.0,5831.0,1.0,1.0,1183.88,291.6044965,41.3093275
Kepler-1129 c,Kepler-1129,Transit,2016.0,Kepler,76.5369586,2.73,7.9,503.0,5831.0,1.0,1.0,1183.88,291.6044965,41.3093275
Kepler-113 b,Kepler-113,Transit,2014.0,Kepler,4.754,1.82,11.7,775.0,4725.0,0.69,0.75,262.351,287.9978721,50.9441847
Kepler-113 c,Kepler-113,Transit,2014.0,Kepler,8.92507,2.18,8.7,628.0,4725.0,0.69,0.75,262.351,287.9978721,50.9441847
Kepler-1130 b,Kepler-1130,Transit,2016.0,Kepler,5.45298175,0.8,0.437,904.0,5403.0,0.81,0.9,249.343,285.207421,45.384333
Kepler-1130 c,Kepler-1130,Transit,2021.0,Kepler,3.266639948,0.79239584,0.422,1072.0,5450.0,0.842,0.944,249.343,285.207421,45.384333
Kepler-1130 d,Kepler-1130,Transit,2021.0,Kepler,4.272250175,0.64472273,0.202,981.0,5450.0,0.842,0.944,249.343,285.207421,45.384333
Kepler-1131 b,Kepler-1131,Transit,2016.0,Kepler,3.53232449,1.59,3.15,1159.0,5851.0,1.04,1.03,1030.7,295.6514492,49.2612954
Kepler-1132 b,Kepler-1132,Transit,2016.0,Kepler,62.8916228,2.35,6.12,384.0,5298.0,0.83,0.87,867.931,286.3675188,48.4238906
Kepler-1133 b,Kepler-1133,Transit,2016.0,Kepler,11.55562343,1.97,4.54,703.0,5569.0,0.9,0.93,753.135,293.3224114,42.8674925
Kepler-1134 b,Kepler-1134,Transit,2016.0,Kepler,17.13263989,2.64,7.46,611.0,5281.0,0.81,0.84,944.445,295.5678578,42.4781064
Kepler-1135 b,Kepler-1135,Transit,2016.0,Kepler,76.957857,1.85,4.08,451.0,5656.0,0.94,0.96,1314.64,286.0029904,44.7565551
Kepler-1136 b,Kepler-1136,Transit,2016.0,Kepler,2.361724329,1.64,3.33,922.0,4512.0,0.68,0.72,491.406,284.1078441,44.2458047
Kepler-1137 b,Kepler-1137,Transit,2016.0,Kepler,23.9210791,2.2,5.48,1020.0,6807.0,1.84,1.5,921.778,287.1302407,48.665347
Kepler-1138 b,Kepler-1138,Transit,2016.0,Kepler,3.17060005,1.7,3.53,1080.0,5582.0,0.92,0.95,872.328,285.8993164,48.307285
Kepler-1139 b,Kepler-1139,Transit,2016.0,Kepler,0.813166719,1.19,1.81,1693.0,5550.0,0.91,0.94,495.156,287.9455985,39.2305281
Kepler-114 b,Kepler-114,Transit,2014.0,Kepler,5.188549,1.26,1.09,586.0,4605.0,0.667,0.77,259.533,294.121482,48.3497977
Kepler-114 c,Kepler-114,Transit,2013.0,Kepler,8.041,1.6,2.8,507.0,4660.0,0.54,0.56,259.533,294.121482,48.3497977
Kepler-114 d,Kepler-114,Transit,2013.0,Kepler,11.776,2.53,3.9,446.0,4660.0,0.54,0.56,259.533,294.121482,48.3497977
Kepler-1140 b,Kepler-1140,Transit,2016.0,Kepler,24.0862707,2.77,8.1,500.0,4850.0,0.73,0.76,656.48,281.6940529,46.946521
Kepler-1141 b,Kepler-1141,Transit,2016.0,Kepler,2.344511944,0.82,0.477,1471.0,5791.0,1.07,1.01,393.642,290.5436836,47.7259073
Kepler-1142 b,Kepler-1142,Transit,2016.0,Kepler,18.3027248,1.47,2.76,902.0,5685.0,0.96,0.97,1273.51,292.7144796,44.0822816
Kepler-1143 b,Kepler-1143,Transit,2016.0,Kepler,2.888904849,1.67,3.43,976.0,5053.0,0.77,0.81,555.189,287.302772,39.2896399
Kepler-1143 c,Kepler-1143,Transit,2016.0,Kepler,210.630591,3.6,12.6,234.0,5053.0,0.77,0.81,555.189,287.302772,39.2896399
Kepler-1144 b,Kepler-1144,Transit,2016.0,Kepler,17.14647302,1.99,4.62,811.0,5753.0,0.96,0.98,1140.57,290.0432936,47.2578857
Kepler-1145 b,Kepler-1145,Transit,2016.0,Kepler,3.97076766,1.4,2.54,958.0,5064.0,0.75,0.79,691.961,295.3081524,43.0444026
Kepler-1146 b,Kepler-1146,Transit,2016.0,Kepler,2.352265797,1.23,2.04,1019.0,4692.0,0.7,0.74,703.038,286.716712,47.425658
Kepler-1147 b,Kepler-1147,Transit,2016.0,Kepler,10.62784997,2.61,7.32,872.0,5941.0,1.14,1.09,1657.36,292.5474753,41.6429221
Kepler-1148 b,Kepler-1148,Transit,2016.0,Kepler,1.104463509,1.69,3.5,1397.0,5054.0,0.77,0.81,625.692,290.9536059,45.7195545
Kepler-1149 b,Kepler-1149,Transit,2016.0,Kepler,3.73089898,1.44,2.67,1128.0,5833.0,1.01,1.02,1217.73,294.1891824,45.1515263
Kepler-115 b,Kepler-115,Transit,2014.0,Kepler,2.403679,1.09,1.32,1489.0,5979.0,1.205,1.042,623.609,297.7119299,45.261985
Kepler-115 c,Kepler-115,Transit,2014.0,Kepler,8.990889,2.6,7.27,960.0,5979.0,1.205,1.042,623.609,297.7119299,45.261985
Kepler-1150 b,Kepler-1150,Transit,2016.0,Kepler,2.787868386,1.02,1.04,1432.0,4754.0,0.72,0.76,358.518,296.7244553,49.5326846
Kepler-1151 b,Kepler-1151,Transit,2016.0,Kepler,65.6478424,2.22,5.56,485.0,5470.0,0.85,0.88,682.436,292.2477819,47.8784257
Kepler-1152 b,Kepler-1152,Transit,2016.0,Kepler,1.646801908,0.87,0.59,806.0,3964.0,0.53,0.55,215.233,290.4341483,44.1077802
Kepler-1153 b,Kepler-1153,Transit,2016.0,Kepler,1.755835327,1.73,3.64,1343.0,5470.0,0.88,0.91,1119.49,289.1471849,45.86613
Kepler-1154 b,Kepler-1154,Transit,2016.0,Kepler,5.1856142,2.34,6.08,1314.0,6327.0,1.43,1.26,1460.1,297.4771158,39.8772345
Kepler-1154 c,Kepler-1154,Transit,2016.0,Kepler,8.45808312,2.36,6.17,1117.0,6327.0,1.43,1.26,1460.1,297.4771158,39.8772345
Kepler-1155 b,Kepler-1155,Transit,2016.0,Kepler,33.469743,2.03,4.78,609.0,5842.0,1.03,1.03,1128.72,288.8206058,39.5228712
Kepler-1156 b,Kepler-1156,Transit,2016.0,Kepler,11.89520511,1.32,2.3,787.0,5778.0,1.0,1.0,691.331,288.9240901,46.0575865
Kepler-1157 b,Kepler-1157,Transit,2016.0,Kepler,4.45743164,1.09,1.32,732.0,4679.0,0.71,0.76,342.144,283.1209268,43.5255701
Kepler-1158 b,Kepler-1158,Transit,2016.0,Kepler,13.5396293,2.34,6.08,1079.0,6203.0,1.95,1.41,1484.25,292.2339048,41.5751832
Kepler-1159 b,Kepler-1159,Transit,2016.0,Kepler,22.70816791,2.37,6.21,677.0,6217.0,1.28,1.19,1213.71,294.266325,45.2042317
Kepler-116 b,Kepler-116,Transit,2014.0,Kepler,5.968734,3.42,11.6,1251.0,6142.0,1.454,1.198,955.168,294.7420605,43.5367842
Kepler-116 c,Kepler-116,Transit,2014.0,Kepler,13.07163,2.3,5.9,964.0,6142.0,1.454,1.198,955.168,294.7420605,43.5367842
Kepler-1160 b,Kepler-1160,Transit,2016.0,Kepler,7.97034958,2.14,5.22,839.0,5519.0,0.89,0.92,1077.63,287.8793899,43.3640752
Kepler-1161 b,Kepler-1161,Transit,2016.0,Kepler,10.71252541,2.13,5.18,485.0,4253.0,0.57,0.59,547.726,299.0770621,45.4405583
Kepler-1162 b,Kepler-1162,Transit,2016.0,Kepler,32.5637069,2.21,5.52,490.0,5390.0,0.84,0.89,940.211,283.2920273,45.4339813
Kepler-1162 c,Kepler-1162,Transit,2023.0,Kepler,59.284064,1.81,3.93,401.0,5225.0,0.859,0.861,940.211,283.2920273,45.4339813
Kepler-1163 b,Kepler-1163,Transit,2016.0,Kepler,6.11786898,1.03,1.08,1211.0,6302.0,1.35,1.22,478.647,290.235863,50.0300654
Kepler-1164 b,Kepler-1164,Transit,2016.0,Kepler,3.97599768,1.12,1.46,936.0,5183.0,0.79,0.85,431.622,287.5296372,38.8945065
Kepler-1165 b,Kepler-1165,Transit,2016.0,Kepler,9.478522,1.55,3.02,946.0,6080.0,1.18,1.13,1575.2,286.9712284,44.7082669
Kepler-1165 c,Kepler-1165,Transit,2021.0,Kepler,29.96870041,3.36093385,11.2,644.0,6249.0,1.076,1.13,1575.2,286.9712284,44.7082669
Kepler-1166 b,Kepler-1166,Transit,2016.0,Kepler,33.2406882,1.69,3.5,486.0,5446.0,0.86,0.9,634.906,290.3484956,50.9028387
Kepler-1167 b,Kepler-1167,Transit,2016.0,Kepler,1.003933739,1.71,3.57,1419.0,4971.0,0.75,0.79,820.905,298.3026595,47.6939654
Kepler-1168 b,Kepler-1168,Transit,2016.0,Kepler,55.8226539,2.5,6.8,379.0,5157.0,0.82,0.87,752.666,287.2977834,47.455488
Kepler-1169 b,Kepler-1169,Transit,2016.0,Kepler,6.11009134,0.94,0.779,1125.0,6191.0,1.23,1.24,522.823,294.9115874,46.4914718
Kepler-117 b,Kepler-117,Transit,2014.0,Kepler,18.7959228,8.059,29.875,984.0,6150.0,1.606,1.129,1455.57,288.7930651,48.040176
Kepler-117 c,Kepler-117,Transit,2014.0,Kepler,50.790391,12.341,584.78,704.0,6150.0,1.606,1.129,1455.57,288.7930651,48.040176
Kepler-1170 b,Kepler-1170,Transit,2016.0,Kepler,9.98969327,2.41,6.39,705.0,5069.0,0.76,0.8,1050.45,292.1685422,43.7795963
Kepler-1171 b,Kepler-1171,Transit,2016.0,Kepler,1.44259224,2.56,7.08,2700.0,7044.0,1.95,1.58,573.0,294.9589285,38.5915968
Kepler-1172 b,Kepler-1172,Transit,2016.0,Kepler,26.0204423,3.2,10.3,675.0,5558.0,0.89,0.92,1306.53,290.4744875,37.7665499
Kepler-1173 b,Kepler-1173,Transit,2016.0,Kepler,0.7698536,0.89,0.64,1650.0,5252.0,0.82,0.86,377.06,293.1311803,45.6634153
Kepler-1174 b,Kepler-1174,Transit,2016.0,Kepler,6.89225223,1.59,3.15,1156.0,5936.0,1.04,1.04,1408.75,281.8314296,42.298891
Kepler-1175 b,Kepler-1175,Transit,2016.0,Kepler,37.94563,2.99,9.22,515.0,5453.0,0.86,0.9,1121.89,289.1426847,46.8129656
Kepler-1176 b,Kepler-1176,Transit,2016.0,Kepler,24.1738579,2.45,6.57,595.0,5844.0,1.02,1.01,864.699,297.919724,45.2742038
Kepler-1177 b,Kepler-1177,Transit,2016.0,Kepler,106.247547,1.9,4.27,377.0,5712.0,0.97,0.98,1299.97,286.6714813,49.4062964
Kepler-1178 b,Kepler-1178,Transit,2016.0,Kepler,31.80634,1.07,1.24,378.0,4990.0,0.75,0.8,482.287,288.4561183,45.8022258
Kepler-1179 b,Kepler-1179,Transit,2016.0,Kepler,2.685057492,1.32,2.3,1137.0,5212.0,0.81,0.84,415.205,284.0974305,47.8104856
Kepler-118 b,Kepler-118,Transit,2014.0,Kepler,7.518496,1.96,4.5,784.0,5274.0,1.094,0.811,574.228,299.2131881,41.4248195
Kepler-118 c,Kepler-118,Transit,2014.0,Kepler,20.17202,7.68,45.7,564.0,5274.0,1.094,0.811,574.228,299.2131881,41.4248195
Kepler-1180 b,Kepler-1180,Transit,2016.0,Kepler,16.8601286,1.99,4.62,765.0,6077.0,1.14,1.09,1596.8,295.8874773,43.1559952
Kepler-1181 b,Kepler-1181,Transit,2016.0,Kepler,4.89337519,1.57,3.09,1374.0,6176.0,1.3,1.17,938.417,289.7473165,39.5234131
Kepler-1181 c,Kepler-1181,Transit,2023.0,Kepler,8.93484887,1.83,4.01,1124.0,6688.0,1.347,1.336,938.417,289.7473165,39.5234131
Kepler-1182 b,Kepler-1182,Transit,2016.0,Kepler,11.17394617,2.41,6.39,796.0,5924.0,1.05,1.04,1545.39,296.3079895,43.8213706
Kepler-1183 b,Kepler-1183,Transit,2016.0,Kepler,28.5057189,2.82,8.35,555.0,5765.0,0.99,1.0,1919.19,292.2324228,38.8921946
Kepler-1184 b,Kepler-1184,Transit,2016.0,Kepler,53.5991044,2.68,7.65,529.0,5983.0,1.07,1.05,1157.84,291.282031,46.9659514
Kepler-1185 b,Kepler-1185,Transit,2016.0,Kepler,104.3518976,1.33,2.33,355.0,5622.0,0.87,0.96,459.273,287.2411783,39.3326977
Kepler-1186 b,Kepler-1186,Transit,2016.0,Kepler,16.07677615,2.23,5.6,724.0,5635.0,0.93,0.95,1337.25,288.4796333,47.1017438
Kepler-1187 b,Kepler-1187,Transit,2016.0,Kepler,18.87064068,2.61,7.32,701.0,5975.0,1.09,1.06,1020.53,286.8919996,38.3185034
Kepler-1188 b,Kepler-1188,Transit,2016.0,Kepler,17.1369543,2.08,4.98,775.0,5913.0,1.06,1.04,1717.48,283.1038438,43.1480487
Kepler-1189 b,Kepler-1189,Transit,2016.0,Kepler,3.78858982,1.77,3.78,1158.0,6012.0,1.16,1.11,782.852,298.4264116,47.9468194
Kepler-119 b,Kepler-119,Transit,2014.0,Kepler,2.422082,3.6,12.6,1213.0,5595.0,0.839,0.918,701.996,295.9463854,42.6588324
Kepler-119 c,Kepler-119,Transit,2014.0,Kepler,4.125103,0.92,0.721,1016.0,5595.0,0.839,0.918,701.996,295.9463854,42.6588324
Kepler-1190 b,Kepler-1190,Transit,2016.0,Kepler,10.45843441,1.33,2.33,609.0,4730.0,0.72,0.76,342.509,284.9996582,49.4799506
Kepler-1191 b,Kepler-1191,Transit,2016.0,Kepler,5.60014851,1.51,2.89,952.0,5308.0,0.81,0.85,955.536,291.6577923,48.0092619
Kepler-1192 b,Kepler-1192,Transit,2016.0,Kepler,25.2034787,2.36,6.17,600.0,5438.0,0.83,0.86,1304.19,282.1405603,43.8964934
Kepler-1193 b,Kepler-1193,Transit,2016.0,Kepler,2.832652134,1.32,2.3,1453.0,5908.0,1.21,1.08,802.116,288.1447323,51.2756446
Kepler-1194 b,Kepler-1194,Transit,2016.0,Kepler,16.22371307,1.51,2.89,676.0,5590.0,0.92,0.94,757.382,291.6994841,38.1452065
Kepler-1195 b,Kepler-1195,Transit,2016.0,Kepler,8.49642241,2.08,4.98,702.0,4965.0,0.71,0.74,918.566,284.3510523,40.8529319
Kepler-1196 b,Kepler-1196,Transit,2016.0,Kepler,66.1849031,2.23,5.6,436.0,5756.0,0.97,0.98,922.333,292.369585,43.9108663
Kepler-1197 b,Kepler-1197,Transit,2016.0,Kepler,2.03231845,1.25,2.1,1011.0,4708.0,0.72,0.78,486.94,291.6693437,42.5907441
Kepler-1198 b,Kepler-1198,Transit,2016.0,Kepler,7.6847716,1.47,2.76,830.0,5517.0,0.9,0.93,743.03,288.8339659,44.838198
Kepler-1199 b,Kepler-1199,Transit,2016.0,Kepler,15.0447198,1.15,1.6,931.0,5889.0,1.17,0.94,563.493,293.7258092,47.2469219
Kepler-12 b,Kepler-12,Transit,2011.0,Kepler,4.4379629,19.660586,137.30256,1480.0,5947.0,1.483,1.166,881.386,286.2434458,50.0403671
Kepler-120 b,Kepler-120,Transit,2014.0,Kepler,6.312501,2.15,8.5,575.0,4096.0,0.534,0.654,388.63,287.8915707,39.3390979
Kepler-120 c,Kepler-120,Transit,2014.0,Kepler,12.794585,1.53,2.96,455.0,4096.0,0.534,0.654,388.63,287.8915707,39.3390979
Kepler-1200 b,Kepler-1200,Transit,2016.0,Kepler,1.118549717,1.06,1.2,1174.0,4612.0,0.7,0.74,588.715,296.6034317,44.1292537
Kepler-1201 b,Kepler-1201,Transit,2016.0,Kepler,15.18725932,2.29,5.86,789.0,6177.0,1.24,1.15,944.241,294.6147908,40.8331158
Kepler-1202 b,Kepler-1202,Transit,2016.0,Kepler,28.6851324,2.94,8.96,547.0,5834.0,1.04,1.03,1175.38,292.290606,44.6532281
Kepler-1203 b,Kepler-1203,Transit,2016.0,Kepler,0.588000765,1.06,1.2,1188.0,4105.0,0.61,0.64,317.022,292.7734523,44.178088
Kepler-1204 b,Kepler-1204,Transit,2016.0,Kepler,85.7350285,3.05,9.53,448.0,5825.0,1.03,1.03,1175.22,289.4415238,42.4981476
Kepler-1205 b,Kepler-1205,Transit,2016.0,Kepler,1.078390352,1.41,2.57,1667.0,5226.0,0.81,0.84,698.485,290.2796734,41.5150499
Kepler-1206 b,Kepler-1206,Transit,2016.0,Kepler,1.216997663,1.64,3.33,1314.0,4877.0,0.75,0.8,762.019,295.9383737,49.7911337
Kepler-1207 b,Kepler-1207,Transit,2016.0,Kepler,13.68237119,1.62,3.26,802.0,5909.0,1.06,1.06,1754.19,295.0641963,49.3589615
Kepler-1208 b,Kepler-1208,Transit,2016.0,Kepler,11.08507637,2.32,5.99,665.0,5001.0,0.76,0.8,825.176,291.8812445,44.5557587
Kepler-1209 b,Kepler-1209,Transit,2016.0,Kepler,25.369116,1.51,2.89,755.0,6210.0,1.38,1.23,505.531,287.5849352,49.1547328
Kepler-121 b,Kepler-121,Transit,2014.0,Kepler,3.177422,2.34,6.08,997.0,5311.0,0.701,0.859,510.523,286.1621273,39.6780204
Kepler-121 c,Kepler-121,Transit,2014.0,Kepler,41.008011,2.27,5.77,425.0,5311.0,0.701,0.859,510.523,286.1621273,39.6780204
Kepler-1210 b,Kepler-1210,Transit,2016.0,Kepler,8.07124073,1.7,3.53,856.0,5568.0,0.92,0.94,1176.53,292.8321598,48.2193376
Kepler-1211 b,Kepler-1211,Transit,2016.0,Kepler,11.01816836,2.55,7.04,840.0,5705.0,0.94,0.96,1826.53,285.7207618,40.8569116
Kepler-1212 b,Kepler-1212,Transit,2016.0,Kepler,12.94130146,2.14,5.22,795.0,6051.0,1.15,1.1,1316.57,296.8534096,50.0373196
Kepler-1213 b,Kepler-1213,Transit,2016.0,Kepler,5.34982412,1.19,1.81,1156.0,6050.0,1.21,1.14,807.812,289.4858423,50.9441967
Kepler-1214 b,Kepler-1214,Transit,2016.0,Kepler,18.82634264,2.36,6.17,591.0,5130.0,0.8,0.85,729.227,285.1427113,49.8006565
Kepler-1215 b,Kepler-1215,Transit,2016.0,Kepler,4.76703963,1.22,1.98,1046.0,5616.0,0.93,0.95,661.022,297.4636477,48.1813978
Kepler-1216 b,Kepler-1216,Transit,2016.0,Kepler,4.37034536,1.39,2.51,1191.0,5743.0,0.98,0.99,1258.36,287.4052661,45.917979
Kepler-1217 b,Kepler-1217,Transit,2016.0,Kepler,2.032325072,1.99,4.62,1542.0,5905.0,1.08,1.06,1347.71,289.1866841,50.9375614
Kepler-1218 b,Kepler-1218,Transit,2016.0,Kepler,22.9221266,1.44,2.67,684.0,5986.0,1.1,1.06,840.503,291.5788505,44.5316825
Kepler-1219 b,Kepler-1219,Transit,2016.0,Kepler,16.10467749,2.12,5.14,1159.0,5944.0,1.94,1.25,880.895,297.2158443,47.3785082
Kepler-122 b,Kepler-122,Transit,2014.0,Kepler,5.766193,2.34,6.08,1159.0,6050.0,1.216,0.982,1027.45,291.1118647,39.9490248
Kepler-122 c,Kepler-122,Transit,2014.0,Kepler,12.465988,5.87,29.0,897.0,6050.0,1.216,0.982,1027.45,291.1118647,39.9490248
Kepler-122 d,Kepler-122,Transit,2014.0,Kepler,21.587475,2.2,5.48,747.0,6050.0,1.216,0.982,1027.45,291.1118647,39.9490248
Kepler-122 e,Kepler-122,Transit,2014.0,Kepler,37.993273,2.6,27.7,618.0,6050.0,1.216,0.982,1027.45,291.1118647,39.9490248
Kepler-122 f,Kepler-122,Transit Timing Variations,2014.0,Kepler,56.268,1.75,36.0,543.0,5917.0,0.949,1.03,1027.45,291.1118647,39.9490248
Kepler-1220 b,Kepler-1220,Transit,2016.0,Kepler,7.42693741,1.52,2.92,899.0,5842.0,0.99,1.0,961.907,297.070398,42.9777396
Kepler-1221 b,Kepler-1221,Transit,2016.0,Kepler,12.00096042,1.88,4.19,632.0,5194.0,0.82,0.87,913.65,285.8223636,45.7118423
Kepler-1222 b,Kepler-1222,Transit,2016.0,Kepler,1.916944254,0.79,0.418,1246.0,5239.0,0.8,0.84,415.218,294.889616,49.3798215
Kepler-1223 b,Kepler-1223,Transit,2016.0,Kepler,16.301259,1.22,1.98,557.0,4870.0,0.75,0.8,459.957,285.2956462,44.5527542
Kepler-1224 b,Kepler-1224,Transit,2016.0,Kepler,13.32351601,1.33,2.33,872.0,6155.0,1.22,1.18,559.598,286.6257591,37.537313
Kepler-1225 b,Kepler-1225,Transit,2016.0,Kepler,7.01075434,1.82,3.97,1453.0,6140.0,1.19,1.13,1347.52,290.6332748,40.1369671
Kepler-1226 b,Kepler-1226,Transit,2016.0,Kepler,17.2923453,1.45,2.7,809.0,5923.0,1.02,1.02,1125.72,296.3768521,50.6214592
Kepler-1227 b,Kepler-1227,Transit,2016.0,Kepler,94.2887577,2.29,5.86,369.0,5747.0,0.95,0.97,623.706,287.0664109,41.8749712
Kepler-1228 b,Kepler-1228,Transit,2016.0,Kepler,0.577369579,1.54,2.99,1757.0,5063.0,0.74,0.78,515.453,296.552761,46.9661945
Kepler-1229 b,Kepler-1229,Transit,2016.0,Kepler,86.828989,1.4,2.54,212.0,3784.0,0.51,0.54,265.482,297.4868347,46.9966782
Kepler-123 b,Kepler-123,Transit,2014.0,Kepler,17.232366,2.94,55.3,817.0,6089.0,1.264,1.079,1021.66,296.9985853,42.7819633
Kepler-123 c,Kepler-123,Transit,2014.0,Kepler,26.695074,1.48,2.79,706.0,6089.0,1.264,1.079,1021.66,296.9985853,42.7819633
Kepler-1230 b,Kepler-1230,Transit,2016.0,Kepler,9.95661537,2.71,7.8,946.0,5961.0,1.08,1.06,1364.22,283.2645129,41.7114526
Kepler-1231 b,Kepler-1231,Transit,2016.0,Kepler,10.41725184,1.42,2.6,870.0,5778.0,1.0,1.01,987.237,288.5882888,42.6056644
Kepler-1232 b,Kepler-1232,Transit,2016.0,Kepler,26.7839183,1.93,4.38,523.0,5471.0,0.89,0.92,632.865,296.5500966,49.102307
Kepler-1233 b,Kepler-1233,Transit,2016.0,Kepler,45.1263042,2.6,7.27,604.0,6198.0,1.25,1.16,1178.7,297.3750954,46.6622201
Kepler-1234 b,Kepler-1234,Transit,2016.0,Kepler,11.94014029,2.81,8.3,625.0,4967.0,0.76,0.8,916.749,287.5220359,51.3759464
Kepler-1235 b,Kepler-1235,Transit,2016.0,Kepler,4.16055856,0.79,0.418,985.0,5541.0,0.9,0.93,540.604,284.9030677,43.9540616
Kepler-1236 b,Kepler-1236,Transit,2016.0,Kepler,31.0571618,2.14,5.22,480.0,5337.0,0.82,0.86,999.64,295.6247375,42.5458739
Kepler-1237 b,Kepler-1237,Transit,2016.0,Kepler,84.5733226,2.86,8.55,366.0,5472.0,0.9,0.94,1064.31,295.6292745,44.6905815
Kepler-1238 b,Kepler-1238,Transit,2016.0,Kepler,4.14787559,1.93,4.38,1389.0,6386.0,1.48,1.3,1632.13,297.9057655,40.1628378
Kepler-1239 b,Kepler-1239,Transit,2016.0,Kepler,5.19104016,2.9,8.75,1183.0,6564.0,1.57,1.4,2140.6,293.1273357,42.3200578
Kepler-124 b,Kepler-124,Transit,2014.0,Kepler,3.410493,0.73,0.315,892.0,4984.0,0.636,0.706,420.046,286.7527322,49.0648788
Kepler-124 c,Kepler-124,Transit,2014.0,Kepler,13.821375,1.75,3.71,560.0,4984.0,0.636,0.706,420.046,286.7527322,49.0648788
Kepler-124 d,Kepler-124,Transit,2014.0,Kepler,30.950851,1.11,1.41,428.0,4984.0,0.636,0.706,420.046,286.7527322,49.0648788
Kepler-1240 b,Kepler-1240,Transit,2016.0,Kepler,4.8663815,1.15,1.6,1121.0,5682.0,0.96,0.98,862.186,282.9997682,40.5574322
Kepler-1241 b,Kepler-1241,Transit,2016.0,Kepler,18.5525701,2.63,7.41,612.0,5261.0,0.8,0.84,968.722,294.5762033,38.4569588
Kepler-1242 b,Kepler-1242,Transit,2016.0,Kepler,13.62798432,2.26,5.73,639.0,4895.0,0.74,0.77,687.615,284.6062174,41.196344
Kepler-1243 b,Kepler-1243,Transit,2016.0,Kepler,16.8320729,1.75,3.71,690.0,5667.0,0.94,0.96,758.17,294.009397,42.8807779
Kepler-1244 b,Kepler-1244,Transit,2016.0,Kepler,3.70428172,1.35,2.39,1839.0,6680.0,1.77,1.46,1075.81,282.3012505,46.5161814
Kepler-1245 b,Kepler-1245,Transit,2016.0,Kepler,4.35409304,1.44,2.67,1043.0,5306.0,0.83,0.86,805.936,290.7443078,43.260753
Kepler-1245 c,Kepler-1245,Transit,2016.0,Kepler,2.936584681,1.44,2.67,1190.0,5306.0,0.83,0.86,805.936,290.7443078,43.260753
Kepler-1246 b,Kepler-1246,Transit,2016.0,Kepler,11.32271513,1.36,2.42,554.0,4611.0,0.69,0.73,436.505,287.6572346,48.9822053
Kepler-1247 b,Kepler-1247,Transit,2016.0,Kepler,13.71220213,2.33,6.04,676.0,5303.0,0.82,0.86,1045.92,294.5335974,46.6182365
Kepler-1248 b,Kepler-1248,Transit,2016.0,Kepler,7.46725407,1.18,1.76,1035.0,6149.0,1.21,1.21,593.026,288.0592191,51.3544564
Kepler-1249 b,Kepler-1249,Transit,2016.0,Kepler,24.3347127,2.38,6.26,647.0,6202.0,1.28,1.19,1904.54,296.8948517,44.3717429
Kepler-125 b,Kepler-125,Transit,2014.0,Kepler,4.164389,2.37,6.21,590.0,3810.0,0.512,0.542101,183.365,298.2581101,47.6050031
Kepler-125 c,Kepler-125,Transit,2014.0,Kepler,5.774464,0.74,0.33,529.0,3810.0,0.512,0.542101,183.365,298.2581101,47.6050031
Kepler-1250 b,Kepler-1250,Transit,2016.0,Kepler,2.607543834,1.92,4.35,1431.0,5717.0,0.98,0.99,2126.85,287.7938184,45.9802492
Kepler-1251 b,Kepler-1251,Transit,2016.0,Kepler,45.0904643,1.84,4.04,487.0,5545.0,0.89,0.92,902.204,292.1151093,49.2563792
Kepler-1252 b,Kepler-1252,Transit,2016.0,Kepler,15.0540329,1.67,3.43,665.0,5949.0,1.09,1.06,648.979,298.9503634,46.6928437
Kepler-1253 b,Kepler-1253,Transit,2016.0,Kepler,68.8861915,1.33,2.33,501.0,5850.0,1.1,0.97,514.524,283.8852196,47.6371507
Kepler-1254 b,Kepler-1254,Transit,2016.0,Kepler,9.99113313,1.55,3.02,660.0,4985.0,0.75,0.78,622.818,285.1733174,48.7700099
Kepler-1254 c,Kepler-1254,Transit,2016.0,Kepler,3.60084276,1.3,2.24,927.0,4985.0,0.75,0.78,622.818,285.1733174,48.7700099
Kepler-1254 d,Kepler-1254,Transit,2016.0,Kepler,5.72717226,1.31,2.27,794.0,4985.0,0.75,0.78,622.818,285.1733174,48.7700099
Kepler-1255 b,Kepler-1255,Transit,2016.0,Kepler,36.2919336,2.32,5.99,694.0,6018.0,1.12,1.08,1617.07,295.2392569,42.7264842
Kepler-1256 b,Kepler-1256,Transit,2016.0,Kepler,12.4127754,1.49,2.83,933.0,6129.0,1.36,1.17,891.192,291.4742443,44.6834119
Kepler-1257 b,Kepler-1257,Transit,2016.0,Kepler,2.668313762,1.52,2.92,1252.0,5502.0,0.87,0.9,1105.95,296.0756231,45.6270165
Kepler-1258 b,Kepler-1258,Transit,2016.0,Kepler,0.984940167,0.86,0.566,2335.0,5839.0,0.99,0.99,717.555,285.4049723,49.9948186
Kepler-1259 b,Kepler-1259,Transit,2016.0,Kepler,0.663085258,1.43,2.63,1681.0,5053.0,0.77,0.8,805.562,297.8414628,46.9676288
Kepler-126 b,Kepler-126,Transit,2014.0,Kepler,10.495711,1.52,4.11726105,1009.0,6239.0,1.358,1.108,237.401,289.3473634,44.2084445
Kepler-126 c,Kepler-126,Transit,2014.0,Kepler,21.869741,1.58,1.27942148,790.0,6239.0,1.358,1.108,237.401,289.3473634,44.2084445
Kepler-126 d,Kepler-126,Transit,2014.0,Kepler,100.283134,2.5,54.59018723,475.0,6239.0,1.358,1.108,237.401,289.3473634,44.2084445
Kepler-1260 b,Kepler-1260,Transit,2016.0,Kepler,19.1187753,1.77,3.78,823.0,5961.0,1.08,1.06,1734.43,295.5912652,42.5552261
Kepler-1261 b,Kepler-1261,Transit,2016.0,Kepler,48.4308991,2.26,5.73,396.0,5006.0,0.77,0.82,744.294,285.2324786,48.8066963
Kepler-1262 b,Kepler-1262,Transit,2016.0,Kepler,8.67900242,1.82,3.97,949.0,5771.0,0.98,0.99,1054.87,288.7718287,42.2131694
Kepler-1263 b,Kepler-1263,Transit,2016.0,Kepler,4.55139967,1.14,1.55,907.0,5213.0,0.8,0.84,664.83,286.483626,46.7526182
Kepler-1264 b,Kepler-1264,Transit,2016.0,Kepler,0.968526023,1.18,1.76,1677.0,5791.0,0.98,0.99,801.993,289.8844102,45.2115075
Kepler-1265 b,Kepler-1265,Transit,2016.0,Kepler,6.49441289,1.35,2.39,732.0,4630.0,0.69,0.71,583.641,284.5858364,47.0795646
Kepler-1266 b,Kepler-1266,Transit,2016.0,Kepler,28.474748,2.58,7.18,489.0,5044.0,0.76,0.8,849.312,285.8693277,42.7279996
Kepler-1266 c,Kepler-1266,Transit,2021.0,Kepler,4.86631012,1.68023962,3.46,881.0,4996.0,0.831,0.791,849.312,285.8693277,42.7279996
Kepler-1267 b,Kepler-1267,Transit,2016.0,Kepler,13.0313945,3.01,9.32,774.0,6096.0,1.2,1.15,1379.43,299.1695093,43.4410533
Kepler-1268 b,Kepler-1268,Transit,2016.0,Kepler,40.9903986,2.03,4.78,627.0,5904.0,1.09,1.06,1840.77,287.838419,43.1531776
Kepler-1269 b,Kepler-1269,Transit,2016.0,Kepler,37.3331536,1.63,3.29,657.0,5998.0,1.15,1.1,1097.23,287.8055442,45.3405371
Kepler-127 b,Kepler-127,Transit,2014.0,Kepler,14.435889,1.4,2.54,884.0,6106.0,1.359,1.248,352.794,285.1899439,46.0280596
Kepler-127 c,Kepler-127,Transit,2014.0,Kepler,29.393195,2.66,7.56,698.0,6106.0,1.359,1.248,352.794,285.1899439,46.0280596
Kepler-127 d,Kepler-127,Transit,2014.0,Kepler,48.630408,2.64,7.46,590.0,6106.0,1.359,1.248,352.794,285.1899439,46.0280596
Kepler-1270 b,Kepler-1270,Transit,2016.0,Kepler,6.03356196,3.32,11.0,1598.0,5047.0,3.38,1.28,1095.05,286.7156676,48.6452552
Kepler-1271 b,Kepler-1271,Transit,2016.0,Kepler,3.0255955,1.48,2.79,1484.0,6143.0,1.23,1.13,831.991,286.3442954,37.4119347
Kepler-1272 b,Kepler-1272,Transit,2016.0,Kepler,51.1309704,2.37,6.21,542.0,5926.0,1.09,1.06,1206.37,285.2197605,38.8058393
Kepler-1273 b,Kepler-1273,Transit,2016.0,Kepler,28.625653,2.49,6.76,573.0,5566.0,0.91,0.94,1114.24,285.8032016,44.8733983
Kepler-1274 b,Kepler-1274,Transit,2016.0,Kepler,6.98152703,1.42,2.6,1384.0,6179.0,2.17,1.45,614.648,284.5936858,46.4497364
Kepler-1275 b,Kepler-1275,Transit,2016.0,Kepler,3.65691115,1.48,2.79,1368.0,6296.0,1.36,1.23,1153.98,293.5004955,44.9324455
Kepler-1276 b,Kepler-1276,Transit,2016.0,Kepler,12.5720095,1.19,1.81,886.0,6188.0,1.21,1.14,538.481,287.8570173,40.5471909
Kepler-1277 b,Kepler-1277,Transit,2016.0,Kepler,40.8365012,1.6,3.19,496.0,5578.0,0.92,0.94,557.193,295.1025166,40.5723736
Kepler-1278 b,Kepler-1278,Transit,2016.0,Kepler,3.23941344,1.01,1.01,1213.0,6074.0,1.16,1.11,889.426,282.9569197,42.8255589
Kepler-1279 b,Kepler-1279,Transit,2016.0,Kepler,23.4774101,1.75,3.71,738.0,6221.0,1.33,1.21,1494.22,288.0955917,40.365909
Kepler-128 b,Kepler-128,Transit,2013.0,Kepler,15.0,1.421,3.79,968.0,6072.0,1.659,1.184,396.379,282.4922622,43.9802442
Kepler-128 c,Kepler-128,Transit,2013.0,Kepler,22.8,1.521,3.38,843.0,6072.0,1.659,1.184,396.379,282.4922622,43.9802442
Kepler-1280 b,Kepler-1280,Transit,2016.0,Kepler,66.5579057,1.87,4.16,757.0,6227.0,1.32,1.2,1486.7,293.5738933,45.3844919
Kepler-1281 b,Kepler-1281,Transit,2016.0,Kepler,3.11602791,1.64,3.33,1123.0,5353.0,0.83,0.87,1090.0,295.3543571,48.5153932
Kepler-1282 b,Kepler-1282,Transit,2016.0,Kepler,2.131946513,1.55,3.02,1418.0,5504.0,0.89,0.92,1103.29,290.1761688,46.6983036
Kepler-1283 b,Kepler-1283,Transit,2016.0,Kepler,12.9460978,1.91,4.31,764.0,6175.0,1.25,1.16,2921.99,295.4623336,40.7769335
Kepler-1284 b,Kepler-1284,Transit,2016.0,Kepler,0.664073806,1.21,1.92,1703.0,5123.0,0.79,0.84,882.324,291.2789549,47.6875766
Kepler-1285 b,Kepler-1285,Transit,2016.0,Kepler,14.7967458,0.97,0.871,874.0,6170.0,1.28,1.2,422.269,281.8353366,44.1558825
Kepler-1286 b,Kepler-1286,Transit,2016.0,Kepler,11.25402929,2.15,5.27,888.0,5753.0,0.98,1.0,1354.46,280.2583709,43.8357433
Kepler-1287 b,Kepler-1287,Transit,2016.0,Kepler,11.47685909,1.54,2.99,796.0,5715.0,0.94,0.96,1003.26,289.1346298,47.063018
Kepler-1288 b,Kepler-1288,Transit,2016.0,Kepler,2.76122421,1.12,1.46,2017.0,6132.0,1.29,1.2,814.078,285.7135,41.6058799
Kepler-1289 b,Kepler-1289,Transit,2016.0,Kepler,7.99019627,1.52,2.92,1113.0,6080.0,1.17,1.1,1053.57,296.388767,41.040509
Kepler-129 b,Kepler-129,Transit,2014.0,Kepler,15.79,2.4,20.0,910.0,5770.0,1.653,1.178,408.845,285.3111845,47.8484775
Kepler-129 c,Kepler-129,Transit,2014.0,Kepler,82.2,2.52,43.0,525.0,5770.0,1.653,1.178,408.845,285.3111845,47.8484775
Kepler-129 d,Kepler-129,Radial Velocity,2021.0,W. M. Keck Observatory,2646.0,12.6,2637.9757781,,5770.0,1.653,1.178,408.845,285.3111845,47.8484775
Kepler-1290 b,Kepler-1290,Transit,2016.0,Kepler,4.69500134,1.42,2.6,1098.0,5660.0,0.93,0.95,1593.7,290.6852287,43.8596155
Kepler-1291 b,Kepler-1291,Transit,2016.0,Kepler,8.63043276,1.66,3.39,739.0,5216.0,0.8,0.84,897.352,289.3770051,40.0010791
Kepler-1292 b,Kepler-1292,Transit,2016.0,Kepler,3.27646405,1.82,3.97,1195.0,5556.0,0.93,0.95,1493.43,284.9057222,43.9491434
Kepler-1293 b,Kepler-1293,Transit,2016.0,Kepler,5.57654784,0.97,0.871,1183.0,6241.0,1.28,1.18,1028.16,290.0258783,48.3359227
Kepler-1294 b,Kepler-1294,Transit,2016.0,Kepler,115.6862258,3.19,10.3,401.0,5776.0,0.97,0.99,1855.7,291.2681037,44.4881624
Kepler-1295 b,Kepler-1295,Transit,2016.0,Kepler,3.81371974,1.55,3.02,1029.0,5486.0,0.89,0.92,1174.46,291.3978451,45.588553
Kepler-1296 b,Kepler-1296,Transit,2016.0,Kepler,8.3839865,0.91,0.693,1285.0,5359.0,0.83,0.87,1551.54,292.1251038,41.4077928
Kepler-1297 b,Kepler-1297,Transit,2016.0,Kepler,1.68189002,0.97,0.871,1790.0,5818.0,0.99,0.99,1439.47,289.9564415,47.0203466
Kepler-1298 b,Kepler-1298,Transit,2016.0,Kepler,7.12811928,1.31,2.27,1373.0,6339.0,2.0,1.45,544.163,284.4227535,49.1061907
Kepler-1299 b,Kepler-1299,Transit,2016.0,Kepler,19.9400874,2.98,9.17,588.0,5609.0,0.91,0.94,1404.94,286.1501263,37.4113438
Kepler-130 b,Kepler-130,Transit,2014.0,Kepler,8.457458,1.02,1.04,982.0,5884.0,1.127,0.927,316.663,288.4505905,40.2452006
Kepler-130 c,Kepler-130,Transit,2014.0,Kepler,27.50868,2.9,8.75,683.0,5879.0,1.17,1.0,316.663,288.4505905,40.2452006
Kepler-130 d,Kepler-130,Transit,2014.0,Kepler,87.517905,1.64,3.33,451.0,5884.0,1.127,0.927,316.663,288.4505905,40.2452006
Kepler-1300 b,Kepler-1300,Transit,2016.0,Kepler,22.2419092,1.37,2.45,954.0,6130.0,1.79,1.29,777.025,289.0330532,40.0869182
Kepler-1301 b,Kepler-1301,Transit,2016.0,Kepler,9.08237046,1.4,2.54,734.0,5188.0,0.81,0.85,854.28,286.6041816,42.4403309
Kepler-1302 b,Kepler-1302,Transit,2016.0,Kepler,8.83922659,1.43,2.63,778.0,5236.0,0.82,0.86,634.58,290.9892462,50.308064
Kepler-1303 b,Kepler-1303,Transit,2016.0,Kepler,7.56127224,1.42,2.6,891.0,5771.0,1.0,1.01,897.783,284.287147,42.3555784
Kepler-1304 b,Kepler-1304,Transit,2016.0,Kepler,16.1288853,2.29,5.86,715.0,5259.0,0.81,0.85,2176.08,285.2763652,39.4468274
Kepler-1305 b,Kepler-1305,Transit,2016.0,Kepler,13.5630972,1.88,4.19,733.0,5701.0,0.96,0.97,1575.23,297.3394624,46.3472165
Kepler-1306 b,Kepler-1306,Transit,2016.0,Kepler,16.29595382,1.91,4.31,678.0,5727.0,0.97,0.98,1107.5,294.4783627,46.9458638
Kepler-1307 b,Kepler-1307,Transit,2016.0,Kepler,18.01621096,2.47,6.66,768.0,5884.0,1.08,1.06,1014.62,292.8698348,46.7418679
Kepler-1308 b,Kepler-1308,Transit,2016.0,Kepler,2.104338119,0.52,0.0933,662.0,3468.0,0.34,0.35,112.705,285.9287514,38.5207097
Kepler-1309 b,Kepler-1309,Transit,2016.0,Kepler,28.8432647,2.37,6.21,491.0,5235.0,0.8,0.85,845.0,298.7351131,40.7641262
Kepler-131 b,Kepler-131,Transit,2014.0,Kepler,16.092,2.41,16.13,718.0,5685.0,1.03,1.02,228.678,288.5308924,40.942373
Kepler-131 c,Kepler-131,Transit,2014.0,Kepler,25.5169,0.84,8.25,615.0,5685.0,1.03,1.02,228.678,288.5308924,40.942373
Kepler-1310 b,Kepler-1310,Transit,2016.0,Kepler,0.679336272,1.44,2.67,1883.0,5549.0,0.88,0.91,569.185,283.9200236,40.7400419
Kepler-1311 b,Kepler-1311,Transit,2016.0,Kepler,11.1726994,1.24,2.07,1019.0,5748.0,1.4,1.05,866.331,289.6512597,43.8244445
Kepler-1311 c,Kepler-1311,Transit,2016.0,Kepler,2.53573424,1.22,1.98,1671.0,5748.0,1.4,1.05,866.331,289.6512597,43.8244445
Kepler-1311 d,Kepler-1311,Transit,2021.0,Kepler,197.5110016,9.65837605,67.5,391.0,5616.0,1.674,1.032,866.331,289.6512597,43.8244445
Kepler-1312 b,Kepler-1312,Transit,2016.0,Kepler,5.448325286,2.1,5.06,978.0,5719.0,0.92,0.99,299.104,292.9712801,41.0357494
Kepler-1312 c,Kepler-1312,Transit,2021.0,Kepler,1.116119981,1.02732734,1.07,1659.0,5721.0,0.905,0.983,299.104,292.9712801,41.0357494
Kepler-1313 b,Kepler-1313,Transit,2016.0,Kepler,3.833091178,1.76,3.75,1012.0,5453.0,0.85,0.92,174.234,292.388582,42.2332767
Kepler-1314 b,Kepler-1314,Transit,2016.0,Kepler,5.424749281,5.11,22.9,625.0,4188.0,0.59,0.6,141.98685057,294.2373599,45.1968274
Kepler-1315 b,Kepler-1315,Transit,2016.0,Kepler,0.84338011,1.38,2.48,1541.0,4861.0,0.75,0.8,480.869,295.8215678,46.0530562
Kepler-1315 c,Kepler-1315,Transit,2021.0,Kepler,6.566060066,1.84398883,4.06,777.0,4818.0,0.856,0.809,480.869,295.8215678,46.0530562
Kepler-1316 b,Kepler-1316,Transit,2016.0,Kepler,87.9732136,3.54,12.3,446.0,5884.0,1.12,1.04,800.871,298.8358277,40.2930714
Kepler-1317 b,Kepler-1317,Transit,2016.0,Kepler,0.568874427,1.56,3.05,1796.0,5144.0,0.79,0.83,728.303,291.6118842,42.1159787
Kepler-1318 b,Kepler-1318,Transit,2016.0,Kepler,213.257663,3.11,9.85,202.0,4598.0,0.7,0.73,475.248,290.3763246,41.1507928
Kepler-1319 b,Kepler-1319,Transit,2016.0,Kepler,2.886762645,1.34,2.36,557.0,3655.0,0.54,0.56,103.917,290.9564463,49.3667933
Kepler-132 b,Kepler-132,Transit,2014.0,Kepler,6.178196,1.21,1.92,1082.0,6003.0,1.178,0.929,349.549,283.23581,41.343037
Kepler-132 c,Kepler-132,Transit,2014.0,Kepler,6.414914,1.28,2.18,1069.0,6003.0,1.178,0.929,349.549,283.23581,41.343037
Kepler-132 d,Kepler-132,Transit,2014.0,Kepler,18.010199,1.55,3.02,758.0,6003.0,1.178,0.929,349.549,283.23581,41.343037
Kepler-132 e,Kepler-132,Transit,2016.0,Kepler,110.2869374,1.18,1.76,414.0,6023.0,1.1,1.03,349.549,283.23581,41.343037
Kepler-1320 b,Kepler-1320,Transit,2016.0,Kepler,0.868386528,1.7,3.53,1389.0,4817.0,0.74,0.8,647.424,288.4335977,40.3808519
Kepler-1321 b,Kepler-1321,Transit,2016.0,Kepler,11.12830484,4.92,21.5,408.0,4094.0,0.53,0.54,769.146,294.528597,46.6408737
Kepler-1321 c,Kepler-1321,Transit,2016.0,Kepler,2.226491086,2.4,6.35,697.0,4094.0,0.53,0.54,769.146,294.528597,46.6408737
Kepler-1321 d,Kepler-1321,Transit,2021.0,Kepler,5.720920086,2.62843782,7.41,509.0,3640.0,0.503,0.513,769.146,294.528597,46.6408737
Kepler-1322 b,Kepler-1322,Transit,2016.0,Kepler,0.962867382,1.61,3.22,1666.0,5488.0,0.87,0.9,1350.32,293.2045009,45.4353919
Kepler-1322 c,Kepler-1322,Transit,2021.0,Kepler,6.459980011,2.15492527,5.29,883.0,5704.0,0.804,0.897,1350.32,293.2045009,45.4353919
Kepler-1323 b,Kepler-1323,Transit,2016.0,Kepler,0.929906678,1.52,2.92,2291.0,6169.0,1.4,1.18,465.417,292.8722515,46.098729
Kepler-1324 b,Kepler-1324,Transit,2016.0,Kepler,4.115844679,1.51,2.89,895.0,4776.0,0.73,0.78,481.667,291.1849503,40.3112023
Kepler-1325 b,Kepler-1325,Transit,2016.0,Kepler,33.8786838,2.86,8.55,564.0,5550.0,0.91,0.93,973.368,285.0171505,42.085312
Kepler-1326 b,Kepler-1326,Transit,2016.0,Kepler,42.3514267,4.18,16.3,938.0,6725.0,1.74,1.45,698.326,296.222199,39.268942
Kepler-1327 b,Kepler-1327,Transit,2016.0,Kepler,14.88801098,1.8,3.89,831.0,5885.0,1.03,1.02,678.069,289.0648073,50.4609183
Kepler-1328 b,Kepler-1328,Transit,2016.0,Kepler,4.52158888,0.98,0.904,1214.0,5780.0,0.99,1.0,813.543,284.6753857,44.4177225
Kepler-1329 b,Kepler-1329,Transit,2016.0,Kepler,9.33646594,2.17,5.35,577.0,4500.0,0.69,0.72,588.037,281.6476437,48.2709523
Kepler-133 b,Kepler-133,Transit,2014.0,Kepler,8.129976,1.76,3.75,1041.0,5736.0,1.425,1.02,653.6,297.2778906,48.3203542
Kepler-133 c,Kepler-133,Transit,2014.0,Kepler,31.517586,2.84,8.45,663.0,5736.0,1.425,1.02,653.6,297.2778906,48.3203542
Kepler-1330 b,Kepler-1330,Transit,2016.0,Kepler,10.10769068,1.65,3.36,879.0,5608.0,0.94,0.97,1720.48,290.5767116,39.9568913
Kepler-1331 b,Kepler-1331,Transit,2016.0,Kepler,0.789161653,1.05,1.16,1244.0,4508.0,0.69,0.72,319.197,297.0737928,41.2244613
Kepler-1332 b,Kepler-1332,Transit,2016.0,Kepler,11.87456832,1.37,2.45,728.0,5581.0,0.9,0.95,528.685,291.0286411,43.9137055
Kepler-1333 b,Kepler-1333,Transit,2016.0,Kepler,109.6471842,2.81,8.3,428.0,5628.0,0.92,0.94,932.446,293.5275797,41.111394
Kepler-1334 b,Kepler-1334,Transit,2016.0,Kepler,15.64591713,2.29,5.86,710.0,5614.0,0.91,0.94,1223.04,289.311532,51.3209059
Kepler-1335 b,Kepler-1335,Transit,2016.0,Kepler,6.26406846,1.45,2.7,809.0,4903.0,0.74,0.77,621.853,284.8384394,42.0703371
Kepler-1336 b,Kepler-1336,Transit,2016.0,Kepler,23.198681,1.98,4.58,793.0,5512.0,1.3,0.94,1126.64,296.2776587,46.8998006
Kepler-1336 c,Kepler-1336,Transit,2016.0,Kepler,5.77721211,1.71,3.57,1260.0,5512.0,1.3,0.94,1126.64,296.2776587,46.8998006
Kepler-1337 b,Kepler-1337,Transit,2016.0,Kepler,24.4002549,2.41,6.39,437.0,4523.0,0.67,0.7,601.629,287.0091176,46.7961229
Kepler-1338 b,Kepler-1338,Transit,2016.0,Kepler,0.935118057,0.92,0.721,2124.0,5909.0,1.05,1.04,753.26,284.0422701,41.6990348
Kepler-1339 b,Kepler-1339,Transit,2016.0,Kepler,1.341555127,0.71,0.285,1642.0,5586.0,0.93,0.94,371.049,283.7457695,48.373469
Kepler-134 b,Kepler-134,Transit,2014.0,Kepler,5.317429,2.0,4.66,1105.0,5983.0,1.176,0.956,334.797,284.7391156,49.5984448
Kepler-134 c,Kepler-134,Transit,2014.0,Kepler,10.105785,1.26,2.13,892.0,5983.0,1.176,0.956,334.797,284.7391156,49.5984448
Kepler-1340 b,Kepler-1340,Transit,2016.0,Kepler,0.665026916,1.55,3.02,2174.0,6331.0,1.42,1.27,981.779,296.2328099,42.4727965
Kepler-1341 b,Kepler-1341,Transit,2016.0,Kepler,132.9968322,2.99,9.22,241.0,4662.0,0.72,0.79,476.957,280.5116813,44.1593503
Kepler-1342 b,Kepler-1342,Transit,2016.0,Kepler,2.215710358,1.66,3.39,1283.0,5527.0,0.9,0.93,890.724,297.0200549,43.4325382
Kepler-1343 b,Kepler-1343,Transit,2016.0,Kepler,3.35183158,1.93,4.38,1294.0,5759.0,0.93,0.95,1756.71,294.294483,50.725385
Kepler-1344 b,Kepler-1344,Transit,2016.0,Kepler,4.7683049,1.84,4.04,1219.0,5981.0,1.13,1.09,853.959,287.0862799,46.9457998
Kepler-1345 b,Kepler-1345,Transit,2016.0,Kepler,44.6169557,2.36,6.17,693.0,6449.0,1.55,1.32,1355.02,292.4779428,46.022821
Kepler-1346 b,Kepler-1346,Transit,2016.0,Kepler,3.40165668,1.58,3.12,1236.0,6133.0,1.21,1.14,843.701,291.841341,45.179185
Kepler-1347 b,Kepler-1347,Transit,2016.0,Kepler,14.00947528,1.03,1.08,617.0,5193.0,0.79,0.82,321.0,299.6595903,40.8438526
Kepler-1348 b,Kepler-1348,Transit,2016.0,Kepler,27.5722742,1.94,4.42,636.0,5911.0,1.04,1.04,1213.82,292.0874126,49.788709
Kepler-1349 b,Kepler-1349,Transit,2016.0,Kepler,2.12823928,0.7,0.271,1668.0,6086.0,1.28,1.16,276.323,286.3385562,48.7442697
Kepler-135 b,Kepler-135,Transit,2014.0,Kepler,6.00253,1.81,3.93,1209.0,6090.0,1.275,1.047,621.855,290.4950939,38.7954956
Kepler-135 c,Kepler-135,Transit,2014.0,Kepler,11.448708,1.16,1.65,975.0,6090.0,1.275,1.047,621.855,290.4950939,38.7954956
Kepler-1350 b,Kepler-1350,Transit,2016.0,Kepler,4.4968604,2.52,6.9,535.0,3827.0,0.53,0.55,340.691,288.250611,46.6794847
Kepler-1350 c,Kepler-1350,Transit,2016.0,Kepler,1.766789062,1.73,3.64,730.0,3827.0,0.53,0.55,340.691,288.250611,46.6794847
Kepler-1351 b,Kepler-1351,Transit,2016.0,Kepler,0.916140768,0.65,0.208,1212.0,4439.0,0.67,0.7,202.782,293.6084289,42.1978746
Kepler-1352 b,Kepler-1352,Transit,2016.0,Kepler,1.877882748,0.89,0.64,1701.0,6118.0,1.16,1.11,670.829,290.6937988,48.7014417
Kepler-1353 b,Kepler-1353,Transit,2016.0,Kepler,24.7543966,1.8,3.89,491.0,4776.0,0.72,0.76,593.384,295.7353911,42.5762317
Kepler-1354 b,Kepler-1354,Transit,2016.0,Kepler,76.613377,2.97,9.11,466.0,6168.0,1.24,1.16,1119.45,291.2451266,37.7590079
Kepler-1355 b,Kepler-1355,Transit,2016.0,Kepler,1.289588112,1.46,2.73,1448.0,5352.0,0.83,0.88,911.269,283.7414249,49.0679833
Kepler-1356 b,Kepler-1356,Transit,2016.0,Kepler,0.634002937,1.53,2.96,1714.0,5106.0,0.78,0.82,845.228,290.9953825,43.2438792
Kepler-1357 b,Kepler-1357,Transit,2016.0,Kepler,3.0091324,1.28,2.18,1177.0,5597.0,0.9,0.93,1015.69,291.5480665,50.3532584
Kepler-1358 b,Kepler-1358,Transit,2016.0,Kepler,7.06317341,1.12,1.46,827.0,5181.0,0.79,0.82,546.998,286.1705469,43.0089
Kepler-1359 b,Kepler-1359,Transit,2016.0,Kepler,59.4970952,2.83,8.4,369.0,4709.0,0.72,0.78,614.859,289.538818,41.8928154
Kepler-136 b,Kepler-136,Transit,2014.0,Kepler,11.5789,2.05,19.8,951.0,6165.0,1.355,1.204,420.818,296.4673039,42.5987984
Kepler-136 c,Kepler-136,Transit,2014.0,Kepler,16.399235,1.99,4.62,847.0,6165.0,1.355,1.204,420.818,296.4673039,42.5987984
Kepler-1360 b,Kepler-1360,Transit,2016.0,Kepler,40.5286413,3.4,11.5,933.0,6778.0,1.83,1.51,1516.27,300.3440482,45.6231826
Kepler-1361 b,Kepler-1361,Transit,2016.0,Kepler,3.57554956,0.86,0.566,1061.0,5131.0,0.79,0.83,389.143,283.5653603,46.9042278
Kepler-1362 b,Kepler-1362,Transit,2016.0,Kepler,136.205626,2.6,7.27,248.0,4857.0,0.74,0.8,731.298,288.5385574,40.8771276
Kepler-1363 b,Kepler-1363,Transit,2016.0,Kepler,2.94194094,1.25,2.1,988.0,4839.0,0.72,0.76,541.714,296.9964872,49.2563228
Kepler-1364 b,Kepler-1364,Transit,2016.0,Kepler,13.32196237,2.15,5.27,1299.0,6805.0,1.79,1.49,1056.9,295.1521334,49.5876179
Kepler-1365 b,Kepler-1365,Transit,2016.0,Kepler,7.69993485,0.92,0.721,969.0,5770.0,1.05,1.0,840.128,292.1996573,42.0459944
Kepler-1365 c,Kepler-1365,Transit,2016.0,Kepler,4.77468005,0.8,0.437,1137.0,5770.0,1.05,1.0,840.128,292.1996573,42.0459944
Kepler-1366 b,Kepler-1366,Transit,2016.0,Kepler,2.164570968,1.43,2.63,783.0,4070.0,0.6,0.62,465.826,285.0648845,41.5548464
Kepler-1367 b,Kepler-1367,Transit,2016.0,Kepler,1.574090272,0.92,0.721,998.0,4106.0,0.6,0.62,401.484,288.4166786,47.8787308
Kepler-1368 b,Kepler-1368,Transit,2016.0,Kepler,0.675649486,1.65,3.36,2085.0,5906.0,1.08,1.07,1635.82,294.7669795,41.6446434
Kepler-1369 b,Kepler-1369,Transit,2016.0,Kepler,25.873148,2.69,7.7,667.0,5761.0,0.99,0.99,1236.56,285.7972604,40.9361923
Kepler-137 b,Kepler-137,Transit,2014.0,Kepler,8.436387,1.47,2.76,742.0,5187.0,0.802,0.85,302.979,282.1355875,43.0391951
Kepler-137 c,Kepler-137,Transit,2014.0,Kepler,18.735753,1.88,4.19,568.0,5187.0,0.802,0.85,302.979,282.1355875,43.0391951
Kepler-1370 b,Kepler-1370,Transit,2016.0,Kepler,20.2641684,1.84,4.04,770.0,6202.0,1.29,1.19,1004.1,284.5656897,41.7784781
Kepler-1370 c,Kepler-1370,Transit,2016.0,Kepler,7.44142113,1.27,2.15,1075.0,6202.0,1.29,1.19,1004.1,284.5656897,41.7784781
Kepler-1371 b,Kepler-1371,Transit,2016.0,Kepler,3.4462039,0.73,0.315,1015.0,5361.0,0.83,0.87,515.334,288.8314251,47.5519753
Kepler-1371 c,Kepler-1371,Transit,2016.0,Kepler,2.00541269,0.64,0.196,1216.0,5361.0,0.83,0.87,515.334,288.8314251,47.5519753
Kepler-1372 b,Kepler-1372,Transit,2016.0,Kepler,1.311555568,1.27,2.15,1655.0,5677.0,0.97,0.98,1303.22,288.8865895,44.8394672
Kepler-1373 b,Kepler-1373,Transit,2016.0,Kepler,1.29123275,1.16,1.65,1887.0,6299.0,1.33,1.22,1699.46,285.7520229,39.2491731
Kepler-1374 b,Kepler-1374,Transit,2016.0,Kepler,10.65276707,2.29,5.86,737.0,5323.0,0.81,0.85,1078.46,291.3499783,45.1722521
Kepler-1375 b,Kepler-1375,Transit,2016.0,Kepler,3.3004192,1.74,3.68,1543.0,6704.0,1.78,1.47,1430.84,296.2935173,43.4032189
Kepler-1376 b,Kepler-1376,Transit,2016.0,Kepler,5.30880656,1.05,1.16,1042.0,5659.0,0.97,0.98,868.056,286.9584368,42.541409
Kepler-1377 b,Kepler-1377,Transit,2016.0,Kepler,0.740928422,1.25,2.1,1873.0,5218.0,0.82,0.86,1146.1,289.1954229,46.6516055
Kepler-1378 b,Kepler-1378,Transit,2016.0,Kepler,11.95398936,2.2,5.48,525.0,4407.0,0.67,0.7,506.434,297.373403,40.3663986
Kepler-1379 b,Kepler-1379,Transit,2016.0,Kepler,0.881841146,1.3,2.24,1564.0,5188.0,0.79,0.83,971.325,293.6704404,41.4102105
Kepler-138 b,Kepler-138,Transit,2014.0,Kepler,10.3134,0.64,0.07,452.0,3841.0,0.535,0.535,66.8624,290.3814122,43.2930645
Kepler-138 c,Kepler-138,Transit,2014.0,Kepler,13.7815,1.51,2.3,410.0,3841.0,0.535,0.535,66.8624,290.3814122,43.2930645
Kepler-138 d,Kepler-138,Transit,2014.0,Kepler,23.0923,1.51,2.1,345.0,3841.0,0.535,0.535,66.8624,290.3814122,43.2930645
Kepler-138 e,Kepler-138,Transit Timing Variations,2022.0,Multiple Observatories,38.23,0.797,0.43,292.0,3841.0,0.535,0.535,66.8624,290.3814122,43.2930645
Kepler-1380 b,Kepler-1380,Transit,2016.0,Kepler,10.3108245,1.43,2.63,786.0,5570.0,0.94,0.96,2462.94,288.1160421,42.4403832
Kepler-1381 b,Kepler-1381,Transit,2016.0,Kepler,25.3842686,2.25,5.69,649.0,5747.0,0.94,0.96,1197.04,287.5357911,48.727783
Kepler-1382 b,Kepler-1382,Transit,2016.0,Kepler,16.3583055,1.88,4.19,959.0,6161.0,1.72,1.36,738.261,295.3774182,39.0480365
Kepler-1383 b,Kepler-1383,Transit,2016.0,Kepler,13.9093583,1.41,2.57,928.0,6370.0,1.44,1.26,1027.21,297.9447714,42.1918449
Kepler-1384 b,Kepler-1384,Transit,2016.0,Kepler,15.36262753,1.94,4.42,608.0,4919.0,0.74,0.78,618.0,296.2151275,39.5270248
Kepler-1385 b,Kepler-1385,Transit,2016.0,Kepler,2.88879862,0.85,0.543,1423.0,5732.0,1.29,1.15,688.795,282.6313559,46.481022
Kepler-1386 b,Kepler-1386,Transit,2016.0,Kepler,6.73972381,1.24,2.07,1011.0,5733.0,1.03,1.02,835.882,280.8233646,42.6360518
Kepler-1387 b,Kepler-1387,Transit,2016.0,Kepler,2.279526656,0.93,0.749,1123.0,5046.0,0.77,0.82,455.358,292.4403029,43.2093456
Kepler-1388 b,Kepler-1388,Transit,2016.0,Kepler,12.2854603,2.59,7.22,434.0,4098.0,0.61,0.63,453.795,283.3360156,47.1744499
Kepler-1388 c,Kepler-1388,Transit,2016.0,Kepler,5.53608151,2.26,5.73,566.0,4098.0,0.61,0.63,453.795,283.3360156,47.1744499
Kepler-1388 d,Kepler-1388,Transit,2016.0,Kepler,20.9568158,2.86,8.55,363.0,4098.0,0.61,0.63,453.795,283.3360156,47.1744499
Kepler-1388 e,Kepler-1388,Transit,2016.0,Kepler,37.6327084,2.46,6.62,299.0,4098.0,0.61,0.63,453.795,283.3360156,47.1744499
Kepler-1389 b,Kepler-1389,Transit,2016.0,Kepler,99.2530951,1.77,3.78,300.0,5078.0,0.74,0.81,497.093,285.7174414,44.7583487
Kepler-139 b,Kepler-139,Transit,2014.0,Kepler,15.771044,2.94,7.0,752.0,5594.0,1.3,1.078,391.038,282.3919451,43.8894167
Kepler-139 c,Kepler-139,Transit,2014.0,Kepler,157.072878,3.38,13.0,350.0,5594.0,1.3,1.078,391.038,282.3919451,43.8894167
Kepler-139 d,Kepler-139,Transit,2023.0,Kepler,7.305699922,1.695,2.0,972.0,5622.0,1.045,1.078,391.038,282.3919451,43.8894167
Kepler-139 e,Kepler-139,Radial Velocity,2023.0,W. M. Keck Observatory,2047.635373,13.7,378.0,,5622.0,1.045,1.078,391.038,282.3919451,43.8894167
Kepler-139 f,Kepler-139,Transit Timing Variations,2025.0,Multiple Observatories,355.0,6.67,36.0,,5630.0,1.045,1.078,391.038,282.3919451,43.8894167
Kepler-1390 b,Kepler-1390,Transit,2016.0,Kepler,6.48021673,1.18,1.76,934.0,5753.0,0.98,0.98,723.431,298.6624419,48.2488659
Kepler-1391 b,Kepler-1391,Transit,2016.0,Kepler,54.4092333,1.68,3.46,513.0,5840.0,1.1,1.03,1038.35,294.8309749,46.6595768
Kepler-1392 b,Kepler-1392,Transit,2016.0,Kepler,15.1410397,1.96,4.5,714.0,5479.0,0.85,0.88,1117.0,288.7669819,46.3944497
Kepler-1393 b,Kepler-1393,Transit,2016.0,Kepler,2.44357812,0.8,0.437,1249.0,5697.0,0.92,0.95,544.456,284.4594558,40.1424756
Kepler-1394 b,Kepler-1394,Transit,2016.0,Kepler,3.93766373,1.39,2.51,1947.0,6481.0,2.55,1.64,640.409,283.4532068,45.0840729
Kepler-1395 b,Kepler-1395,Transit,2016.0,Kepler,3.78470649,0.8,0.437,1311.0,6138.0,1.23,1.17,492.894,292.3374945,47.6641732
Kepler-1396 b,Kepler-1396,Transit,2016.0,Kepler,18.2206421,2.07,4.94,786.0,6195.0,1.27,1.18,1066.46,294.3363936,44.9182296
Kepler-1397 b,Kepler-1397,Transit,2016.0,Kepler,47.449955,1.72,3.61,551.0,6026.0,1.12,1.09,1198.25,299.6758812,47.0758234
Kepler-1398 b,Kepler-1398,Transit,2016.0,Kepler,2.78815679,0.9,0.666,1510.0,6126.0,1.18,1.13,852.204,294.8661073,48.6389923
Kepler-1398 c,Kepler-1398,Transit,2016.0,Kepler,4.13827595,1.03,1.08,1324.0,6126.0,1.18,1.13,852.204,294.8661073,48.6389923
Kepler-1399 b,Kepler-1399,Transit,2016.0,Kepler,1.638653058,1.25,2.1,1610.0,5735.0,0.96,0.97,1385.7,293.3116962,46.0416516
Kepler-14 b,Kepler-14,Transit,2011.0,Kepler,6.790123,12.733,2669.66,1605.0,6395.0,2.048,1.512,798.0,287.708814,47.33305
Kepler-140 b,Kepler-140,Transit,2014.0,Kepler,3.25427,1.61,3.22,1301.0,6077.0,1.288,1.044,583.859,287.3694056,46.7681473
Kepler-140 c,Kepler-140,Transit,2014.0,Kepler,91.353282,1.8,3.89,428.0,6077.0,1.288,1.044,583.859,287.3694056,46.7681473
Kepler-1400 b,Kepler-1400,Transit,2016.0,Kepler,9.06689421,1.62,3.26,725.0,5044.0,0.78,0.83,752.237,286.2716827,45.4408055
Kepler-1401 b,Kepler-1401,Transit,2016.0,Kepler,11.20066445,1.68,3.46,808.0,5964.0,1.1,1.07,1425.43,287.4660334,40.75842
Kepler-1402 b,Kepler-1402,Transit,2016.0,Kepler,2.03387914,0.76,0.363,1789.0,5416.0,0.87,0.9,1493.64,291.8478341,48.9681664
Kepler-1403 b,Kepler-1403,Transit,2016.0,Kepler,5.19492202,2.14,5.22,1238.0,6060.0,1.15,1.11,2163.9,290.8676391,38.9600779
Kepler-1404 b,Kepler-1404,Transit,2016.0,Kepler,15.9314739,2.01,4.7,596.0,5261.0,0.8,0.84,962.183,296.0094827,50.4983929
Kepler-1405 b,Kepler-1405,Transit,2016.0,Kepler,28.2274184,3.96,14.9,565.0,5925.0,1.07,1.05,1530.3,295.6848822,39.2561274
Kepler-1406 b,Kepler-1406,Transit,2016.0,Kepler,11.62905828,1.1,1.37,854.0,5892.0,1.12,1.05,572.403,292.0818824,38.9149472
Kepler-1407 b,Kepler-1407,Transit,2016.0,Kepler,20.0711504,2.25,5.69,826.0,6010.0,1.15,1.1,1396.41,283.9424274,41.4715535
Kepler-1408 b,Kepler-1408,Transit,2016.0,Kepler,2.99793191,0.89,0.64,1616.0,6170.0,1.35,1.21,535.048,282.6998783,45.4257884
Kepler-1409 b,Kepler-1409,Transit,2016.0,Kepler,0.764864926,1.04,1.12,1733.0,5160.0,0.79,0.83,694.89,290.0847389,51.2086144
Kepler-141 b,Kepler-141,Transit,2014.0,Kepler,3.107675,0.69,0.257,968.0,4910.0,0.787,0.878,301.183,297.9707271,47.7316041
Kepler-141 c,Kepler-141,Transit,2014.0,Kepler,7.010606,1.41,2.57,738.0,4910.0,0.787,0.878,301.183,297.9707271,47.7316041
Kepler-1410 b,Kepler-1410,Transit,2016.0,Kepler,60.866168,1.78,3.82,290.0,4092.0,0.6,0.63,367.0,290.5102933,38.743501
Kepler-1411 b,Kepler-1411,Transit,2016.0,Kepler,86.1150888,2.82,8.35,441.0,5664.0,0.92,0.95,1660.48,286.3615236,42.9638889
Kepler-1412 b,Kepler-1412,Transit,2016.0,Kepler,3.6146051,0.83,0.498,1397.0,5880.0,1.27,1.06,755.678,292.1801539,49.202481
Kepler-1413 b,Kepler-1413,Transit,2016.0,Kepler,13.1829642,1.82,3.97,661.0,5196.0,0.8,0.84,1167.49,294.3416065,46.4987624
Kepler-1414 b,Kepler-1414,Transit,2016.0,Kepler,3.51576315,1.23,2.04,1033.0,4951.0,0.75,0.8,570.835,284.9285796,42.4223085
Kepler-1415 b,Kepler-1415,Transit,2016.0,Kepler,0.63642408,1.29,2.21,1846.0,5267.0,0.84,0.89,1043.56,285.1568015,47.8732512
Kepler-1416 b,Kepler-1416,Transit,2016.0,Kepler,1.49514952,0.88,0.615,1870.0,6019.0,1.15,1.09,949.59,298.6634624,43.8940593
Kepler-1417 b,Kepler-1417,Transit,2016.0,Kepler,20.3505213,1.0,0.972,695.0,5839.0,1.02,1.02,991.845,290.9498966,40.605197
Kepler-1418 b,Kepler-1418,Transit,2016.0,Kepler,22.4764425,1.66,3.39,419.0,4770.0,0.72,0.77,499.0,282.9975322,41.67859
Kepler-1419 b,Kepler-1419,Transit,2016.0,Kepler,42.5215895,2.86,8.55,510.0,5796.0,1.01,1.01,1498.58,292.2545917,37.971376
Kepler-142 b,Kepler-142,Transit,2014.0,Kepler,2.024152,1.99,4.62,1597.0,5790.0,1.269,0.978,548.686,295.1190067,48.4813635
Kepler-142 c,Kepler-142,Transit,2014.0,Kepler,4.761702,2.86,8.55,1201.0,5790.0,1.269,0.978,548.686,295.1190067,48.4813635
Kepler-142 d,Kepler-142,Transit,2014.0,Kepler,41.809118,2.16,5.31,582.0,5790.0,1.269,0.978,548.686,295.1190067,48.4813635
Kepler-1420 b,Kepler-1420,Transit,2016.0,Kepler,6.69960006,1.28,2.18,806.0,5187.0,0.79,0.82,1054.37,296.2038586,42.7778165
Kepler-1421 b,Kepler-1421,Transit,2016.0,Kepler,6.9131112,0.93,0.749,1209.0,6335.0,1.42,1.25,783.401,286.5806115,48.5442312
Kepler-1422 b,Kepler-1422,Transit,2016.0,Kepler,18.6051942,2.02,4.74,833.0,6194.0,1.23,1.15,2465.84,293.8902214,48.3360926
Kepler-1423 b,Kepler-1423,Transit,2016.0,Kepler,23.955378,1.06,1.2,741.0,4939.0,0.75,0.79,449.0,288.2437481,41.1100655
Kepler-1424 b,Kepler-1424,Transit,2016.0,Kepler,29.6091744,1.16,1.65,629.0,5838.0,1.07,1.02,661.421,290.9916648,40.2293347
Kepler-1425 b,Kepler-1425,Transit,2016.0,Kepler,14.4541302,0.94,0.779,676.0,5718.0,0.95,0.97,863.873,294.9510368,43.0124348
Kepler-1426 b,Kepler-1426,Transit,2016.0,Kepler,14.2563227,1.56,3.05,797.0,5831.0,1.02,1.02,1697.81,292.5457096,49.4168981
Kepler-1427 b,Kepler-1427,Transit,2016.0,Kepler,0.968972376,1.1,1.37,1844.0,5793.0,1.01,1.01,1220.0,295.3496546,45.1145372
Kepler-1428 b,Kepler-1428,Transit,2016.0,Kepler,10.67607169,1.64,3.33,1049.0,6184.0,1.36,1.28,1530.32,297.6422563,49.594958
Kepler-1429 b,Kepler-1429,Transit,2016.0,Kepler,4.48487493,1.29,2.21,1199.0,5902.0,1.07,1.05,1214.09,285.3662532,49.0448172
Kepler-143 b,Kepler-143,Transit,2014.0,Kepler,16.007583,2.41,6.39,838.0,5848.0,1.359,0.982,809.467,298.0676519,49.412541
Kepler-143 c,Kepler-143,Transit,2014.0,Kepler,27.082511,3.37,11.3,703.0,5848.0,1.359,0.982,809.467,298.0676519,49.412541
Kepler-1430 b,Kepler-1430,Transit,2016.0,Kepler,2.46050993,1.18,1.76,969.0,4796.0,0.72,0.77,875.523,289.6975391,43.3719581
Kepler-1431 b,Kepler-1431,Transit,2016.0,Kepler,5.86601526,1.47,2.76,1064.0,5806.0,1.03,1.03,1623.24,292.6583919,49.8651522
Kepler-1432 b,Kepler-1432,Transit,2016.0,Kepler,23.9109011,2.22,5.56,709.0,6031.0,1.13,1.09,2171.87,295.5241011,49.8295211
Kepler-1433 b,Kepler-1433,Transit,2016.0,Kepler,4.13592271,1.56,3.05,1226.0,6097.0,1.19,1.14,1328.0,287.3634559,49.4568649
Kepler-1434 b,Kepler-1434,Transit,2016.0,Kepler,8.05333618,1.11,1.41,1320.0,6291.0,2.04,1.47,775.529,295.5384415,51.2030002
Kepler-1435 b,Kepler-1435,Transit,2016.0,Kepler,4.45343281,0.86,0.566,1331.0,6356.0,1.32,1.21,704.211,291.1732806,44.9210836
Kepler-1436 b,Kepler-1436,Transit,2016.0,Kepler,9.705716,1.31,2.27,1001.0,5972.0,1.09,1.06,2530.62,297.711553,46.7679816
Kepler-1437 b,Kepler-1437,Transit,2016.0,Kepler,10.9295461,1.37,2.45,770.0,5557.0,0.9,0.93,2101.69,291.8649164,49.325869
Kepler-1438 b,Kepler-1438,Transit,2016.0,Kepler,2.31942009,0.94,0.779,1490.0,5530.0,0.96,0.97,1154.13,289.289819,40.6816262
Kepler-1439 b,Kepler-1439,Transit,2016.0,Kepler,8.07392849,1.46,2.73,420.0,3578.0,0.43,0.46,225.393,285.7396971,40.9798688
Kepler-144 b,Kepler-144,Transit,2014.0,Kepler,5.885273,1.33,2.33,1253.0,6075.0,1.235,1.154,384.917,281.9156128,42.7755535
Kepler-144 c,Kepler-144,Transit,2014.0,Kepler,10.104665,1.35,2.39,1046.0,6075.0,1.235,1.154,384.917,281.9156128,42.7755535
Kepler-1440 b,Kepler-1440,Transit,2016.0,Kepler,39.859484,1.26,2.13,597.0,5698.0,0.96,0.98,1115.35,285.3469737,48.3122283
Kepler-1441 b,Kepler-1441,Transit,2016.0,Kepler,39.4419839,1.31,2.27,682.0,5802.0,1.0,1.0,1110.48,293.7191177,43.1245756
Kepler-1442 b,Kepler-1442,Transit,2016.0,Kepler,81.4162941,3.93,14.7,522.0,6394.0,1.44,1.34,608.68,291.2556226,48.8469171
Kepler-1443 b,Kepler-1443,Transit,2016.0,Kepler,2.41811321,0.97,0.871,1602.0,6289.0,1.27,1.19,593.646,283.4357392,47.0667983
Kepler-1444 b,Kepler-1444,Transit,2016.0,Kepler,33.42035034,2.18,5.39,581.0,5810.0,1.05,1.03,319.675,285.3306799,42.0405016
Kepler-1445 b,Kepler-1445,Transit,2016.0,Kepler,10.60052251,0.96,0.84,987.0,6150.0,1.26,1.13,506.357,280.2495197,43.9150665
Kepler-1446 b,Kepler-1446,Transit,2016.0,Kepler,0.689967832,0.82,0.477,1539.0,4865.0,0.75,0.81,152.075,289.4240357,46.7260823
Kepler-1447 b,Kepler-1447,Transit,2016.0,Kepler,56.6747285,2.9,8.75,522.0,5722.0,0.95,0.97,890.296,289.6434285,50.727016
Kepler-1448 b,Kepler-1448,Transit,2016.0,Kepler,12.27065865,1.61,3.22,811.0,5774.0,0.93,0.95,768.903,287.8674123,50.5955846
Kepler-1449 b,Kepler-1449,Transit,2016.0,Kepler,13.2274528,1.68,3.46,867.0,5979.0,1.1,1.08,2006.48,288.2317293,50.5678345
Kepler-145 b,Kepler-145,Transit,2013.0,Kepler,22.951,2.65,37.1,873.0,6022.0,1.85,1.32,566.85,291.3877397,44.5290465
Kepler-145 c,Kepler-145,Transit,2013.0,Kepler,42.882,4.32,79.4,709.0,6022.0,1.85,1.32,566.85,291.3877397,44.5290465
Kepler-1450 b,Kepler-1450,Transit,2016.0,Kepler,54.5094166,1.71,3.57,308.0,4524.0,0.68,0.71,505.829,294.5536825,45.0813011
Kepler-1451 b,Kepler-1451,Transit,2016.0,Kepler,35.622233,3.35,11.2,523.0,5782.0,0.99,1.0,1058.72,293.4464227,40.4098813
Kepler-1452 b,Kepler-1452,Transit,2016.0,Kepler,42.913751,2.7,7.75,810.0,6101.0,2.06,1.41,996.32,292.422792,38.2662824
Kepler-1453 b,Kepler-1453,Transit,2016.0,Kepler,47.1611696,2.67,7.61,503.0,5665.0,0.94,0.97,1196.04,286.1255037,47.9475586
Kepler-1454 b,Kepler-1454,Transit,2016.0,Kepler,47.0319479,1.88,4.19,492.0,5448.0,0.86,0.9,780.566,284.2233265,48.8317229
Kepler-1455 b,Kepler-1455,Transit,2016.0,Kepler,49.276764,2.16,5.31,298.0,4075.0,0.6,0.62,357.621,294.0830662,50.5027572
Kepler-1456 b,Kepler-1456,Transit,2016.0,Kepler,18.1373829,1.14,1.55,433.0,4231.0,0.62,0.64,370.312,286.9453381,43.8228023
Kepler-1457 b,Kepler-1457,Transit,2016.0,Kepler,51.1110243,1.99,4.62,478.0,5866.0,1.01,1.01,889.885,283.7705481,42.027203
Kepler-1458 b,Kepler-1458,Transit,2016.0,Kepler,47.9872764,2.76,8.05,493.0,5653.0,0.94,0.96,544.45,283.2115971,41.0380135
Kepler-1459 b,Kepler-1459,Transit,2016.0,Kepler,62.8691611,1.36,2.42,349.0,4828.0,0.74,0.78,455.479,282.4229401,46.0139761
Kepler-146 b,Kepler-146,Transit,2014.0,Kepler,31.158799,3.71,13.3,639.0,5948.0,1.208,1.079,716.797,294.1107631,38.7102222
Kepler-146 c,Kepler-146,Transit,2014.0,Kepler,76.732171,3.13,9.96,473.0,5948.0,1.208,1.079,716.797,294.1107631,38.7102222
Kepler-1460 b,Kepler-1460,Transit,2016.0,Kepler,29.9633247,1.96,4.5,391.0,4422.0,0.67,0.7,553.218,285.5577888,44.0108221
Kepler-1461 b,Kepler-1461,Transit,2016.0,Kepler,29.3494775,2.03,4.78,451.0,4919.0,0.74,0.79,679.106,285.8305091,43.198377
Kepler-1462 b,Kepler-1462,Transit,2016.0,Kepler,65.6488341,3.82,14.0,390.0,5756.0,1.0,1.0,1017.82,296.397542,42.3969273
Kepler-1463 b,Kepler-1463,Transit,2016.0,Kepler,25.15864,1.86,4.12,619.0,5679.0,0.95,0.96,1687.47,294.4872785,42.0069064
Kepler-1464 b,Kepler-1464,Transit,2016.0,Kepler,31.7785901,1.66,3.39,564.0,5828.0,1.01,1.02,1151.73,287.2356828,38.7540824
Kepler-1464 c,Kepler-1464,Transit,2016.0,Kepler,5.32786292,1.0,0.972,1023.0,5828.0,1.01,1.02,1151.73,287.2356828,38.7540824
Kepler-1465 b,Kepler-1465,Transit,2016.0,Kepler,31.8277111,1.77,3.78,668.0,4726.0,0.71,0.75,359.497,289.8194222,51.9048541
Kepler-1466 b,Kepler-1466,Transit,2016.0,Kepler,31.1750448,1.55,3.02,585.0,5884.0,1.02,1.01,631.949,289.8312418,44.6098415
Kepler-1467 b,Kepler-1467,Transit,2016.0,Kepler,47.0569043,3.3,10.9,411.0,5332.0,0.82,0.86,852.888,295.0485389,45.3426781
Kepler-1468 b,Kepler-1468,Transit,2016.0,Kepler,8.23984869,1.73,3.64,1093.0,5893.0,1.05,1.04,1899.24,293.5198289,41.2773671
Kepler-1468 c,Kepler-1468,Transit,2016.0,Kepler,3.54553021,1.15,1.6,1448.0,5893.0,1.05,1.04,1899.24,293.5198289,41.2773671
Kepler-1468 d,Kepler-1468,Transit,2021.0,Kepler,19.59059906,3.33187146,11.1,819.0,5794.0,1.496,1.072,1899.24,293.5198289,41.2773671
Kepler-1469 b,Kepler-1469,Transit,2016.0,Kepler,21.8635301,2.8,8.25,551.0,5507.0,0.89,0.92,1159.3,293.8213286,39.3913385
Kepler-147 b,Kepler-147,Transit,2014.0,Kepler,12.610584,1.53,2.96,953.0,6012.0,1.468,1.145,1042.02,287.9757213,39.087168
Kepler-147 c,Kepler-147,Transit,2014.0,Kepler,33.416423,2.43,6.48,689.0,6012.0,1.468,1.145,1042.02,287.9757213,39.087168
Kepler-1470 b,Kepler-1470,Transit,2016.0,Kepler,16.2950903,1.07,1.24,574.0,4961.0,0.76,0.8,590.601,288.6949475,39.8830802
Kepler-1471 b,Kepler-1471,Transit,2016.0,Kepler,3.63899398,1.41,2.57,1238.0,5660.0,0.93,0.95,978.678,289.6649171,50.0200612
Kepler-1471 c,Kepler-1471,Transit,2023.0,Kepler,11.6044881,1.88,4.19,841.0,5533.0,1.166,0.934,978.678,289.6649171,50.0200612
Kepler-1472 b,Kepler-1472,Transit,2016.0,Kepler,38.1312831,1.9,4.27,613.0,6159.0,1.25,1.16,1479.14,294.8526163,49.0574468
Kepler-1473 b,Kepler-1473,Transit,2016.0,Kepler,14.4273551,1.19,1.81,783.0,6046.0,1.09,1.09,652.253,290.6365144,48.9961494
Kepler-1474 b,Kepler-1474,Transit,2016.0,Kepler,36.4333452,2.16,5.31,561.0,5870.0,1.04,1.04,1180.9,294.6940261,45.866809
Kepler-1475 b,Kepler-1475,Transit,2016.0,Kepler,82.177374,2.92,8.85,441.0,6214.0,1.28,1.18,1568.38,295.9482766,44.753096
Kepler-1476 b,Kepler-1476,Transit,2016.0,Kepler,10.35863224,1.67,3.43,860.0,5663.0,0.96,0.98,1002.74,284.5320743,43.9898971
Kepler-1477 b,Kepler-1477,Transit,2016.0,Kepler,11.55530021,1.18,1.76,674.0,5100.0,0.78,0.81,680.828,281.2985305,42.6856727
Kepler-1478 b,Kepler-1478,Transit,2016.0,Kepler,26.0840594,1.73,3.64,598.0,5904.0,1.06,1.04,1845.58,293.1650085,41.746184
Kepler-1479 b,Kepler-1479,Transit,2016.0,Kepler,14.53261362,1.83,4.01,746.0,5796.0,0.98,0.99,728.668,285.7119953,49.7067574
Kepler-148 b,Kepler-148,Transit,2014.0,Kepler,1.729366,1.8,3.89,1284.0,5272.0,0.851,0.86,791.163,289.7861626,46.8588176
Kepler-148 c,Kepler-148,Transit,2014.0,Kepler,4.180043,3.6,12.6,957.0,5272.0,0.851,0.86,791.163,289.7861626,46.8588176
Kepler-148 d,Kepler-148,Transit,2016.0,Kepler,51.84688575,8.68,56.3,413.0,5172.0,0.81,0.86,791.163,289.7861626,46.8588176
Kepler-1480 b,Kepler-1480,Transit,2016.0,Kepler,22.12679948,1.67,3.43,721.0,5156.0,0.81,0.85,500.892,291.9998055,49.3018321
Kepler-1481 b,Kepler-1481,Transit,2016.0,Kepler,5.94220998,1.23,2.04,797.0,4908.0,0.75,0.8,459.076,289.4390075,49.7312226
Kepler-1482 b,Kepler-1482,Transit,2016.0,Kepler,12.25383217,1.01,1.01,678.0,5381.0,0.84,0.88,567.556,285.3138209,48.72527
Kepler-1483 b,Kepler-1483,Transit,2016.0,Kepler,9.5085156,1.52,2.92,1131.0,6337.0,1.4,1.25,1273.78,295.4097409,42.1507935
Kepler-1484 b,Kepler-1484,Transit,2016.0,Kepler,30.4549136,2.11,5.1,624.0,5730.0,0.92,0.94,2879.83,292.6842738,38.1262604
Kepler-1485 b,Kepler-1485,Transit,2016.0,Kepler,19.9157725,1.47,2.76,728.0,6087.0,1.12,1.11,615.66,298.0954404,44.7370612
Kepler-1486 b,Kepler-1486,Transit,2016.0,Kepler,54.6495759,2.32,5.99,538.0,5965.0,1.12,1.08,1769.14,290.5903907,45.4396955
Kepler-1487 b,Kepler-1487,Transit,2016.0,Kepler,7.31946363,2.13,5.18,1682.0,6541.0,1.63,1.38,1014.62,295.4980737,38.6444499
Kepler-1487 c,Kepler-1487,Transit,2023.0,Kepler,35.8007112,7.97,48.7,991.0,5745.0,3.955,1.801,1014.62,295.4980737,38.6444499
Kepler-1488 b,Kepler-1488,Transit,2016.0,Kepler,39.8189932,1.86,4.12,650.0,5820.0,1.31,1.05,905.825,286.6464265,49.9377735
Kepler-1488 c,Kepler-1488,Transit,2021.0,Kepler,6.158269882,1.65156749,3.37,1212.0,5710.0,1.524,1.003,905.825,286.6464265,49.9377735
Kepler-1489 b,Kepler-1489,Transit,2016.0,Kepler,82.294751,1.77,3.78,400.0,5655.0,0.9,0.93,1283.05,281.2957984,44.4654063
Kepler-1489 c,Kepler-1489,Transit,2024.0,Kepler,0.680741,0.51,0.087,,5565.53,0.957,0.977,1283.05,281.2957984,44.4654063
Kepler-149 b,Kepler-149,Transit,2014.0,Kepler,29.198943,4.21,16.5,540.0,5381.0,0.953,1.013,571.034,285.8537014,38.3840916
Kepler-149 c,Kepler-149,Transit,2014.0,Kepler,55.328328,1.61,3.22,436.0,5381.0,0.953,1.013,571.034,285.8537014,38.3840916
Kepler-149 d,Kepler-149,Transit,2014.0,Kepler,160.018032,3.96,14.9,306.0,5381.0,0.953,1.013,571.034,285.8537014,38.3840916
Kepler-1490 b,Kepler-1490,Transit,2016.0,Kepler,92.4362973,3.04,9.48,348.0,5515.0,0.87,0.9,862.92,295.6935734,42.6094543
Kepler-1491 b,Kepler-1491,Transit,2016.0,Kepler,16.5861762,1.51,2.89,821.0,5728.0,0.99,1.0,2065.59,293.6297645,45.7406293
Kepler-1491 c,Kepler-1491,Transit,2023.0,Kepler,61.569765,2.44,6.53,530.0,5626.0,1.389,0.991,2065.59,293.6297645,45.7406293
Kepler-1492 b,Kepler-1492,Transit,2016.0,Kepler,16.75255007,1.49,2.83,801.0,4712.0,0.72,0.77,331.553,288.5970695,41.0363254
Kepler-1493 b,Kepler-1493,Transit,2016.0,Kepler,15.0217983,1.41,2.57,874.0,5863.0,1.29,1.06,555.051,288.5493683,38.5651973
Kepler-1494 b,Kepler-1494,Transit,2016.0,Kepler,91.080482,3.07,9.64,415.0,5659.0,0.94,0.96,1285.48,282.6573891,43.1625334
Kepler-1495 b,Kepler-1495,Transit,2016.0,Kepler,85.273256,2.94,8.96,443.0,5831.0,1.04,1.03,1355.54,286.1306907,38.7795494
Kepler-1496 b,Kepler-1496,Transit,2016.0,Kepler,64.6588017,2.22,5.56,535.0,6182.0,1.27,1.18,1307.66,293.9739359,45.3507167
Kepler-1497 b,Kepler-1497,Transit,2016.0,Kepler,8.74199772,1.66,3.39,924.0,5675.0,0.95,0.96,1122.0,296.196155,45.6343124
Kepler-1498 b,Kepler-1498,Transit,2016.0,Kepler,48.051405,1.33,2.33,564.0,5256.0,0.81,0.86,740.0,284.7780883,44.9167513
Kepler-1499 b,Kepler-1499,Transit,2016.0,Kepler,44.2008,1.19,1.81,409.0,5097.0,0.78,0.82,309.869,283.986348,41.6505091
Kepler-15 b,Kepler-15,Transit,2011.0,Kepler,4.942782,10.76,209.76,1251.0,5515.0,0.992,1.018,739.412,296.2005506,49.1400304
Kepler-150 b,Kepler-150,Transit,2014.0,Kepler,3.428054,1.25,2.1,1131.0,5560.0,0.939,0.956,891.092,288.2341025,40.520897
Kepler-150 c,Kepler-150,Transit,2014.0,Kepler,7.381998,3.69,13.2,876.0,5560.0,0.939,0.956,891.092,288.2341025,40.520897
Kepler-150 d,Kepler-150,Transit,2014.0,Kepler,12.56093,2.79,8.2,734.0,5560.0,0.939,0.956,891.092,288.2341025,40.520897
Kepler-150 e,Kepler-150,Transit,2014.0,Kepler,30.826557,3.12,9.91,544.0,5560.0,0.939,0.956,891.092,288.2341025,40.520897
Kepler-150 f,Kepler-150,Transit,2017.0,Kepler,637.2093,3.64,12.9,,5528.0,0.905339,0.97,891.092,288.2341025,40.520897
Kepler-1500 b,Kepler-1500,Transit,2016.0,Kepler,15.0330105,1.2,1.87,928.0,5845.0,1.0,1.0,1217.82,288.883474,39.7446547
Kepler-1501 b,Kepler-1501,Transit,2016.0,Kepler,14.5564533,1.56,3.05,787.0,6229.0,1.3,1.2,749.06,289.918589,42.001428
Kepler-1502 b,Kepler-1502,Transit,2016.0,Kepler,41.7083629,3.18,10.2,608.0,6666.0,1.72,1.44,1514.02,296.1079271,39.3199201
Kepler-1503 b,Kepler-1503,Transit,2016.0,Kepler,96.16987,2.27,5.77,321.0,5069.0,0.74,0.77,1225.57,293.7271604,42.8067119
Kepler-1504 b,Kepler-1504,Transit,2016.0,Kepler,82.304003,2.13,5.18,485.0,5393.0,0.81,0.85,2435.94,289.7119947,50.1282265
Kepler-1505 b,Kepler-1505,Transit,2016.0,Kepler,30.8609366,0.93,0.749,525.0,5686.0,0.86,0.93,495.148,292.0020614,41.7869639
Kepler-1506 b,Kepler-1506,Transit,2016.0,Kepler,14.0329154,1.32,2.3,783.0,5676.0,0.93,0.95,2366.02,290.1498822,41.4645625
Kepler-1507 b,Kepler-1507,Transit,2016.0,Kepler,16.0506213,0.84,0.52,630.0,5410.0,0.85,0.89,320.478,288.5616269,46.5361247
Kepler-1508 b,Kepler-1508,Transit,2016.0,Kepler,20.7056504,1.33,2.33,967.0,6158.0,1.22,1.14,1260.28,298.1188802,40.3750316
Kepler-1509 b,Kepler-1509,Transit,2016.0,Kepler,25.4338197,1.85,4.08,667.0,5780.0,0.99,1.0,2002.96,283.7977792,46.9310139
Kepler-151 b,Kepler-151,Transit,2014.0,Kepler,15.228958,3.06,9.59,639.0,5460.0,0.83,0.87,649.919,292.1627933,41.0231947
Kepler-151 c,Kepler-151,Transit,2014.0,Kepler,24.674612,2.09,5.02,544.0,5460.0,0.83,0.87,649.919,292.1627933,41.0231947
Kepler-1510 b,Kepler-1510,Transit,2016.0,Kepler,84.703921,3.36,11.2,537.0,6200.0,1.28,1.19,1696.25,298.9591432,48.2578295
Kepler-1511 b,Kepler-1511,Transit,2016.0,Kepler,23.2382792,1.68,3.46,903.0,6064.0,1.29,1.17,1475.6,288.4211892,43.179773
Kepler-1512 b,Kepler-1512,Transit,2016.0,Kepler,20.35972599,1.18,1.76,322.0,4372.0,0.67,0.73,162.0,289.2744976,44.4704056
Kepler-1513 b,Kepler-1513,Transit,2016.0,Kepler,160.8842,8.594,48.30991786,346.0,5491.0,0.95,0.943,349.247,289.7917561,39.2852655
Kepler-1513 c,Kepler-1513,Transit Timing Variations,2023.0,Multiple Observatories,841.4,11.0,84.54235626,,5491.0,0.95,0.943,349.247,289.7917561,39.2852655
Kepler-1514 b,Kepler-1514,Transit,2016.0,Kepler,217.83184,12.419572,1678.1424,387.9,6145.0,1.289,1.196,397.292,292.6274943,37.8601653
Kepler-1514 c,Kepler-1514,Transit,2020.0,Kepler,10.514181,1.1758241,1.74,1066.0,6145.0,1.289,1.196,397.292,292.6274943,37.8601653
Kepler-1515 b,Kepler-1515,Transit,2016.0,Kepler,214.3114164,9.55,66.2,380.0,6511.0,1.41,1.3,539.321,290.9739057,48.1782059
Kepler-1516 b,Kepler-1516,Transit,2016.0,Kepler,7.25931979,1.75,3.71,967.0,5904.0,1.07,1.04,1358.95,291.4945795,44.5234227
Kepler-1517 b,Kepler-1517,Transit,2016.0,Kepler,5.546083665,9.76,68.7,2336.0,7010.0,1.95,1.58,847.299,287.8072115,43.1888008
Kepler-1518 b,Kepler-1518,Transit,2016.0,Kepler,5.11177904,3.05,9.53,1351.0,6846.0,1.88,1.54,903.51,300.3323404,44.9861065
Kepler-1518 c,Kepler-1518,Transit,2023.0,Kepler,9.6310258,2.9,8.75,1094.0,6432.0,1.345,1.06,903.51,300.3323404,44.9861065
Kepler-1519 b,Kepler-1519,Transit,2016.0,Kepler,240.7989397,7.06,39.6,342.0,5644.0,0.91,0.94,1441.63,296.6679448,49.4617774
Kepler-152 b,Kepler-152,Transit,2014.0,Kepler,18.207973,2.79,8.2,551.0,5088.0,0.724,0.779,441.09,286.8653826,41.9889571
Kepler-152 c,Kepler-152,Transit,2014.0,Kepler,88.255055,2.39,6.3,326.0,5088.0,0.724,0.779,441.09,286.8653826,41.9889571
Kepler-1520 b,Kepler-1520,Transit,2016.0,Kepler,0.653553572,5.77,28.1,1437.0,4677.0,0.71,0.76,607.917,290.9662102,51.5047656
Kepler-1521 b,Kepler-1521,Transit,2016.0,Kepler,47.14840805,2.5,6.8,391.0,5042.0,0.76,0.81,206.983,292.6903779,37.8350549
Kepler-1522 b,Kepler-1522,Transit,2016.0,Kepler,1.847889171,1.73,3.64,1374.0,5706.0,0.93,0.96,814.125,289.8432347,52.0702094
Kepler-1523 b,Kepler-1523,Transit,2016.0,Kepler,0.93875077,1.58,3.12,1676.0,5708.0,0.96,0.97,865.596,296.0540705,45.8270447
Kepler-1524 b,Kepler-1524,Transit,2016.0,Kepler,70.9674603,3.54,12.3,438.0,6179.0,1.25,1.17,381.773,293.8853557,39.5198348
Kepler-1525 b,Kepler-1525,Transit,2016.0,Kepler,2.416601183,0.91,0.693,1343.0,5748.0,1.04,1.07,382.989,290.5594479,49.9428629
Kepler-1526 b,Kepler-1526,Transit,2016.0,Kepler,3.908632005,2.43,6.48,787.0,4601.0,0.69,0.73,555.574,285.1197266,38.8664618
Kepler-1527 b,Kepler-1527,Transit,2016.0,Kepler,160.129918,4.77,20.4,450.0,6224.0,1.32,1.21,1842.13,297.4144457,46.0608077
Kepler-1528 b,Kepler-1528,Transit,2016.0,Kepler,1.791110205,1.46,2.73,1549.0,5857.0,1.03,1.03,817.534,287.4029864,46.5740084
Kepler-1529 b,Kepler-1529,Transit,2016.0,Kepler,5.33905686,2.1,5.06,817.0,5048.0,0.77,0.81,661.014,289.8707469,41.0407482
Kepler-153 b,Kepler-153,Transit,2014.0,Kepler,18.870227,2.92,8.85,621.0,5404.0,0.892,0.756,459.368,282.460502,48.2570293
Kepler-153 c,Kepler-153,Transit,2014.0,Kepler,46.90232,2.53,6.94,458.0,5404.0,0.892,0.756,459.368,282.460502,48.2570293
Kepler-1530 b,Kepler-1530,Transit,2016.0,Kepler,2.5904434,1.64,3.33,1484.0,5477.0,0.88,0.92,489.876,288.1624396,48.165153
Kepler-1530 c,Kepler-1530,Transit,2016.0,Kepler,5.3227406,1.65,3.36,1167.0,5477.0,0.88,0.92,489.876,288.1624396,48.165153
Kepler-1530 d,Kepler-1530,Transit,2021.0,Kepler,9.20761013,3.27870115,10.8,972.0,5678.0,1.303,1.015,489.876,288.1624396,48.165153
Kepler-1531 b,Kepler-1531,Transit,2016.0,Kepler,1.138543376,1.11,1.41,2537.0,6260.0,1.27,1.16,666.334,285.146622,39.3708055
Kepler-1532 b,Kepler-1532,Transit,2016.0,Kepler,1.093663559,1.35,2.39,1681.0,5559.0,0.88,0.91,798.246,296.902784,41.1981424
Kepler-1533 b,Kepler-1533,Transit,2016.0,Kepler,308.5471,3.46,11.8,330.0,6431.0,1.51,1.31,966.801,295.9755645,44.7133739
Kepler-1534 b,Kepler-1534,Transit,2016.0,Kepler,5.71668872,1.89,4.23,955.0,5442.0,0.86,0.9,1107.0,292.395373,43.8691326
Kepler-1535 b,Kepler-1535,Transit,2016.0,Kepler,138.9442,2.55,7.04,384.0,6021.0,1.11,1.08,897.733,286.613685,38.8919507
Kepler-1536 b,Kepler-1536,Transit,2016.0,Kepler,364.758031,3.14,10.0,166.0,4434.0,0.67,0.71,387.248,291.5852554,45.7158742
Kepler-1537 b,Kepler-1537,Transit,2016.0,Kepler,1.444453798,1.18,1.76,1800.0,5079.0,0.77,0.81,517.292,294.3853917,43.8254461
Kepler-1538 b,Kepler-1538,Transit,2016.0,Kepler,175.138819,2.82,8.35,346.0,5837.0,1.03,1.03,1125.3,283.345611,45.2743573
Kepler-1539 b,Kepler-1539,Transit,2016.0,Kepler,133.3036741,2.7,7.75,301.0,5176.0,0.8,0.84,748.326,284.2194566,44.2685146
Kepler-154 b,Kepler-154,Transit,2014.0,Kepler,33.040532,2.26,5.73,561.0,5690.0,1.001,0.933,915.212,289.7805393,49.8965624
Kepler-154 c,Kepler-154,Transit,2014.0,Kepler,62.303276,2.95,9.01,454.0,5690.0,1.001,0.933,915.212,289.7805393,49.8965624
Kepler-154 d,Kepler-154,Transit,2016.0,Kepler,20.54981883,3.84,14.1,657.0,5769.0,0.98,0.98,915.212,289.7805393,49.8965624
Kepler-154 e,Kepler-154,Transit,2016.0,Kepler,3.93276465,1.5,2.86,1140.0,5769.0,0.98,0.98,915.212,289.7805393,49.8965624
Kepler-154 f,Kepler-154,Transit,2016.0,Kepler,9.91935684,1.5,2.86,838.0,5769.0,0.98,0.98,915.212,289.7805393,49.8965624
Kepler-1540 b,Kepler-1540,Transit,2016.0,Kepler,125.4131177,2.49,6.76,266.0,4540.0,0.69,0.74,244.96,283.3445555,41.2017544
Kepler-1541 b,Kepler-1541,Transit,2016.0,Kepler,8.40691199,1.16,1.65,1048.0,5282.0,0.81,0.86,416.692,283.7870875,48.0296019
Kepler-1542 b,Kepler-1542,Transit,2016.0,Kepler,3.95116882,0.76,0.363,1160.0,5564.0,0.99,0.94,399.114,285.7284757,42.6544651
Kepler-1542 c,Kepler-1542,Transit,2016.0,Kepler,2.89223021,0.65,0.208,1287.0,5564.0,0.99,0.94,399.114,285.7284757,42.6544651
Kepler-1542 d,Kepler-1542,Transit,2016.0,Kepler,5.99273738,0.87,0.59,1010.0,5564.0,0.99,0.94,399.114,285.7284757,42.6544651
Kepler-1542 e,Kepler-1542,Transit,2016.0,Kepler,5.10115756,0.76,0.363,1065.0,5564.0,0.99,0.94,399.114,285.7284757,42.6544651
Kepler-1543 b,Kepler-1543,Transit,2016.0,Kepler,6.96710269,2.71,7.8,1774.0,6561.0,1.65,1.39,921.784,297.1242915,47.0369876
Kepler-1544 b,Kepler-1544,Transit,2016.0,Kepler,168.811174,1.78,3.82,269.0,4886.0,0.74,0.81,335.09,297.2852168,49.2124526
Kepler-1545 b,Kepler-1545,Transit,2016.0,Kepler,163.692349,2.7,7.75,274.0,5201.0,0.8,0.84,729.964,298.8988313,47.4630696
Kepler-1546 b,Kepler-1546,Transit,2016.0,Kepler,19.5974971,3.13,9.96,671.0,5623.0,0.93,0.95,931.956,297.5839183,41.5411993
Kepler-1547 b,Kepler-1547,Transit,2016.0,Kepler,0.692979676,0.9,0.666,3186.0,6078.0,1.18,1.12,674.695,283.7640396,42.2220992
Kepler-1548 b,Kepler-1548,Transit,2016.0,Kepler,124.828679,2.64,7.46,350.0,5706.0,0.97,0.99,872.279,287.4711817,46.0805706
Kepler-1549 b,Kepler-1549,Transit,2016.0,Kepler,214.886545,2.57,7.13,286.0,5324.0,0.84,0.88,803.052,286.0524399,39.0960281
Kepler-155 b,Kepler-155,Transit,2014.0,Kepler,5.931194,2.09,5.02,614.0,4508.0,0.62,0.635,293.499,288.4957831,51.0819286
Kepler-155 c,Kepler-155,Transit,2014.0,Kepler,52.661793,2.24,5.65,286.0,4508.0,0.62,0.635,293.499,288.4957831,51.0819286
Kepler-1550 b,Kepler-1550,Transit,2016.0,Kepler,225.582809,3.02,9.38,348.0,5991.0,1.11,1.07,1179.01,287.7646113,38.2947076
Kepler-1551 b,Kepler-1551,Transit,2016.0,Kepler,24.4973698,2.66,7.56,722.0,6136.0,1.22,1.14,1463.72,295.7855238,39.9078956
Kepler-1552 b,Kepler-1552,Transit,2016.0,Kepler,184.771853,2.47,6.66,268.0,5202.0,0.78,0.85,769.096,291.6768669,38.8749152
Kepler-1553 b,Kepler-1553,Transit,2016.0,Kepler,4.24261881,1.15,1.6,926.0,5288.0,0.81,0.85,692.594,291.9191348,39.0221769
Kepler-1554 b,Kepler-1554,Transit,2016.0,Kepler,198.088774,2.9,8.75,288.0,5297.0,0.81,0.84,946.847,286.576016,41.7415762
Kepler-1555 b,Kepler-1555,Transit,2016.0,Kepler,8.10501635,1.61,3.22,959.0,5866.0,1.06,1.04,2013.27,287.6354587,45.7160327
Kepler-1556 b,Kepler-1556,Transit,2016.0,Kepler,8.82713457,1.96,4.5,797.0,5608.0,0.95,0.97,944.54,288.3969751,40.2131892
Kepler-1557 b,Kepler-1557,Transit,2016.0,Kepler,3.74032496,1.53,2.96,1287.0,6099.0,1.17,1.11,1380.16,293.8813592,46.8388172
Kepler-1558 b,Kepler-1558,Transit,2016.0,Kepler,3.50470358,0.68,0.244,1019.0,5101.0,0.79,0.83,325.737,286.8194349,46.9117837
Kepler-1559 b,Kepler-1559,Transit,2016.0,Kepler,0.971915428,0.72,0.299,1609.0,5316.0,0.82,0.86,614.827,292.2866565,42.0725948
Kepler-156 b,Kepler-156,Transit,2014.0,Kepler,4.973456,2.3,5.9,867.0,5094.0,0.807,0.864,443.483,290.2964214,37.7494271
Kepler-156 c,Kepler-156,Transit,2014.0,Kepler,15.906801,2.55,7.04,588.0,5094.0,0.807,0.864,443.483,290.2964214,37.7494271
Kepler-1560 b,Kepler-1560,Transit,2016.0,Kepler,3.03195744,0.89,0.64,1269.0,5815.0,1.02,1.02,502.497,292.7846013,43.21601
Kepler-1561 b,Kepler-1561,Transit,2016.0,Kepler,1.005207007,1.09,1.32,1682.0,5957.0,1.11,1.07,839.076,296.9235822,43.5664628
Kepler-1562 b,Kepler-1562,Transit,2016.0,Kepler,64.2737752,3.55,12.3,554.0,5760.0,1.05,1.02,2060.72,294.4556567,46.7435353
Kepler-1563 b,Kepler-1563,Transit,2016.0,Kepler,3.43276598,0.75,0.347,1134.0,5765.0,0.99,1.0,616.697,288.5735936,51.4727698
Kepler-1564 b,Kepler-1564,Transit,2016.0,Kepler,18.0540381,1.47,2.76,635.0,5528.0,0.9,0.93,908.805,290.5861316,46.6427486
Kepler-1565 b,Kepler-1565,Transit,2016.0,Kepler,1.538188437,1.19,1.81,1234.0,4940.0,0.73,0.76,629.93,297.9529793,40.8067876
Kepler-1566 b,Kepler-1566,Transit,2016.0,Kepler,0.539915238,0.79,0.418,1871.0,5254.0,0.81,0.84,466.586,283.5875459,40.5749018
Kepler-1567 b,Kepler-1567,Transit,2016.0,Kepler,153.979578,2.73,7.9,330.0,5655.0,0.93,0.95,1206.11,286.695153,40.2918894
Kepler-1568 b,Kepler-1568,Transit,2016.0,Kepler,20.925392,1.3,2.24,729.0,5956.0,1.19,1.09,916.313,289.1826808,47.8733301
Kepler-1569 b,Kepler-1569,Transit,2016.0,Kepler,5.79180156,1.68,3.46,1222.0,6319.0,1.4,1.25,945.454,292.2046748,37.2212065
Kepler-157 b,Kepler-157,Transit,2014.0,Kepler,1.732342,1.32,2.3,1546.0,5774.0,1.044,0.95,773.713,291.0972257,38.8756049
Kepler-157 c,Kepler-157,Transit,2014.0,Kepler,13.5405,2.24,5.65,779.0,5774.0,1.044,0.95,773.713,291.0972257,38.8756049
Kepler-157 d,Kepler-157,Transit,2016.0,Kepler,7.02573474,1.46,2.73,969.0,5866.0,1.03,1.02,773.713,291.0972257,38.8756049
Kepler-1570 b,Kepler-1570,Transit,2016.0,Kepler,26.548955,1.07,1.24,836.0,5550.0,0.89,0.92,918.995,299.8617842,45.8274232
Kepler-1571 b,Kepler-1571,Transit,2016.0,Kepler,3.38555488,1.52,2.92,1476.0,6297.0,1.39,1.23,675.303,300.9354067,45.5964836
Kepler-1572 b,Kepler-1572,Transit,2016.0,Kepler,5.49548621,0.94,0.779,1293.0,5618.0,0.95,0.97,946.602,281.8973341,46.7227061
Kepler-1573 b,Kepler-1573,Transit,2016.0,Kepler,2.6157554,1.2,1.87,1379.0,5808.0,1.0,1.01,1455.36,292.9883129,49.4849664
Kepler-1574 b,Kepler-1574,Transit,2016.0,Kepler,6.9424334,1.29,2.21,1003.0,5892.0,1.08,1.06,1384.16,292.1586689,49.6377914
Kepler-1575 b,Kepler-1575,Transit,2016.0,Kepler,2.55314213,1.31,2.27,1312.0,5667.0,0.92,0.95,1246.92,293.7432102,45.7615507
Kepler-1576 b,Kepler-1576,Transit,2016.0,Kepler,6.98471973,1.04,1.12,1059.0,5876.0,1.06,1.05,460.91,289.0739641,40.3660239
Kepler-1577 b,Kepler-1577,Transit,2016.0,Kepler,6.30560247,1.13,1.51,1125.0,4862.0,0.74,0.78,510.029,292.9552704,47.5730433
Kepler-1578 b,Kepler-1578,Transit,2016.0,Kepler,1.450886907,1.04,1.12,1700.0,5545.0,0.86,0.9,1064.05,288.3021104,47.7756227
Kepler-1579 b,Kepler-1579,Transit,2016.0,Kepler,0.849907889,0.84,0.52,1139.0,4584.0,0.7,0.75,466.0,293.288022,43.5149061
Kepler-158 b,Kepler-158,Transit,2014.0,Kepler,16.709184,2.12,5.14,500.0,4623.0,0.624,0.655,315.177,284.0323723,39.7815365
Kepler-158 c,Kepler-158,Transit,2014.0,Kepler,28.551383,1.9,4.27,418.0,4623.0,0.624,0.655,315.177,284.0323723,39.7815365
Kepler-158 d,Kepler-158,Transit,2024.0,Kepler,0.645088,0.43,0.0472,,4895.97,0.668,0.656,315.177,284.0323723,39.7815365
Kepler-1580 b,Kepler-1580,Transit,2016.0,Kepler,56.6449279,2.11,5.1,733.0,6228.0,2.15,1.47,1002.02,285.9687099,41.3635264
Kepler-1581 b,Kepler-1581,Transit,2016.0,Kepler,6.28385491,0.8,0.437,1108.0,6022.0,1.23,1.12,493.175,287.3713199,39.6036225
Kepler-1582 b,Kepler-1582,Transit,2016.0,Kepler,4.83817712,1.49,2.83,354.0,3208.0,0.3,0.28,78.8906,289.3765441,41.1580845
Kepler-1583 b,Kepler-1583,Transit,2016.0,Kepler,9.32807355,0.6,0.156,788.0,5645.0,0.91,0.94,403.933,286.3869335,47.0165188
Kepler-1584 b,Kepler-1584,Transit,2016.0,Kepler,13.3997099,1.61,3.22,886.0,6069.0,1.13,1.1,1416.31,287.7626791,43.2743929
Kepler-1585 b,Kepler-1585,Transit,2016.0,Kepler,3.5827463,1.79,3.86,1064.0,5538.0,0.91,0.94,944.465,296.1589897,44.5630457
Kepler-1586 b,Kepler-1586,Transit,2016.0,Kepler,15.6049212,1.52,2.92,1013.0,6681.0,1.75,1.45,552.55,298.2026236,44.9258585
Kepler-1587 b,Kepler-1587,Transit,2016.0,Kepler,9.4060467,1.33,2.33,981.0,5933.0,1.22,1.08,1026.48,292.6777294,49.6638666
Kepler-1588 b,Kepler-1588,Transit,2016.0,Kepler,7.84931739,0.76,0.363,925.0,5817.0,0.99,0.96,924.141,288.2327232,48.0021967
Kepler-1589 b,Kepler-1589,Transit,2016.0,Kepler,0.991665274,1.09,1.32,2102.0,6166.0,1.25,1.18,1513.14,294.4418236,40.5716114
Kepler-159 b,Kepler-159,Transit,2014.0,Kepler,10.139623,2.38,6.26,447.0,4625.0,0.663,0.628,373.744,297.0702037,40.868734
Kepler-159 c,Kepler-159,Transit,2014.0,Kepler,43.595792,3.41,11.5,275.0,4625.0,0.663,0.628,373.744,297.0702037,40.868734
Kepler-1590 b,Kepler-1590,Transit,2016.0,Kepler,7.61760804,1.14,1.55,1020.0,6053.0,1.16,1.11,771.152,291.4079141,48.0178915
Kepler-1591 b,Kepler-1591,Transit,2016.0,Kepler,8.18504949,1.27,2.15,892.0,6082.0,1.16,1.1,1419.58,296.5166659,44.6086233
Kepler-1592 b,Kepler-1592,Transit,2016.0,Kepler,3.05710069,1.54,2.99,1202.0,6213.0,1.28,1.18,1639.47,293.850623,38.3977379
Kepler-1593 b,Kepler-1593,Transit,2016.0,Kepler,174.509835,3.17,10.2,260.0,4995.0,0.77,0.81,638.249,300.4882018,44.4606698
Kepler-1594 b,Kepler-1594,Transit,2016.0,Kepler,2.71603809,1.06,1.2,1360.0,5946.0,1.08,1.06,976.868,293.6230451,47.9619127
Kepler-1595 b,Kepler-1595,Transit,2016.0,Kepler,4.56380468,1.23,2.04,980.0,5203.0,0.8,0.84,845.022,285.7227502,43.0094855
Kepler-1596 b,Kepler-1596,Transit,2016.0,Kepler,66.373379,1.9,4.27,471.0,5706.0,0.92,0.95,2146.23,285.5575066,49.3300866
Kepler-1597 b,Kepler-1597,Transit,2016.0,Kepler,2.94654179,1.06,1.2,1497.0,6377.0,1.39,1.25,1221.05,288.1639687,42.4810124
Kepler-1598 b,Kepler-1598,Transit,2016.0,Kepler,4.34195123,0.95,0.809,1236.0,5940.0,1.09,1.07,619.862,288.469107,46.7836464
Kepler-1599 b,Kepler-1599,Transit,2016.0,Kepler,122.363553,1.62,3.26,407.0,5767.0,0.99,0.99,1328.2,286.2208685,41.1511886
Kepler-16 b,Kepler-16,Transit,2011.0,Kepler,228.776,8.4493,105.833,,4450.0,0.6489,0.6897,75.0852,289.0758307,51.757229
Kepler-160 b,Kepler-160,Transit,2014.0,Kepler,4.309397,1.715,3.59,1134.0,5471.0,1.118,1.003,937.013,287.773573,42.8692755
Kepler-160 c,Kepler-160,Transit,2014.0,Kepler,13.699429,3.76,13.6,771.0,5471.0,1.118,1.003,937.013,287.773573,42.8692755
Kepler-160 d,Kepler-160,Transit Timing Variations,2020.0,Kepler,30.0,,100.0,,5471.0,1.118,1.003,937.013,287.773573,42.8692755
Kepler-1600 b,Kepler-1600,Transit,2016.0,Kepler,386.370548,3.13,9.96,209.0,5214.0,0.82,0.86,1030.81,291.3993802,38.7877563
Kepler-1600 c,Kepler-1600,Transit,2021.0,Kepler,7.298049927,1.94206512,4.43,786.0,5119.0,0.834,0.818,1030.81,291.3993802,38.7877563
Kepler-1601 b,Kepler-1601,Transit,2016.0,Kepler,2.20921951,0.82,0.477,1507.0,5869.0,1.07,1.04,644.456,285.5129496,38.079839
Kepler-1602 b,Kepler-1602,Transit,2016.0,Kepler,11.17931605,1.34,2.36,1159.0,6296.0,1.36,1.22,629.804,293.5808607,40.4275396
Kepler-1603 b,Kepler-1603,Transit,2016.0,Kepler,2.27163926,1.29,2.21,1522.0,6241.0,1.31,1.21,2712.58,295.3298254,42.5349698
Kepler-1604 b,Kepler-1604,Transit,2016.0,Kepler,0.683684256,1.41,2.57,2023.0,4976.0,0.76,0.81,541.189,285.4106549,44.4122318
Kepler-1605 b,Kepler-1605,Transit,2016.0,Kepler,85.7565495,1.08,1.28,528.0,5280.0,0.82,0.86,546.23,287.1349405,47.4886251
Kepler-1606 b,Kepler-1606,Transit,2016.0,Kepler,196.435224,2.07,4.94,324.0,5422.0,0.86,0.9,831.287,286.3782987,43.0732287
Kepler-1607 b,Kepler-1607,Transit,2016.0,Kepler,13.6473676,0.92,0.721,913.0,6116.0,1.21,1.14,1286.1,296.0598685,42.6560582
Kepler-1608 b,Kepler-1608,Transit,2016.0,Kepler,16.4735686,1.73,3.64,612.0,4992.0,0.72,0.75,832.0,295.563555,39.41757
Kepler-1609 b,Kepler-1609,Transit,2016.0,Kepler,114.34219,2.22,5.56,429.0,6132.0,1.27,1.18,1826.04,290.1465356,39.6658026
Kepler-161 b,Kepler-161,Transit,2014.0,Kepler,4.921355,2.12,2.63,868.0,5078.0,0.806,0.853,434.632,290.5164698,43.0838642
Kepler-161 c,Kepler-161,Transit,2014.0,Kepler,7.06424,2.05,3.61,769.0,5078.0,0.806,0.853,434.632,290.5164698,43.0838642
Kepler-1610 b,Kepler-1610,Transit,2016.0,Kepler,8.70181574,1.61,3.22,750.0,5383.0,0.87,0.91,864.331,295.9049795,45.4054296
Kepler-1610 c,Kepler-1610,Transit,2023.0,Kepler,44.9851885,2.09,5.02,433.0,5295.0,0.8,0.825,864.331,295.9049795,45.4054296
Kepler-1611 b,Kepler-1611,Transit,2016.0,Kepler,5.1762429,0.81,0.457,1243.0,5605.0,0.93,0.94,908.444,296.5120204,49.7277506
Kepler-1612 b,Kepler-1612,Transit,2016.0,Kepler,3.91795101,1.03,1.08,1030.0,5643.0,0.94,0.96,764.726,291.2503022,45.6550536
Kepler-1613 b,Kepler-1613,Transit,2016.0,Kepler,1.5184299,2.08,4.98,1926.0,6005.0,1.12,1.08,1508.33,289.8750066,43.4209318
Kepler-1614 b,Kepler-1614,Transit,2016.0,Kepler,3.9466141,1.49,2.83,981.0,5121.0,0.76,0.79,1191.19,284.8713893,49.7758867
Kepler-1615 b,Kepler-1615,Transit,2016.0,Kepler,47.3126192,2.06,4.9,658.0,5865.0,1.05,1.04,1393.83,286.3592066,42.2273971
Kepler-1616 b,Kepler-1616,Transit,2016.0,Kepler,6.76284377,1.02,1.04,1337.0,6266.0,1.34,1.21,1137.81,286.5436691,45.3048716
Kepler-1617 b,Kepler-1617,Transit,2016.0,Kepler,27.4785572,1.2,1.87,736.0,6167.0,1.22,1.15,898.31,287.9371747,46.4184781
Kepler-1618 b,Kepler-1618,Transit,2016.0,Kepler,6.10826019,1.26,2.13,1267.0,6620.0,1.65,1.41,1229.25,295.1753619,45.9308594
Kepler-1619 b,Kepler-1619,Transit,2016.0,Kepler,23.6225913,0.76,0.363,797.0,5852.0,1.0,1.0,734.85,285.703595,44.4221528
Kepler-162 b,Kepler-162,Transit,2014.0,Kepler,6.919798,1.26,2.13,961.0,5816.0,0.958,1.053,855.641,297.2789115,43.7239693
Kepler-162 c,Kepler-162,Transit,2014.0,Kepler,19.446355,3.03,9.43,681.0,5816.0,0.958,1.053,855.641,297.2789115,43.7239693
Kepler-1620 b,Kepler-1620,Transit,2016.0,Kepler,101.951829,1.61,3.22,428.0,6157.0,1.23,1.15,895.069,297.2709026,46.9284743
Kepler-1621 b,Kepler-1621,Transit,2016.0,Kepler,92.263714,2.16,5.31,469.0,6158.0,1.24,1.15,1631.66,297.5885341,43.8411937
Kepler-1622 b,Kepler-1622,Transit,2016.0,Kepler,10.8118737,1.47,2.76,922.0,6436.0,1.5,1.31,796.477,297.3288329,47.815459
Kepler-1623 b,Kepler-1623,Transit,2016.0,Kepler,4.36128348,1.31,2.27,1000.0,5772.0,1.0,1.0,837.481,294.082697,39.5560655
Kepler-1624 b,Kepler-1624,Transit,2016.0,Kepler,3.290314,6.59,35.3,540.0,3768.0,0.552,0.541,258.979,292.5798564,37.3762616
Kepler-1625 b,Kepler-1625,Transit,2016.0,Kepler,287.378949,6.06,30.6,350.0,5677.0,0.94,0.96,2310.11,295.429322,39.8865068
Kepler-1626 b,Kepler-1626,Transit,2016.0,Kepler,4.13962966,2.02,4.74,1352.0,6826.0,1.85,1.51,1368.83,296.5004384,40.7212069
Kepler-1627 b,Kepler-1627,Transit,2016.0,Kepler,7.20283653,3.69,13.2,794.0,5445.0,0.84,0.87,317.437,284.0566675,41.5767277
Kepler-1628 b,Kepler-1628,Transit,2016.0,Kepler,76.378033,6.43,33.8,240.0,3724.0,0.52,0.55,352.0,281.6336936,43.4115547
Kepler-1629 b,Kepler-1629,Transit,2016.0,Kepler,3.87595807,0.77,0.381,1081.0,5776.0,1.01,1.01,336.09,280.2066276,43.7743281
Kepler-163 b,Kepler-163,Transit,2014.0,Kepler,7.810937,1.05,1.16,906.0,5776.0,0.917,0.882,689.814,295.0027458,46.9873389
Kepler-163 c,Kepler-163,Transit,2014.0,Kepler,21.347262,2.26,5.73,648.0,5776.0,0.917,0.882,689.814,295.0027458,46.9873389
Kepler-1630 b,Kepler-1630,Transit,2016.0,Kepler,509.997402,2.19,5.43,182.0,4736.0,0.63,0.66,331.213,297.5083004,43.7110543
Kepler-1631 b,Kepler-1631,Transit,2016.0,Kepler,4.09513932,1.35,2.39,1122.0,5679.0,0.95,0.97,1305.99,294.6325781,43.8076687
Kepler-1632 b,Kepler-1632,Transit,2016.0,Kepler,448.303558,2.47,6.66,369.0,6137.0,1.19,1.12,716.76,294.4948769,43.9135575
Kepler-1633 b,Kepler-1633,Transit,2016.0,Kepler,186.404271,1.58,3.12,925.0,6256.0,1.32,1.2,1114.91,288.5151733,44.9232545
Kepler-1634 b,Kepler-1634,Transit,2016.0,Kepler,374.876239,3.19,10.3,282.0,5474.0,0.89,0.92,617.339,294.043399,45.1398201
Kepler-1635 b,Kepler-1635,Transit,2016.0,Kepler,469.63111,3.64,12.9,200.0,5347.0,0.85,0.89,1069.45,285.3490542,45.5561768
Kepler-1636 b,Kepler-1636,Transit,2016.0,Kepler,425.47785,3.23,10.5,248.0,5797.0,1.02,1.01,1947.54,294.0575681,46.4409844
Kepler-1637 b,Kepler-1637,Transit,2016.0,Kepler,6.10960324,0.89,0.64,1093.0,5789.0,1.02,1.02,567.187,282.2368006,48.1542016
Kepler-1638 b,Kepler-1638,Transit,2016.0,Kepler,259.33683,1.87,4.16,304.0,5710.0,0.95,0.97,1525.52,295.4823299,48.5244695
Kepler-1639 b,Kepler-1639,Transit,2016.0,Kepler,9.878482,2.58,7.18,1003.0,6150.0,1.18,1.12,1031.31,283.068651,48.8021209
Kepler-164 b,Kepler-164,Transit,2014.0,Kepler,5.03503,1.41,2.57,1141.0,5888.0,1.148,1.036,890.758,287.7808115,47.6298453
Kepler-164 c,Kepler-164,Transit,2014.0,Kepler,10.945723,2.73,7.9,881.0,5888.0,1.148,1.036,890.758,287.7808115,47.6298453
Kepler-164 d,Kepler-164,Transit,2014.0,Kepler,28.986769,2.45,6.57,637.0,5888.0,1.148,1.036,890.758,287.7808115,47.6298453
Kepler-164 e,Kepler-164,Transit,2023.0,Kepler,94.886902,4.24,16.7,429.0,5888.0,1.097,0.966,890.758,287.7808115,47.6298453
Kepler-1640 b,Kepler-1640,Transit,2016.0,Kepler,7.5844126,4.82,20.7,1228.0,6324.0,1.43,1.27,1859.78,294.5577857,40.8504949
Kepler-1641 b,Kepler-1641,Transit,2016.0,Kepler,19.672266,3.11,9.85,908.0,6152.0,1.19,1.12,860.37,296.359456,41.5745321
Kepler-1641 c,Kepler-1641,Transit,2016.0,Kepler,32.657212,2.95,9.01,767.0,6152.0,1.19,1.12,860.37,296.359456,41.5745321
Kepler-1642 b,Kepler-1642,Transit,2016.0,Kepler,12.2057513,3.2,10.3,895.0,5355.0,0.84,0.88,413.873,297.2121215,43.643789
Kepler-1642 c,Kepler-1642,Transit,2016.0,Kepler,6.6513802,2.66,7.56,1095.0,5355.0,0.84,0.88,413.873,297.2121215,43.643789
Kepler-1643 b,Kepler-1643,Transit,2016.0,Kepler,5.342657,2.32,5.99,799.0,4916.0,0.855,0.845,341.774,300.4310076,44.7510129
Kepler-1644 b,Kepler-1644,Transit,2016.0,Kepler,21.0907758,1.88,4.19,606.0,5499.0,0.86,0.89,629.27,285.4750512,48.0348356
Kepler-1645 b,Kepler-1645,Transit,2016.0,Kepler,16.1779561,1.78,3.82,754.0,5812.0,1.02,1.02,1202.47,297.4795142,48.418582
Kepler-1646 b,Kepler-1646,Transit,2016.0,Kepler,4.48558383,1.23,2.04,365.0,3299.0,0.26,0.24,127.591,287.5264859,42.9129356
Kepler-1647 b,Kepler-1647,Transit,2016.0,Kepler,1107.5923,11.8739,483.0,,6210.0,1.7903,1.2207,1212.45,298.150057,40.6561751
Kepler-1649 b,Kepler-1649,Transit,2017.0,Kepler,8.689099,1.017,1.03,307.0,3240.0,0.2317,0.1977,92.1913,292.5029676,41.8299933
Kepler-1649 c,Kepler-1649,Transit,2020.0,Kepler,19.53527,1.06,1.2,234.0,3240.0,0.2317,0.1977,92.1913,292.5029676,41.8299933
Kepler-165 b,Kepler-165,Transit,2014.0,Kepler,8.180848,2.32,5.99,716.0,5211.0,0.77,0.746,560.885,280.69092,47.8096702
Kepler-165 c,Kepler-165,Transit,2014.0,Kepler,15.31299,2.23,5.6,581.0,5211.0,0.77,0.746,560.885,280.69092,47.8096702
Kepler-1650 b,Kepler-1650,Transit,2017.0,Kepler,1.53818001,0.96,0.84,602.0,3410.0,0.334,0.326,134.397,297.7292296,42.8666919
Kepler-1651 b,Kepler-1651,Transit,2017.0,Kepler,9.87863917,1.84,4.04,393.0,3713.0,0.503,0.522,66.4074,283.6282602,48.3908081
Kepler-1652 b,Kepler-1652,Transit,2017.0,Kepler,38.09722,1.6,3.19,268.0,3638.0,0.382,0.404,252.0,294.3660313,49.9150219
Kepler-1653 b,Kepler-1653,Transit,2017.0,Kepler,140.2524,2.17,5.35,284.0,4807.0,0.693,0.719,755.0,296.457702,41.266021
Kepler-1654 b,Kepler-1654,Transit,2018.0,Kepler,1047.8356,9.180171,158.915,206.0,5597.0,1.179,1.011,568.117,282.1856949,44.4344617
Kepler-1655 b,Kepler-1655,Transit,2018.0,Kepler,11.8728787,2.213,5.4,938.0,6148.0,1.03,1.03,213.26,286.6895986,39.2120802
Kepler-1656 b,Kepler-1656,Transit,2018.0,Kepler,31.562,4.574,47.8,651.0,5569.0,1.1,1.03,185.875,284.4722473,39.911889
Kepler-1656 c,Kepler-1656,Radial Velocity,2022.0,W. M. Keck Observatory,1919.0,14.0,126.4,,5569.0,1.1,1.03,185.875,284.4722473,39.911889
Kepler-166 b,Kepler-166,Transit,2014.0,Kepler,7.650254,2.27,5.77,772.0,5413.0,0.742,0.811,603.53,293.1600977,48.8812074
Kepler-166 c,Kepler-166,Transit,2014.0,Kepler,34.260281,2.38,6.26,468.0,5413.0,0.742,0.811,603.53,293.1600977,48.8812074
Kepler-166 d,Kepler-166,Transit,2016.0,Kepler,1.554003928,1.73,3.64,1313.0,5350.0,0.83,0.88,603.53,293.1600977,48.8812074
Kepler-1660 AB b,Kepler-1660 A,Eclipse Timing Variations,2023.0,Kepler,239.5044,12.9,1586.59940774,,6305.24,1.491,1.1366,1188.54,290.5519537,40.2350445
Kepler-1661 b,Kepler-1661,Transit,2020.0,Kepler,175.06,3.87,17.0,243.0,5100.0,0.762,0.841,410.607,285.1670927,41.9669383
Kepler-1663 b,Kepler-1663,Transit,2020.0,Kepler,17.6046,3.30395896,10.9,362.0,3844.0,0.62859,0.610816,337.926,290.4015156,48.8227234
Kepler-1664 b,Kepler-1664,Transit,2020.0,Kepler,14.3868,3.03320653,9.45,776.0,5735.81,1.072,0.944,626.691,286.8527157,49.2616668
Kepler-1665 b,Kepler-1665,Transit,2020.0,Kepler,11.9548,2.83910787,8.44,906.0,5049.84,0.777785,0.842,335.515,290.39624,41.0399229
Kepler-1666 b,Kepler-1666,Transit,2020.0,Kepler,25.8476,2.88273782,8.66,672.0,6293.0,1.14586,1.23,1379.37,297.9516071,46.2647024
Kepler-1666 c,Kepler-1666,Transit,2020.0,Kepler,40.7157,3.23564749,10.5,578.0,6293.0,1.14586,1.23,1379.37,297.9516071,46.2647024
Kepler-1667 b,Kepler-1667,Transit,2020.0,Kepler,83.5781,2.98385261,9.19,655.0,5941.54,1.08751,1.09,626.819,283.5329505,48.0943604
Kepler-1668 b,Kepler-1668,Transit,2020.0,Kepler,15.434,4.34764405,17.4,721.0,5542.0,1.01738,0.98,1335.64,297.3523076,46.0959309
Kepler-1669 b,Kepler-1669,Transit,2020.0,Kepler,9.51216,2.78043818,8.15,530.0,4303.0,0.714145,0.67,543.444,297.4303826,39.8478795
Kepler-1669 c,Kepler-1669,Transit,2021.0,Kepler,1.609320045,1.90120972,4.27,958.0,4224.0,0.603,0.609,543.444,297.4303826,39.8478795
Kepler-1669 d,Kepler-1669,Transit,2023.0,Kepler,4.72941177,1.22,1.98,669.0,4224.0,0.603,0.609,543.444,297.4303826,39.8478795
Kepler-167 b,Kepler-167,Transit,2014.0,Kepler,4.3931539,1.718,3.6,918.0,4884.0,0.749,0.777,341.908,292.6585253,38.3455558
Kepler-167 c,Kepler-167,Transit,2014.0,Kepler,7.406106,1.674,3.44,771.0,4884.0,0.749,0.777,341.908,292.6585253,38.3455558
Kepler-167 d,Kepler-167,Transit,2016.0,Kepler,21.80379,1.238,2.06,538.0,4884.0,0.749,0.777,341.908,292.6585253,38.3455558
Kepler-167 e,Kepler-167,Transit,2016.0,Kepler,1071.23205,10.16,321.00669107,134.4,4884.0,0.749,0.777,341.908,292.6585253,38.3455558
Kepler-1670 b,Kepler-1670,Transit,2020.0,Kepler,20.4998,3.3564801,11.2,731.0,5838.0,1.51889,1.05,2065.98,290.3264599,43.121755
Kepler-1671 b,Kepler-1671,Transit,2020.0,Kepler,4.16787,1.32557381,2.32,962.0,5135.55,0.929771,0.866,357.059,291.7484295,39.4467817
Kepler-1672 b,Kepler-1672,Transit,2020.0,Kepler,150.878,2.97022762,9.11,423.0,6131.95,1.08841,1.16,391.181,297.9400971,40.2785566
Kepler-1673 b,Kepler-1673,Transit,2020.0,Kepler,33.7888,2.9355194,8.93,611.0,6014.95,1.13166,1.11,727.187,285.6671724,48.7195865
Kepler-1674 b,Kepler-1674,Transit,2020.0,Kepler,62.5611,3.2057749,10.4,417.0,5473.91,0.877273,0.96,1012.48,294.8160447,45.3060844
Kepler-1675 b,Kepler-1675,Transit,2020.0,Kepler,63.0382,3.12483349,9.93,465.0,5853.19,1.12865,1.06,651.117,283.8095478,41.0412517
Kepler-1676 b,Kepler-1676,Transit,2020.0,Kepler,29.9221,3.3769596,11.3,782.0,5878.3,1.06066,1.07,,287.2368778,43.5671665
Kepler-1677 b,Kepler-1677,Transit,2020.0,Kepler,22.064,2.70216183,7.76,712.0,6013.72,1.24959,1.11,735.369,298.493273,47.0130566
Kepler-1678 b,Kepler-1678,Transit,2020.0,Kepler,147.974,3.30422249,10.9,329.0,5754.0,0.834976,1.03,847.339,292.5916297,38.3995629
Kepler-1679 b,Kepler-1679,Transit,2020.0,Kepler,9.75376,2.0692036,4.93,813.0,5501.0,0.873196,0.96,909.28,293.9005786,50.4270507
Kepler-168 b,Kepler-168,Transit,2014.0,Kepler,4.425391,1.46,2.73,1240.0,6282.0,1.107,1.113,1343.6,294.7101832,39.8250437
Kepler-168 c,Kepler-168,Transit,2014.0,Kepler,13.193242,2.69,7.7,862.0,6282.0,1.107,1.113,1343.6,294.7101832,39.8250437
Kepler-1680 b,Kepler-1680,Transit,2020.0,Kepler,8.77424,1.35954736,2.42,771.0,5021.0,0.723259,0.834,310.315,297.0746571,39.9338893
Kepler-1681 b,Kepler-1681,Transit,2020.0,Kepler,69.8956,2.55321772,7.05,442.0,5756.4,0.759,0.893,758.3,296.6972773,46.3716969
Kepler-1682 b,Kepler-1682,Transit,2020.0,Kepler,14.8334,2.88940836,8.7,694.0,5619.12,0.842301,0.99,1159.85,293.9835827,39.5728474
Kepler-1683 b,Kepler-1683,Transit,2020.0,Kepler,15.0337,1.87477762,4.17,669.0,5429.0,0.900327,0.95,733.143,298.4501035,44.2840193
Kepler-1684 b,Kepler-1684,Transit,2020.0,Kepler,47.7055,2.87084792,8.6,347.0,4706.54,0.666755,0.75,621.996,294.0054181,46.3106625
Kepler-1685 b,Kepler-1685,Transit,2020.0,Kepler,20.4905,2.57673985,7.16,625.0,5484.0,0.835451,0.96,1141.89,296.1882618,43.9368118
Kepler-1686 b,Kepler-1686,Transit,2020.0,Kepler,9.30987,1.42553017,2.62,913.0,5714.96,1.19951,1.02,729.823,291.6067189,42.0359783
Kepler-1687 b,Kepler-1687,Transit,2020.0,Kepler,5.77954,1.65623882,3.38,598.0,4132.0,0.726119,0.65,417.014,289.7428363,50.7870626
Kepler-1688 b,Kepler-1688,Transit,2020.0,Kepler,5.62012,1.26174569,2.13,772.0,4632.11,0.746,0.814,567.44687087,289.5530051,41.2978532
Kepler-1689 b,Kepler-1689,Transit,2020.0,Kepler,8.483,0.94678642,0.799,879.0,5731.43,0.996208,1.023,294.122,291.5741663,38.6559433
Kepler-169 b,Kepler-169,Transit,2014.0,Kepler,3.250619,1.13,1.51,962.0,4997.0,0.763,0.825,406.529,285.9999204,40.9193822
Kepler-169 c,Kepler-169,Transit,2014.0,Kepler,6.195469,1.21,1.92,776.0,4997.0,0.763,0.825,406.529,285.9999204,40.9193822
Kepler-169 d,Kepler-169,Transit,2014.0,Kepler,8.348125,1.25,2.1,702.0,4997.0,0.763,0.825,406.529,285.9999204,40.9193822
Kepler-169 e,Kepler-169,Transit,2014.0,Kepler,13.767102,2.2,5.48,595.0,4997.0,0.763,0.825,406.529,285.9999204,40.9193822
Kepler-169 f,Kepler-169,Transit,2014.0,Kepler,87.090195,2.58,7.18,321.0,4997.0,0.763,0.825,406.529,285.9999204,40.9193822
Kepler-1690 b,Kepler-1690,Transit,2020.0,Kepler,234.636,2.81109223,8.3,267.0,5404.0,0.862346,0.94,703.789,288.1566649,41.8779417
Kepler-1691 b,Kepler-1691,Transit,2020.0,Kepler,3.8482,1.83470985,4.02,1283.0,6000.0,1.13152,1.11,1267.67,286.2543962,41.0218373
Kepler-1692 b,Kepler-1692,Transit,2020.0,Kepler,5.95966,1.11177184,1.42,897.0,5146.0,0.866139,0.87,591.019,286.9241804,47.0537092
Kepler-1693 b,Kepler-1693,Transit,2020.0,Kepler,12.0999,1.28938413,2.21,807.0,5432.34,0.878295,0.95,760.065,290.2015581,48.1857799
Kepler-1693 c,Kepler-1693,Transit,2021.0,Kepler,5.363709927,0.97698289,0.894,1059.0,5553.0,1.098,0.941,760.065,290.2015581,48.1857799
Kepler-1694 b,Kepler-1694,Transit,2020.0,Kepler,3.89526,1.17986031,1.76,956.0,4954.0,0.756284,0.82,513.329,293.7936339,40.241023
Kepler-1695 b,Kepler-1695,Transit,2020.0,Kepler,4.7329,1.11948901,1.46,957.0,5473.19,0.987155,0.96,791.175,293.6193001,46.4134015
Kepler-1696 b,Kepler-1696,Transit,2020.0,Kepler,65.9409,2.80982017,8.29,454.0,5712.0,1.19811,1.02,1506.36,295.5761011,42.0233639
Kepler-1697 b,Kepler-1697,Transit,2020.0,Kepler,33.4969,1.25954761,2.12,630.0,4681.53,0.772344,0.747,247.771,287.663331,43.4713782
Kepler-1698 b,Kepler-1698,Transit,2020.0,Kepler,1.2107,1.07315686,1.25,1351.0,4975.03,0.741698,0.822,222.345,293.3450181,39.2577469
Kepler-1699 b,Kepler-1699,Transit,2020.0,Kepler,3.49082,1.56671124,3.08,1010.0,5575.53,0.725,0.81,818.759,292.1373281,48.9171579
Kepler-17 b,Kepler-17,Transit,2011.0,Kepler,1.4857108,14.68,778.65,1570.0,5781.0,1.01034,1.04,720.753,298.3952437,47.8149865
Kepler-170 b,Kepler-170,Transit,2014.0,Kepler,7.930592,3.2,82.6,899.0,5679.0,1.035,1.066,738.657,284.5211975,41.6296562
Kepler-170 c,Kepler-170,Transit,2014.0,Kepler,16.665863,2.86,8.55,702.0,5679.0,1.035,1.066,738.657,284.5211975,41.6296562
Kepler-1700 b,Kepler-1700,Transit,2020.0,Kepler,234.239,2.90129941,8.76,329.0,6031.0,1.0937,1.12,717.597,286.9497376,45.3537626
Kepler-1701 b,Kepler-1701,Transit,2020.0,Kepler,169.134,2.22186207,5.57,273.0,5146.0,0.840217,0.87,584.142,286.6088625,41.8892986
Kepler-1702 b,Kepler-1702,Transit,2020.0,Kepler,18.5012,1.60190793,3.2,555.0,5093.0,0.725742,0.85,857.14,284.9724842,44.5674794
Kepler-1704 b,Kepler-1704,Transit,2021.0,Kepler,988.88112,11.94877343,1322.16617312,253.8,5746.0,1.697,1.132,835.455,291.2012559,51.1442437
Kepler-1705 b,Kepler-1705,Transit,2021.0,Kepler,9.03502,2.03,4.47,789.0,6312.0,1.259,1.139,1633.49,301.5785316,44.3121639
Kepler-1705 c,Kepler-1705,Transit,2021.0,Kepler,11.28,2.05,5.42,,6312.0,1.259,1.139,1633.49,301.5785316,44.3121639
Kepler-1708 b,Kepler-1708,Transit,2021.0,Kepler,737.1131,9.96,1462.0106722,,6157.0,1.117,1.088,1666.69,296.8241065,43.6248197
Kepler-1709 b,Kepler-1709,Transit,2021.0,Kepler,65.70459747,3.12424875,9.93,472.0,5918.0,1.043,1.003,273.946,283.3748873,43.7883708
Kepler-171 b,Kepler-171,Transit,2014.0,Kepler,4.166972,2.34,6.08,1053.0,5642.0,0.839,0.978,863.855,296.7719082,41.7555958
Kepler-171 c,Kepler-171,Transit,2014.0,Kepler,11.463462,2.56,7.08,752.0,5642.0,0.839,0.978,863.855,296.7719082,41.7555958
Kepler-171 d,Kepler-171,Transit,2014.0,Kepler,39.595519,1.89,4.23,497.0,5642.0,0.839,0.978,863.855,296.7719082,41.7555958
Kepler-1710 b,Kepler-1710,Transit,2021.0,Kepler,14.91110039,3.19744103,3.49494179,694.0,5650.0,0.899,0.932,305.193,291.6832878,37.7514726
Kepler-1711 b,Kepler-1711,Transit,2021.0,Kepler,21.06080055,1.923,4.36,669.0,5706.0,1.034,0.94,590.268,298.1772916,42.2370289
Kepler-1712 b,Kepler-1712,Transit,2021.0,Kepler,13.81499958,2.28372556,5.83,391.0,3732.0,0.509,0.515,156.264,284.998698,50.1466922
Kepler-1713 b,Kepler-1713,Transit,2021.0,Kepler,18.01160049,1.71673535,3.59,900.0,6477.0,1.459,1.3,295.293,287.3456737,43.3783894
Kepler-1714 b,Kepler-1714,Transit,2021.0,Kepler,10.27530003,3.26437302,10.7,1211.0,6150.0,2.086,1.448,409.46,293.7164655,46.2266878
Kepler-1715 b,Kepler-1715,Transit,2021.0,Kepler,35.59730148,4.14042267,16.0,646.0,6212.0,1.209,1.082,522.605,293.9297337,41.6029048
Kepler-1716 b,Kepler-1716,Transit,2021.0,Kepler,35.58100128,2.4247685,6.46,408.0,4894.0,0.684,0.753,195.439,297.2717207,43.3330644
Kepler-1717 b,Kepler-1717,Transit,2021.0,Kepler,30.65279961,2.98929758,9.21,780.0,6200.0,1.64,1.158,1008.79,295.2126472,49.56216
Kepler-1718 b,Kepler-1718,Transit,2021.0,Kepler,135.1880035,2.5685207,7.12,345.0,5731.0,0.906,0.846,375.522,292.2349191,42.9094618
Kepler-1719 b,Kepler-1719,Transit,2021.0,Kepler,6.149559975,3.95000623,14.8,1287.0,5687.0,1.775,1.08,905.406,284.7068546,38.9367566
Kepler-172 b,Kepler-172,Transit,2014.0,Kepler,2.940309,2.35,6.12,1256.0,5526.0,1.085,1.081,828.592,283.3684093,41.821839
Kepler-172 c,Kepler-172,Transit,2014.0,Kepler,6.388996,2.86,8.55,970.0,5526.0,1.085,1.081,828.592,283.3684093,41.821839
Kepler-172 d,Kepler-172,Transit,2014.0,Kepler,14.627119,2.25,5.69,736.0,5526.0,1.085,1.081,828.592,283.3684093,41.821839
Kepler-172 e,Kepler-172,Transit,2014.0,Kepler,35.118736,2.76,8.05,550.0,5526.0,1.085,1.081,828.592,283.3684093,41.821839
Kepler-1720 b,Kepler-1720,Transit,2021.0,Kepler,12.70639992,3.21585295,10.4,697.0,5573.0,0.839,0.939,629.445,296.8086813,47.1718557
Kepler-1721 b,Kepler-1721,Transit,2021.0,Kepler,4.592380047,3.11856756,9.9,924.0,5351.0,0.796,0.89,641.374,283.5441984,45.2256548
Kepler-1722 b,Kepler-1722,Transit,2021.0,Kepler,9.178569794,2.86719266,8.58,753.0,5506.0,0.788,0.876,772.283,296.6627402,41.2611985
Kepler-1723 b,Kepler-1723,Transit,2021.0,Kepler,39.75289917,2.88046569,8.65,568.0,6072.0,1.01,0.96,811.278,294.4627362,46.8214022
Kepler-1724 b,Kepler-1724,Transit,2021.0,Kepler,6.45442009,2.83677238,8.43,999.0,6092.0,0.943,1.016,1060.77,296.1207272,47.9214736
Kepler-1725 b,Kepler-1725,Transit,2021.0,Kepler,16.71990013,2.8125177,8.31,767.0,6020.0,1.085,1.049,558.652,294.3735518,40.1946345
Kepler-1726 b,Kepler-1726,Transit,2021.0,Kepler,18.39629936,2.50861954,6.84,582.0,5316.0,0.804,0.876,390.552,284.3861498,45.7197342
Kepler-1727 b,Kepler-1727,Transit,2021.0,Kepler,9.029299736,3.17321625,10.2,757.0,5349.0,0.82,0.824,894.187,290.3336142,38.7282722
Kepler-1728 b,Kepler-1728,Transit,2021.0,Kepler,4.782999992,2.95501875,9.04,886.0,5170.0,0.807,0.891,651.783,287.0940046,39.0607801
Kepler-1729 b,Kepler-1729,Transit,2021.0,Kepler,4.220970154,3.89404186,14.4,595.0,3837.0,0.517,0.544,576.181,296.6939428,42.6261145
Kepler-173 b,Kepler-173,Transit,2014.0,Kepler,4.263742,1.29,2.21,1179.0,6031.0,0.949,1.067,833.165,294.6466171,41.8840952
Kepler-173 c,Kepler-173,Transit,2014.0,Kepler,8.005777,2.43,6.48,956.0,6031.0,0.949,1.067,833.165,294.6466171,41.8840952
Kepler-1730 b,Kepler-1730,Transit,2021.0,Kepler,13.81019974,4.48524519,18.4,833.0,5942.0,1.142,1.009,1427.08,281.9605834,43.7030386
Kepler-1731 b,Kepler-1731,Transit,2021.0,Kepler,21.76129913,2.93295657,8.92,486.0,4859.0,0.72,0.781,169.948,291.2544229,36.7434302
Kepler-1732 b,Kepler-1732,Transit,2021.0,Kepler,32.31240082,4.09903273,15.7,699.0,5821.0,1.494,1.043,1289.41,292.2910129,37.5807686
Kepler-1733 b,Kepler-1733,Transit,2021.0,Kepler,9.229579926,3.63582354,12.8,1021.0,6320.0,1.252,1.273,2080.51,291.1384628,37.8592447
Kepler-1734 b,Kepler-1734,Transit,2021.0,Kepler,6.796850204,3.08851092,9.74,985.0,6061.0,0.97,1.05,1482.83,294.163167,41.4517316
Kepler-1735 b,Kepler-1735,Transit,2021.0,Kepler,7.71792984,1.19429134,1.84,502.0,3975.0,0.509,0.535,245.303,281.0503476,47.1882005
Kepler-1736 b,Kepler-1736,Transit,2021.0,Kepler,37.81029892,3.8765856,14.3,566.0,6085.0,0.973,0.976,1430.0,289.7766991,38.2622374
Kepler-1737 b,Kepler-1737,Transit,2021.0,Kepler,64.61750031,5.395,25.1,383.0,5043.0,0.881,0.834,,297.0148111,47.486417
Kepler-1738 b,Kepler-1738,Transit,2021.0,Kepler,7.674630165,2.82472883,8.37,957.0,6063.0,1.001,1.079,1302.87,296.1313474,47.4388098
Kepler-1739 b,Kepler-1739,Transit,2021.0,Kepler,7.343709946,2.43056832,6.48,839.0,5757.0,0.762,0.865,783.666,296.2320536,47.6788626
Kepler-174 b,Kepler-174,Transit,2014.0,Kepler,13.98179,1.96,4.5,553.0,4880.0,0.622,0.602,384.757,287.4389454,43.8320052
Kepler-174 c,Kepler-174,Transit,2014.0,Kepler,44.000529,1.49,2.83,377.0,4880.0,0.622,0.602,384.757,287.4389454,43.8320052
Kepler-174 d,Kepler-174,Transit,2014.0,Kepler,247.35373,2.19,5.43,212.0,4880.0,0.622,0.602,384.757,287.4389454,43.8320052
Kepler-1740 b,Kepler-1740,Transit,2021.0,Kepler,8.172400475,3.32321414,11.0,858.0,5705.0,0.905,0.943,1061.77,293.873663,38.9224548
Kepler-1741 b,Kepler-1741,Transit,2021.0,Kepler,2.757590055,1.273,2.16,615.0,3683.0,0.424,0.454,270.739,292.577073,39.120939
Kepler-1742 b,Kepler-1742,Transit,2021.0,Kepler,49.47819901,2.1782413,5.38,462.0,5776.0,0.849,0.939,669.573,286.9668086,44.9924315
Kepler-1743 b,Kepler-1743,Transit,2021.0,Kepler,7.649710178,1.59887007,3.18,1144.0,5855.0,1.613,1.266,538.807,290.5523552,48.1262575
Kepler-1744 b,Kepler-1744,Transit,2021.0,Kepler,37.10110092,3.76754004,13.6,532.0,5986.0,0.85,0.886,1091.63,291.0206823,42.4624633
Kepler-1745 b,Kepler-1745,Transit,2021.0,Kepler,3.016190052,1.92872921,4.38,1449.0,5611.0,1.4,0.995,996.105,293.4689924,42.8223582
Kepler-1746 b,Kepler-1746,Transit,2021.0,Kepler,321.2120056,8.93504475,59.1,310.0,6018.0,1.286,1.09,979.541,288.3203979,42.2613874
Kepler-1747 b,Kepler-1747,Transit,2021.0,Kepler,6.230319977,4.26508,16.8,875.0,5477.0,0.865,0.983,1321.38,284.2096557,45.258082
Kepler-1748 b,Kepler-1748,Transit,2021.0,Kepler,5.823520184,2.71275017,7.81,955.0,5774.0,0.864,0.916,1083.28,285.967897,45.7390789
Kepler-1749 b,Kepler-1749,Transit,2021.0,Kepler,14.53409958,1.61301783,3.23,420.0,3957.0,0.553,0.551,268.2,290.2945805,45.5645196
Kepler-175 b,Kepler-175,Transit,2014.0,Kepler,11.903515,2.56,7.08,827.0,6064.0,1.01,0.969,1312.34,289.553232,43.876116
Kepler-175 c,Kepler-175,Transit,2014.0,Kepler,34.035257,3.1,9.8,583.0,6064.0,1.01,0.969,1312.34,289.553232,43.876116
Kepler-1750 b,Kepler-1750,Transit,2021.0,Kepler,205.9120026,6.00434637,30.1,298.0,5644.0,0.969,0.981,1497.33,292.3514917,48.5110714
Kepler-1751 b,Kepler-1751,Transit,2021.0,Kepler,7.017310143,1.82417378,3.98,984.0,6052.0,0.967,0.974,1291.47,284.8465476,49.6923412
Kepler-1752 b,Kepler-1752,Transit,2021.0,Kepler,56.35850143,4.54060463,18.7,419.0,5446.0,0.821,0.824,962.888,290.8541401,51.2227435
Kepler-1753 b,Kepler-1753,Transit,2021.0,Kepler,16.00460052,2.22678077,5.59,583.0,5180.0,0.769,0.86,707.688,288.236664,46.6058744
Kepler-1754 b,Kepler-1754,Transit,2021.0,Kepler,8.195949554,2.43996509,6.53,672.0,4723.0,0.747,0.734,718.945,295.4570818,50.0771838
Kepler-1755 b,Kepler-1755,Transit,2021.0,Kepler,24.81209946,5.91688317,29.4,631.0,6086.0,0.921,1.003,982.383,296.846092,40.1385777
Kepler-1756 b,Kepler-1756,Transit,2021.0,Kepler,2.355750084,1.47199944,2.77,1093.0,4915.0,0.812,0.781,,294.364904,40.7208898
Kepler-1757 b,Kepler-1757,Transit,2021.0,Kepler,19.65640068,2.94660251,8.99,549.0,5288.0,0.74,0.828,807.308,297.7397823,46.9418957
Kepler-1758 b,Kepler-1758,Transit,2021.0,Kepler,9.977210045,2.57059831,7.13,1028.0,5557.0,1.616,1.035,1588.41,297.7968197,39.9213378
Kepler-1759 b,Kepler-1759,Transit,2021.0,Kepler,3.720230103,0.9037791,0.676,954.0,5017.0,0.797,0.76,385.348,298.4656275,48.5593334
Kepler-176 b,Kepler-176,Transit,2014.0,Kepler,5.433074,1.43,290.537,841.0,5232.0,0.891,0.86,527.321,294.6679021,43.8532104
Kepler-176 c,Kepler-176,Transit,2014.0,Kepler,12.759712,2.6,1.33,633.0,5232.0,0.891,0.86,527.321,294.6679021,43.8532104
Kepler-176 d,Kepler-176,Transit,2014.0,Kepler,25.751974,2.51,1.72,501.0,5232.0,0.891,0.86,527.321,294.6679021,43.8532104
Kepler-176 e,Kepler-176,Transit,2016.0,Kepler,51.16579,1.45,0.52075,398.0,5295.0,0.83,0.87,527.321,294.6679021,43.8532104
Kepler-1760 b,Kepler-1760,Transit,2021.0,Kepler,38.3260994,2.28995546,5.86,480.0,5229.0,0.903,0.821,,284.1326058,48.8251452
Kepler-1761 b,Kepler-1761,Transit,2021.0,Kepler,4.043540001,1.39109603,2.51,613.0,3871.0,0.532,0.573,221.186,284.1329728,49.1426325
Kepler-1762 b,Kepler-1762,Transit,2021.0,Kepler,29.53910065,2.76022913,8.05,714.0,6572.0,1.238,1.298,1663.74,290.4931471,39.7855117
Kepler-1763 b,Kepler-1763,Transit,2021.0,Kepler,1.480280042,1.14651332,1.59,1822.0,5897.0,1.259,1.026,756.486,294.1130368,40.3628861
Kepler-1764 b,Kepler-1764,Transit,2021.0,Kepler,70.46829987,4.55527871,18.8,511.0,6461.0,1.131,1.162,1542.48,293.8799047,41.3938374
Kepler-1765 b,Kepler-1765,Transit,2021.0,Kepler,10.41889954,2.49508857,6.78,855.0,5692.0,1.064,0.946,764.456,298.0144601,42.9574314
Kepler-1766 b,Kepler-1766,Transit,2021.0,Kepler,105.0149994,2.27904508,5.81,406.0,5868.0,1.042,0.915,501.229,294.2772343,46.6752351
Kepler-1767 b,Kepler-1767,Transit,2021.0,Kepler,59.65829849,3.01299077,9.34,393.0,5243.0,0.831,0.887,820.506,293.6441248,46.9896696
Kepler-1768 b,Kepler-1768,Transit,2021.0,Kepler,15.13589954,2.23346338,5.62,933.0,6050.0,1.572,1.24,632.766,299.9572335,44.7718851
Kepler-1769 b,Kepler-1769,Transit,2021.0,Kepler,89.1934967,4.465,18.2,483.0,6071.0,1.295,1.061,438.412,294.7433755,43.4611633
Kepler-177 b,Kepler-177,Transit,2013.0,Kepler,36.8601,3.5,5.84,549.0,5732.0,1.324,0.921,1435.44,286.0471442,45.0532038
Kepler-177 c,Kepler-177,Transit,2013.0,Kepler,49.40926,8.73,14.7,497.0,5732.0,1.324,0.921,1435.44,286.0471442,45.0532038
Kepler-1770 b,Kepler-1770,Transit,2021.0,Kepler,16.84189987,2.84141754,8.45,699.0,5602.0,1.009,0.941,582.942,299.2502851,43.4103663
Kepler-1771 b,Kepler-1771,Transit,2021.0,Kepler,88.64399719,4.05537256,15.5,391.0,5661.0,0.934,0.941,565.752,292.0134714,49.0191267
Kepler-1772 b,Kepler-1772,Transit,2021.0,Kepler,3.215090036,2.68609988,7.68,1155.0,5541.0,0.934,0.942,871.564,289.4381201,39.2703594
Kepler-1773 b,Kepler-1773,Transit,2021.0,Kepler,40.80970001,3.50469499,12.1,623.0,6183.0,1.3,1.241,681.255,286.2232284,38.2581676
Kepler-1774 b,Kepler-1774,Transit,2021.0,Kepler,59.77080154,3.18179549,10.2,522.0,6214.0,1.122,1.101,816.592,288.5743991,40.9886069
Kepler-1775 b,Kepler-1775,Transit,2021.0,Kepler,85.65399933,3.64762153,12.9,522.0,5818.0,1.647,1.149,657.023,286.4023452,38.7385674
Kepler-1776 b,Kepler-1776,Transit,2021.0,Kepler,35.01190186,2.61157023,7.33,603.0,5872.0,1.153,1.041,690.336,291.5344017,47.0424958
Kepler-1777 b,Kepler-1777,Transit,2021.0,Kepler,12.18420029,2.13189678,5.19,819.0,5771.0,1.068,0.984,619.146,290.3286455,37.7231188
Kepler-1778 b,Kepler-1778,Transit,2021.0,Kepler,10.08740044,3.01665969,9.36,942.0,6310.0,1.095,1.143,1276.29,287.3612976,43.7388
Kepler-1779 b,Kepler-1779,Transit,2021.0,Kepler,16.34359932,3.03295685,9.44,730.0,5730.0,1.056,1.008,908.501,300.4174607,45.6054854
Kepler-178 b,Kepler-178,Transit,2014.0,Kepler,9.576694,2.9,8.75,846.0,5676.0,1.066,0.852,716.025,287.1010275,46.8964033
Kepler-178 c,Kepler-178,Transit,2014.0,Kepler,20.552802,2.88,8.65,656.0,5676.0,1.066,0.852,716.025,287.1010275,46.8964033
Kepler-178 d,Kepler-178,Transit,2014.0,Kepler,96.678988,3.95,14.8,392.0,5676.0,1.066,0.852,716.025,287.1010275,46.8964033
Kepler-1780 b,Kepler-1780,Transit,2021.0,Kepler,109.4449997,3.60600667,12.7,340.0,5403.0,0.868,0.868,790.516,294.0839282,42.8095104
Kepler-1781 b,Kepler-1781,Transit,2021.0,Kepler,4.88752985,2.38091029,6.26,1003.0,5568.0,0.957,1.053,962.63,291.7114906,42.3415097
Kepler-1782 b,Kepler-1782,Transit,2021.0,Kepler,5.756229877,2.22927435,5.6,773.0,4931.0,0.734,0.794,305.792,280.926162,44.0878036
Kepler-1783 b,Kepler-1783,Transit,2021.0,Kepler,8.277440071,1.31946731,2.3,1088.0,5129.0,1.781,0.887,264.078,297.0210984,41.3771655
Kepler-1784 b,Kepler-1784,Transit,2021.0,Kepler,13.59049988,2.79936489,8.24,724.0,5442.0,0.974,0.887,883.045,297.9541684,44.6674491
Kepler-1785 b,Kepler-1785,Transit,2021.0,Kepler,19.58550072,2.70422447,7.77,666.0,5618.0,0.996,0.911,745.74,295.7921797,47.6000699
Kepler-1786 b,Kepler-1786,Transit,2021.0,Kepler,78.5460968,3.16305828,10.1,501.0,5808.0,1.397,1.058,863.909,292.5877743,38.5219827
Kepler-1787 b,Kepler-1787,Transit,2021.0,Kepler,39.31370163,2.31898181,5.99,540.0,6060.0,0.925,1.008,778.602,289.0643042,47.1174041
Kepler-1788 b,Kepler-1788,Transit,2021.0,Kepler,2.800120115,2.37850461,6.25,956.0,4786.0,0.704,0.686,560.445,291.2243829,45.7780993
Kepler-1789 b,Kepler-1789,Transit,2021.0,Kepler,80.23190308,2.83137505,8.4,380.0,5436.0,0.888,0.92,611.461,282.8631419,41.7966332
Kepler-179 b,Kepler-179,Transit,2014.0,Kepler,2.735926,1.64,3.33,1075.0,5302.0,0.759,0.893,605.68,298.6636163,47.7619329
Kepler-179 c,Kepler-179,Transit,2014.0,Kepler,6.40013,2.0,4.66,810.0,5302.0,0.759,0.893,605.68,298.6636163,47.7619329
Kepler-1790 b,Kepler-1790,Transit,2021.0,Kepler,31.58889961,3.1446145,10.0,682.0,5866.0,1.367,1.02,1070.17,294.5668577,46.0757312
Kepler-1791 b,Kepler-1791,Transit,2021.0,Kepler,7.720860004,3.12103321,9.91,1021.0,5887.0,1.177,0.985,602.218,284.4903166,42.6482636
Kepler-1792 b,Kepler-1792,Transit,2021.0,Kepler,4.1957798,2.51990972,6.89,1047.0,5229.0,1.005,0.878,601.029,294.8400788,39.0859757
Kepler-1793 b,Kepler-1793,Transit,2021.0,Kepler,8.779999733,3.79037518,13.8,713.0,5191.0,0.764,0.85,1189.88,291.9129477,40.9539265
Kepler-1794 b,Kepler-1794,Transit,2021.0,Kepler,9.762980461,1.79426276,3.87,703.0,5052.0,0.816,0.773,561.229,300.6196594,45.7888068
Kepler-1795 b,Kepler-1795,Transit,2021.0,Kepler,13.36019993,1.66301611,3.4,520.0,4500.0,0.688,0.768,,286.4792568,39.2698793
Kepler-1796 b,Kepler-1796,Transit,2021.0,Kepler,29.4557991,2.75047868,8.0,598.0,6036.0,0.949,1.018,825.883,301.5430397,44.6056251
Kepler-1797 b,Kepler-1797,Transit,2021.0,Kepler,23.3593998,3.05774442,9.58,684.0,6244.0,1.009,1.069,1338.49,292.4642406,45.9682799
Kepler-1798 b,Kepler-1798,Transit,2021.0,Kepler,16.85589981,2.30911251,5.94,408.0,3967.0,0.587,0.593,395.196,291.7262251,37.528968
Kepler-1799 b,Kepler-1799,Transit,2021.0,Kepler,11.9296999,4.12801189,15.9,770.0,5831.0,0.921,1.016,2254.69,288.3086994,51.4783348
Kepler-18 b,Kepler-18,Transit,2011.0,Kepler,3.504725,2.0,6.9,1165.0,5345.0,1.108,0.972,433.047,298.0794448,44.746248
Kepler-18 c,Kepler-18,Transit,2011.0,Kepler,7.64159,5.49,17.3,899.0,5345.0,1.108,0.972,433.047,298.0794448,44.746248
Kepler-18 d,Kepler-18,Transit,2011.0,Kepler,14.85888,6.98,16.4,720.0,5345.0,1.108,0.972,433.047,298.0794448,44.746248
Kepler-180 b,Kepler-180,Transit,2014.0,Kepler,13.817124,1.5,2.86,781.0,5731.0,1.063,0.95,695.65,295.5712566,49.774514
Kepler-180 c,Kepler-180,Transit,2014.0,Kepler,41.885775,3.01,9.32,540.0,5731.0,1.063,0.95,695.65,295.5712566,49.774514
Kepler-1800 b,Kepler-1800,Transit,2021.0,Kepler,4.562029839,0.99679734,0.961,1533.0,5343.0,2.506,1.33,350.455,297.6513317,40.3524154
Kepler-1801 b,Kepler-1801,Transit,2021.0,Kepler,10.44089985,2.70926154,7.8,829.0,5738.0,0.981,0.936,839.332,295.1640095,39.2014024
Kepler-1801 c,Kepler-1801,Transit,2023.0,Kepler,116.583183,2.91,8.8,371.0,5738.0,0.981,0.936,839.332,295.1640095,39.2014024
Kepler-1802 b,Kepler-1802,Transit,2021.0,Kepler,15.45020008,1.671,3.43,581.0,4245.0,0.637,0.649,636.694,300.2420869,44.1412854
Kepler-1802 c,Kepler-1802,Transit,2021.0,Kepler,33.13610077,2.322,6.0,357.0,4245.0,0.637,0.649,636.694,300.2420869,44.1412854
Kepler-1804 b,Kepler-1804,Transit,2021.0,Kepler,12.28849983,1.59615726,3.18,913.0,5109.0,1.671,0.929,434.456,301.3428675,44.672175
Kepler-1805 b,Kepler-1805,Transit,2021.0,Kepler,8.847940445,1.54502915,3.0,479.0,3867.0,0.552,0.581,221.639,285.0865387,40.8990506
Kepler-1806 b,Kepler-1806,Transit,2021.0,Kepler,9.033320427,2.35560189,6.15,729.0,5311.0,0.788,0.884,978.066,287.5349528,49.8016283
Kepler-1807 b,Kepler-1807,Transit,2021.0,Kepler,10.86060047,2.70393215,7.77,1108.0,6455.0,1.496,1.087,1299.32,291.5494119,44.5272788
Kepler-1808 b,Kepler-1808,Transit,2021.0,Kepler,23.3404007,3.02511302,9.4,601.0,5530.0,0.892,0.773,1022.01,287.2924737,39.3832039
Kepler-1809 b,Kepler-1809,Transit,2021.0,Kepler,3.7572999,1.513,2.9,877.0,4901.0,0.716,0.807,409.602,290.2651662,40.5484937
Kepler-181 b,Kepler-181,Transit,2014.0,Kepler,3.137873,1.27,2.15,1041.0,5333.0,0.749,0.81,609.283,296.1512831,50.0957806
Kepler-181 c,Kepler-181,Transit,2014.0,Kepler,4.302149,1.99,4.62,937.0,5333.0,0.749,0.81,609.283,296.1512831,50.0957806
Kepler-1810 b,Kepler-1810,Transit,2021.0,Kepler,101.1330032,3.91815325,14.6,380.0,5492.0,1.016,0.921,1009.87,291.8129995,38.0880964
Kepler-1811 b,Kepler-1811,Transit,2021.0,Kepler,76.42230225,3.84829873,14.1,455.0,5561.0,1.19,0.946,1390.56,289.9793241,40.1427848
Kepler-1812 b,Kepler-1812,Transit,2021.0,Kepler,7.165219784,2.3249424,6.01,1034.0,6174.0,1.103,1.162,1409.19,298.0845087,40.2832525
Kepler-1813 b,Kepler-1813,Transit,2021.0,Kepler,2.818160057,1.413,2.58,1059.0,5167.0,0.787,0.812,,292.2399069,48.5115214
Kepler-1814 b,Kepler-1814,Transit,2021.0,Kepler,2.935359955,2.36961357,6.21,1022.0,4922.0,0.823,0.79,726.346,285.2166767,41.2824449
Kepler-1814 c,Kepler-1814,Transit,2023.0,Kepler,0.626281766,1.76,3.75,1711.0,4922.0,0.823,0.79,726.346,285.2166767,41.2824449
Kepler-1815 b,Kepler-1815,Transit,2021.0,Kepler,12.19139957,2.7489262,7.99,763.0,5516.0,0.967,0.856,1006.63,300.170472,43.9849048
Kepler-1816 b,Kepler-1816,Transit,2021.0,Kepler,91.50099945,1.9679397,4.53,310.0,5051.0,0.706,0.786,437.823,296.8509823,50.6987736
Kepler-1817 b,Kepler-1817,Transit,2021.0,Kepler,44.29919815,2.27349126,5.79,463.0,5316.0,0.915,0.878,748.569,282.0333419,44.4779955
Kepler-1818 b,Kepler-1818,Transit,2021.0,Kepler,4.644909859,1.71360684,3.58,1209.0,6047.0,1.129,1.021,1034.59,284.3284866,40.5688741
Kepler-1819 b,Kepler-1819,Transit,2021.0,Kepler,16.48690033,3.90351256,14.5,760.0,6090.0,1.071,1.173,1363.19,296.5600307,46.8574644
Kepler-182 b,Kepler-182,Transit,2014.0,Kepler,9.825792,2.58,7.18,935.0,6250.0,1.146,1.114,1549.09,289.8301128,50.5862025
Kepler-182 c,Kepler-182,Transit,2014.0,Kepler,20.684342,3.43,11.6,729.0,6250.0,1.146,1.114,1549.09,289.8301128,50.5862025
Kepler-1820 b,Kepler-1820,Transit,2021.0,Kepler,31.03249931,3.11883067,9.9,561.0,5841.0,0.931,1.047,1425.39,296.71274,48.2722828
Kepler-1821 b,Kepler-1821,Transit,2021.0,Kepler,16.45809937,2.59248115,7.24,644.0,5475.0,0.884,0.946,799.699,294.5254573,49.872484
Kepler-1822 b,Kepler-1822,Transit,2021.0,Kepler,22.13339996,2.64755943,7.5,507.0,5165.0,0.702,0.782,897.597,297.2855,41.3055733
Kepler-1823 b,Kepler-1823,Transit,2021.0,Kepler,21.10339928,2.0861268,5.0,718.0,6000.0,1.126,1.068,724.971,283.754777,45.335125
Kepler-1824 b,Kepler-1824,Transit,2021.0,Kepler,95.61100006,2.38127597,6.26,421.0,6002.0,1.081,1.135,1040.1,296.7071957,41.2036197
Kepler-1825 b,Kepler-1825,Transit,2021.0,Kepler,1.025869966,1.42200732,2.61,1520.0,5123.0,0.847,0.828,430.254,292.5140647,42.6517554
Kepler-1826 b,Kepler-1826,Transit,2021.0,Kepler,1.615360022,1.47519116,2.78,806.0,3821.0,0.486,0.49,336.952,292.7700072,48.8998469
Kepler-1827 b,Kepler-1827,Transit,2021.0,Kepler,3.700619936,1.85644292,4.1,1329.0,5423.0,1.404,0.915,686.461,292.2525301,40.7927895
Kepler-1828 b,Kepler-1828,Transit,2021.0,Kepler,10.2737999,2.11598626,5.13,799.0,5806.0,0.899,0.996,871.81,292.4275963,37.3207616
Kepler-1829 b,Kepler-1829,Transit,2021.0,Kepler,5.186719894,2.47887001,6.71,860.0,5230.0,0.777,0.873,679.921,288.664484,51.4983798
Kepler-183 b,Kepler-183,Transit,2014.0,Kepler,5.687945,2.06,4.9,1088.0,5888.0,0.958,0.99,1050.64,293.5308112,39.3159329
Kepler-183 c,Kepler-183,Transit,2014.0,Kepler,11.637071,2.27,35.7,857.0,5888.0,0.958,0.99,1050.64,293.5308112,39.3159329
Kepler-1830 b,Kepler-1830,Transit,2021.0,Kepler,56.49330139,3.32992941,11.1,681.0,6160.0,2.046,1.443,1056.88,295.1390408,40.9790527
Kepler-1831 b,Kepler-1831,Transit,2021.0,Kepler,5.78387022,1.97019818,4.54,1051.0,6063.0,1.012,1.117,1053.49,295.3024604,49.5890456
Kepler-1832 b,Kepler-1832,Transit,2021.0,Kepler,3.138789892,1.22719556,2.02,1022.0,5242.0,0.722,0.684,486.174,299.8517779,43.7320611
Kepler-1833 b,Kepler-1833,Transit,2021.0,Kepler,6.892129898,1.30027362,2.24,1177.0,6164.0,1.446,1.286,591.602,290.8714239,45.4102813
Kepler-1834 b,Kepler-1834,Transit,2021.0,Kepler,4.603010178,1.4593834,2.73,848.0,4821.0,0.788,0.765,500.395,294.6646789,39.7838461
Kepler-1834 c,Kepler-1834,Transit,2023.0,Kepler,0.766691517,1.22,1.98,1541.0,4821.0,0.788,0.765,500.395,294.6646789,39.7838461
Kepler-1835 b,Kepler-1835,Transit,2021.0,Kepler,11.96409988,3.53387773,12.2,808.0,5903.0,0.961,0.922,1404.38,280.3148152,43.9856885
Kepler-1836 b,Kepler-1836,Transit,2021.0,Kepler,5.254169941,2.55303229,7.05,1093.0,6123.0,0.987,1.053,1472.62,292.3150933,40.8387799
Kepler-1837 b,Kepler-1837,Transit,2021.0,Kepler,5.906089783,2.06673842,4.92,1012.0,5966.0,0.961,1.049,1229.18,288.2076012,45.6834463
Kepler-1838 b,Kepler-1838,Transit,2021.0,Kepler,12.14680004,1.66049425,3.4,1097.0,5877.0,1.963,1.187,451.242,298.9917165,40.14226
Kepler-1839 b,Kepler-1839,Transit,2021.0,Kepler,5.056759834,1.9493759,4.46,1049.0,5926.0,0.939,1.03,1136.6,294.2244432,50.0755761
Kepler-184 b,Kepler-184,Transit,2014.0,Kepler,10.687576,2.36,6.17,780.0,5788.0,0.873,0.872,610.326,291.9518784,43.0746172
Kepler-184 c,Kepler-184,Transit,2014.0,Kepler,20.303005,1.97,8.8,630.0,5788.0,0.873,0.872,610.326,291.9518784,43.0746172
Kepler-184 d,Kepler-184,Transit,2014.0,Kepler,29.022358,2.49,6.76,559.0,5788.0,0.873,0.872,610.326,291.9518784,43.0746172
Kepler-1840 b,Kepler-1840,Transit,2021.0,Kepler,131.1900024,2.77771129,8.13,284.0,4898.0,0.803,0.774,513.107,298.5948803,41.4359643
Kepler-1841 b,Kepler-1841,Transit,2021.0,Kepler,25.88599968,1.48912557,2.82,542.0,5190.0,0.899,0.823,631.7,287.7069031,40.6852161
Kepler-1842 b,Kepler-1842,Transit,2021.0,Kepler,14.02639961,2.35388681,6.14,822.0,5970.0,1.131,1.057,923.551,286.2516039,42.3784353
Kepler-1843 b,Kepler-1843,Transit,2021.0,Kepler,25.54339981,2.70909809,7.8,772.0,5422.0,1.782,1.02,784.625,292.8852302,41.279169
Kepler-1844 b,Kepler-1844,Transit,2021.0,Kepler,3.924510002,3.03648191,9.46,1074.0,5776.0,0.849,0.939,1804.36,292.6903973,37.9345682
Kepler-1845 b,Kepler-1845,Transit,2021.0,Kepler,11.60649967,2.43836702,6.52,584.0,4703.0,0.701,0.686,710.724,292.9016226,38.297032
Kepler-1846 b,Kepler-1846,Transit,2021.0,Kepler,14.82009983,1.76378826,3.76,552.0,4825.0,0.732,0.785,374.615,294.3909489,44.7629523
Kepler-1847 b,Kepler-1847,Transit,2021.0,Kepler,11.12969971,2.74516914,7.97,843.0,6122.0,0.964,1.041,1693.86,296.6014013,44.3252289
Kepler-1848 b,Kepler-1848,Transit,2021.0,Kepler,5.604020119,1.4088539,2.57,774.0,4847.0,0.737,0.756,309.696,299.3814921,45.5920846
Kepler-1849 b,Kepler-1849,Transit,2021.0,Kepler,57.29290009,2.38685349,6.29,355.0,4806.0,0.729,0.709,631.884,285.29193,41.2557275
Kepler-185 b,Kepler-185,Transit,2014.0,Kepler,1.6329,1.17,1.71,1237.0,5208.0,0.806,0.763,466.735,282.4681674,43.8899464
Kepler-185 c,Kepler-185,Transit,2014.0,Kepler,20.729042,2.02,4.74,530.0,5208.0,0.806,0.763,466.735,282.4681674,43.8899464
Kepler-1850 b,Kepler-1850,Transit,2021.0,Kepler,1.385800004,0.72909663,0.313,1008.0,4239.0,0.6,0.611,250.199,287.1428295,43.6161177
Kepler-1851 b,Kepler-1851,Transit,2021.0,Kepler,12.02289963,3.90012032,14.5,776.0,5982.0,0.879,0.967,1589.81,285.6737597,45.6398375
Kepler-1852 b,Kepler-1852,Transit,2021.0,Kepler,7.970940113,1.88610592,4.22,760.0,5237.0,0.826,0.927,772.481,288.0297157,40.3441934
Kepler-1853 b,Kepler-1853,Transit,2021.0,Kepler,48.88819885,1.51862272,2.92,386.0,4821.0,0.788,0.765,562.348,284.7478834,46.3735415
Kepler-1854 b,Kepler-1854,Transit,2021.0,Kepler,39.83110046,2.58746104,7.21,420.0,5026.0,0.759,0.8,423.348,286.28593,37.3869915
Kepler-1855 b,Kepler-1855,Transit,2021.0,Kepler,0.727330983,1.216205,1.96,849.0,3460.0,0.356,0.385,,283.4018628,41.5161554
Kepler-1856 b,Kepler-1856,Transit,2021.0,Kepler,1.302000046,1.73447868,3.66,1344.0,4948.0,0.816,0.782,848.76,295.9091695,51.3478777
Kepler-1857 b,Kepler-1857,Transit,2021.0,Kepler,8.94340992,1.96065412,4.5,946.0,6074.0,1.005,0.873,853.275,296.4557129,39.598537
Kepler-1858 b,Kepler-1858,Transit,2021.0,Kepler,88.07160187,2.42168247,6.44,330.0,4939.0,0.819,0.785,833.055,292.3074315,46.626579
Kepler-1859 b,Kepler-1859,Transit,2021.0,Kepler,2.729599953,1.58313575,3.13,1455.0,5887.0,1.235,1.09,1331.25,293.9886751,46.7179996
Kepler-1859 c,Kepler-1859,Transit,2023.0,Kepler,3.59645081,1.66,3.39,1327.0,5887.0,1.235,1.09,1331.25,293.9886751,46.7179996
Kepler-186 b,Kepler-186,Transit,2014.0,Kepler,3.8867907,1.07,1.24,571.0,3788.0,0.472,0.478,177.594,298.652736,43.9549884
Kepler-186 c,Kepler-186,Transit,2014.0,Kepler,7.267302,1.25,2.1,464.0,3788.0,0.472,0.478,177.594,298.652736,43.9549884
Kepler-186 d,Kepler-186,Transit,2014.0,Kepler,13.342996,1.4,2.54,379.0,3788.0,0.472,0.478,177.594,298.652736,43.9549884
Kepler-186 e,Kepler-186,Transit,2014.0,Kepler,22.407704,1.27,2.15,319.0,3788.0,0.472,0.478,177.594,298.652736,43.9549884
Kepler-186 f,Kepler-186,Transit,2014.0,Kepler,129.9441,1.17,1.71,177.0,3755.0,0.523,0.544,177.594,298.652736,43.9549884
Kepler-1860 b,Kepler-1860,Transit,2021.0,Kepler,12.73719978,1.13863767,1.55,697.0,5420.0,0.868,0.874,438.703,294.3508497,50.0809627
Kepler-1861 b,Kepler-1861,Transit,2021.0,Kepler,40.0306015,2.20677414,5.5,617.0,5855.0,1.373,1.161,829.985,295.8465148,49.9361586
Kepler-1862 b,Kepler-1862,Transit,2021.0,Kepler,16.05730057,2.203,5.49,645.0,5644.0,0.806,0.9,1232.19,296.7533555,49.3780726
Kepler-1863 b,Kepler-1863,Transit,2021.0,Kepler,44.99760056,2.26309256,5.74,508.0,5871.0,0.983,1.097,865.546,282.2397185,43.2440854
Kepler-1864 b,Kepler-1864,Transit,2021.0,Kepler,3.881510019,0.75408365,0.353,1156.0,5854.0,0.979,1.03,298.894,289.6867653,41.5889178
Kepler-1865 b,Kepler-1865,Transit,2021.0,Kepler,2.524009943,1.57686072,3.11,1203.0,5420.0,0.871,0.849,922.255,293.941238,41.5904136
Kepler-1866 b,Kepler-1866,Transit,2021.0,Kepler,11.66009998,2.08215108,4.99,834.0,5791.0,1.083,1.03,976.737,286.2246453,44.6544869
Kepler-1867 b,Kepler-1867,Transit,2021.0,Kepler,9.887359619,1.15985997,1.65,768.0,5693.0,0.816,0.911,680.583,294.9971007,43.4358698
Kepler-1868 b,Kepler-1868,Transit,2021.0,Kepler,211.0339966,3.14950109,10.1,215.0,4658.0,0.686,0.743,274.18,293.2983733,43.5558025
Kepler-1869 b,Kepler-1869,Transit,2021.0,Kepler,8.167360306,1.11955354,1.46,865.0,5808.0,0.902,0.987,113.025,292.6149958,42.7643438
Kepler-1869 c,Kepler-1869,Transit,2023.0,Kepler,1.716828304,0.74,0.33,1455.0,5808.0,0.902,0.987,113.025,292.6149958,42.7643438
Kepler-187 b,Kepler-187,Transit,2014.0,Kepler,4.938864,1.41,2.57,1244.0,6105.0,1.287,1.081,1143.0,299.7964955,44.0892448
Kepler-187 c,Kepler-187,Transit,2014.0,Kepler,10.640263,2.67,7.61,963.0,6105.0,1.287,1.081,1143.0,299.7964955,44.0892448
Kepler-1870 b,Kepler-1870,Transit,2021.0,Kepler,3.606940031,2.10143764,5.07,1046.0,5508.0,0.84,0.955,407.216,293.9335076,40.590704
Kepler-1871 b,Kepler-1871,Transit,2021.0,Kepler,1.952700019,2.42172881,6.44,1403.0,5741.0,0.946,1.02,854.623,292.4275044,38.4728824
Kepler-1872 b,Kepler-1872,Transit,2021.0,Kepler,3.825910091,2.38421141,6.28,1005.0,5223.0,0.885,0.913,840.182,281.0491988,43.3225996
Kepler-1873 b,Kepler-1873,Transit,2021.0,Kepler,0.558842003,1.62573811,3.28,1787.0,5151.0,0.792,0.903,820.957,294.596557,46.0483705
Kepler-1874 b,Kepler-1874,Transit,2021.0,Kepler,56.57320023,2.21110724,5.52,356.0,4701.0,0.775,0.758,408.007,286.3718158,43.692081
Kepler-1875 b,Kepler-1875,Transit,2021.0,Kepler,34.45859909,3.22686692,10.5,559.0,6161.0,0.862,0.95,1660.45,296.7727406,50.1883667
Kepler-1876 b,Kepler-1876,Transit,2021.0,Kepler,6.99205,0.853,2.4,1299.0,6104.0,1.477,1.187,259.935,299.1604859,41.1437964
Kepler-1877 b,Kepler-1877,Transit,2021.0,Kepler,2.377569914,0.624086,0.179,1278.0,5615.0,0.936,1.022,285.312,294.866924,46.7904816
Kepler-1878 b,Kepler-1878,Transit,2021.0,Kepler,4.445879936,2.92019781,8.86,1063.0,5918.0,0.865,0.956,1494.3,300.7324154,44.1070231
Kepler-1879 b,Kepler-1879,Transit,2021.0,Kepler,10.61340046,2.06512018,4.92,987.0,5865.0,1.388,1.023,627.171,289.3644209,41.5332589
Kepler-188 b,Kepler-188,Transit,2014.0,Kepler,2.061897,1.68,3.46,1463.0,6021.0,1.141,1.021,968.544,281.2797173,44.3154743
Kepler-188 c,Kepler-188,Transit,2014.0,Kepler,5.996553,3.19,10.3,1025.0,6021.0,1.141,1.021,968.544,281.2797173,44.3154743
Kepler-1880 b,Kepler-1880,Transit,2021.0,Kepler,6.309219837,2.11686218,5.13,606.0,4380.0,0.53,0.524,611.041,287.8264561,40.6965988
Kepler-1881 b,Kepler-1881,Transit,2021.0,Kepler,159.3939972,2.98104391,9.17,289.0,5135.0,0.874,0.812,1057.21,293.6393065,44.9825447
Kepler-1882 b,Kepler-1882,Transit,2021.0,Kepler,13.78730011,1.48674404,2.81,894.0,5691.0,1.458,1.068,443.371,290.6640856,43.4997866
Kepler-1883 b,Kepler-1883,Transit,2021.0,Kepler,103.427002,3.25107395,10.6,416.0,6208.0,1.024,1.086,1377.61,291.922557,42.002522
Kepler-1884 b,Kepler-1884,Transit,2021.0,Kepler,8.988320351,1.81406781,3.95,864.0,5984.0,0.906,0.993,1443.09,296.7463986,43.0454207
Kepler-1885 b,Kepler-1885,Transit,2021.0,Kepler,2.522559881,1.51110555,2.89,1205.0,5591.0,0.86,0.977,818.482,288.7507112,47.4909206
Kepler-1886 b,Kepler-1886,Transit,2021.0,Kepler,24.2758007,2.58158428,7.18,580.0,5745.0,0.837,0.928,1059.51,296.2645118,39.4059745
Kepler-1887 b,Kepler-1887,Transit,2021.0,Kepler,19.94750023,2.92454357,8.88,625.0,5749.0,0.864,0.961,1366.18,288.9555263,44.705707
Kepler-1888 b,Kepler-1888,Transit,2021.0,Kepler,11.39169979,1.32578716,2.32,886.0,5557.0,1.249,0.897,402.947,289.3945523,41.7822597
Kepler-1889 b,Kepler-1889,Transit,2021.0,Kepler,37.30369949,2.94360686,8.98,493.0,5646.0,0.817,0.864,1395.13,297.1992577,41.2264404
Kepler-189 b,Kepler-189,Transit,2014.0,Kepler,10.399931,1.21,1.92,678.0,5235.0,0.75,0.803,591.534,287.5646296,44.3050662
Kepler-189 c,Kepler-189,Transit,2014.0,Kepler,20.134866,2.38,22.7,544.0,5235.0,0.75,0.803,591.534,287.5646296,44.3050662
Kepler-1890 b,Kepler-1890,Transit,2021.0,Kepler,4.820590019,0.86867375,0.587,1328.0,6046.0,1.396,1.024,529.596,292.5778203,40.6679032
Kepler-1891 b,Kepler-1891,Transit,2021.0,Kepler,4.02229023,1.52139156,2.93,1017.0,5516.0,0.827,0.873,596.24,290.0438524,44.3705375
Kepler-1892 b,Kepler-1892,Transit,2021.0,Kepler,6.331230164,1.83707938,4.03,822.0,5383.0,0.759,0.851,851.595,299.081007,42.0180957
Kepler-1893 b,Kepler-1893,Transit,2021.0,Kepler,4.179369926,1.70557445,3.55,1194.0,5633.0,1.162,0.973,1050.72,298.4012866,44.8381709
Kepler-1894 b,Kepler-1894,Transit,2021.0,Kepler,2.762660027,1.20117759,1.87,1231.0,5772.0,0.901,0.999,935.191,295.5864604,49.6668523
Kepler-1894 c,Kepler-1894,Transit,2023.0,Kepler,5.05368985,1.21,1.92,1007.0,5772.0,0.901,0.999,935.191,295.5864604,49.6668523
Kepler-1895 b,Kepler-1895,Transit,2021.0,Kepler,6.070290089,2.11934728,5.14,789.0,5076.0,0.763,0.86,984.187,291.6756005,48.7625419
Kepler-1896 b,Kepler-1896,Transit,2021.0,Kepler,44.87020111,3.09935997,9.8,536.0,6122.0,0.996,1.07,1732.91,289.6785786,40.2496475
Kepler-1897 b,Kepler-1897,Transit,2021.0,Kepler,24.22030067,2.81407954,8.32,505.0,5165.0,0.761,0.859,983.174,294.2901043,39.126871
Kepler-1898 b,Kepler-1898,Transit,2021.0,Kepler,4.765620232,0.93353523,0.76,1167.0,5702.0,1.125,0.837,360.921,287.2058009,38.4981903
Kepler-1899 b,Kepler-1899,Transit,2021.0,Kepler,4.095779896,1.55098292,3.02,851.0,4791.0,0.742,0.759,711.509,292.0333777,37.9744551
Kepler-19 b,Kepler-19,Transit,2011.0,Kepler,9.28699,2.209,6.1,851.0,5541.0,0.859,0.936,218.562,290.4209694,37.8516556
Kepler-19 c,Kepler-19,Transit Timing Variations,2011.0,Kepler,28.731,3.68,13.1,,5544.0,0.859,0.936,218.562,290.4209694,37.8516556
Kepler-19 d,Kepler-19,Radial Velocity,2017.0,Roque de los Muchachos Observatory,62.95,5.06,22.5,,5544.0,0.859,0.936,218.562,290.4209694,37.8516556
Kepler-190 b,Kepler-190,Transit,2014.0,Kepler,2.019999,1.56,3.05,1166.0,5106.0,0.795,0.834,433.387,288.5839761,44.7337701
Kepler-190 c,Kepler-190,Transit,2014.0,Kepler,3.763024,1.46,2.73,948.0,5106.0,0.795,0.834,433.387,288.5839761,44.7337701
Kepler-1900 b,Kepler-1900,Transit,2021.0,Kepler,2.986229897,1.62314676,3.27,1356.0,6173.0,1.041,1.104,1540.43,291.8863206,44.4790319
Kepler-1901 b,Kepler-1901,Transit,2021.0,Kepler,3.484129906,1.47418907,2.77,1132.0,5696.0,0.921,1.022,1028.37,291.1643587,45.3183061
Kepler-1902 b,Kepler-1902,Transit,2021.0,Kepler,3.822220087,1.17563613,1.74,601.0,3729.0,0.514,0.52,344.337,292.7376545,42.0147792
Kepler-1903 b,Kepler-1903,Transit,2021.0,Kepler,17.0678997,2.28642395,5.85,769.0,6347.0,0.996,1.053,1775.44,290.8882981,51.2481617
Kepler-1904 b,Kepler-1904,Transit,2021.0,Kepler,4.577020168,1.3904994,2.51,567.0,3805.0,0.497,0.526,270.854,288.8744026,51.1542215
Kepler-1905 b,Kepler-1905,Transit,2021.0,Kepler,3.42392993,1.4460734,2.69,1212.0,5788.0,1.015,1.038,1051.53,292.5733475,46.3668273
Kepler-1906 b,Kepler-1906,Transit,2021.0,Kepler,7.362689972,2.77615754,8.13,901.0,5868.0,0.894,0.987,1360.63,293.8266166,38.8565906
Kepler-1907 b,Kepler-1907,Transit,2021.0,Kepler,5.652450085,0.86973029,0.589,856.0,5159.0,0.8,0.752,292.111,280.7085829,47.3279236
Kepler-1907 c,Kepler-1907,Transit,2021.0,Kepler,14.86390018,1.15547044,1.63,620.0,5159.0,0.8,0.752,292.111,280.7085829,47.3279236
Kepler-1909 b,Kepler-1909,Transit,2021.0,Kepler,2.391609907,1.09217411,1.33,1031.0,4935.0,0.685,0.663,763.662,290.889409,42.4596251
Kepler-191 b,Kepler-191,Transit,2014.0,Kepler,9.939632,1.34,2.36,722.0,5282.0,0.789,0.857,594.464,291.1833211,45.3230937
Kepler-191 c,Kepler-191,Transit,2014.0,Kepler,17.738506,1.86,4.12,596.0,5282.0,0.789,0.857,594.464,291.1833211,45.3230937
Kepler-191 d,Kepler-191,Transit,2016.0,Kepler,5.945041017,2.28,5.82,857.0,5215.0,0.8,0.84,594.464,291.1833211,45.3230937
Kepler-1910 b,Kepler-1910,Transit,2021.0,Kepler,5.688769817,1.184,1.78,645.0,4234.0,0.639,0.636,,296.6171677,41.2811677
Kepler-1911 b,Kepler-1911,Transit,2021.0,Kepler,5.990799904,1.011,1.01,987.0,5721.0,0.972,0.954,269.912,299.303559,41.4410233
Kepler-1912 b,Kepler-1912,Transit,2021.0,Kepler,6.059219837,1.35670508,2.41,976.0,5734.0,0.962,0.977,297.017,282.1178211,46.2239547
Kepler-1913 b,Kepler-1913,Transit,2021.0,Kepler,14.1960001,1.51852059,2.92,818.0,6214.0,1.076,1.169,876.3,290.216689,44.7795863
Kepler-1914 b,Kepler-1914,Transit,2021.0,Kepler,30.82789993,2.9429803,8.97,585.0,5982.0,0.96,1.047,1621.56,291.4314024,38.6543635
Kepler-1915 b,Kepler-1915,Transit,2021.0,Kepler,13.83539963,3.21798413,10.4,809.0,6020.0,1.057,1.03,1514.66,301.2786852,44.2505116
Kepler-1916 b,Kepler-1916,Transit,2021.0,Kepler,31.25429916,2.61757235,7.35,635.0,6246.0,1.092,1.18,2055.82,293.0705754,48.387679
Kepler-1917 b,Kepler-1917,Transit,2021.0,Kepler,12.90240002,1.88971288,4.23,675.0,5530.0,0.788,0.882,909.037,294.1038932,45.0013533
Kepler-1918 b,Kepler-1918,Transit,2021.0,Kepler,47.0564003,2.29763023,5.89,497.0,5889.0,0.924,0.967,1030.11,292.530546,42.2145765
Kepler-1919 b,Kepler-1919,Transit,2021.0,Kepler,37.88660049,2.62390658,7.38,479.0,5513.0,0.818,0.868,1177.53,283.1319153,43.956005
Kepler-192 b,Kepler-192,Transit,2014.0,Kepler,9.926746,2.74,7.95,803.0,5479.0,1.007,1.028,651.674,287.9179379,45.5928829
Kepler-192 c,Kepler-192,Transit,2014.0,Kepler,21.2234,2.79,8.2,623.0,5479.0,1.007,1.028,651.674,287.9179379,45.5928829
Kepler-192 d,Kepler-192,Transit,2016.0,Kepler,6.47027579,1.02,1.04,926.0,5487.0,0.94,0.94,651.674,287.9179379,45.5928829
Kepler-1920 b,Kepler-1920,Transit,2021.0,Kepler,30.2541008,2.95415848,9.03,660.0,6277.0,1.161,1.239,885.913,291.0620355,38.8632881
Kepler-1921 b,Kepler-1921,Transit,2021.0,Kepler,20.03479958,2.89459458,8.72,967.0,6120.0,2.0,1.251,928.989,300.3161723,45.4953271
Kepler-1921 c,Kepler-1921,Transit,2023.0,Kepler,3.15722086,1.41,2.57,1791.0,6120.0,2.0,1.251,928.989,300.3161723,45.4953271
Kepler-1922 b,Kepler-1922,Transit,2021.0,Kepler,13.22259998,2.29064904,5.86,740.0,5931.0,0.863,0.953,1344.29,292.3303706,37.9970696
Kepler-1923 b,Kepler-1923,Transit,2021.0,Kepler,52.60969925,1.95958179,4.5,553.0,5881.0,1.294,1.109,990.838,298.0834457,40.3462551
Kepler-1924 b,Kepler-1924,Transit,2021.0,Kepler,15.33170033,2.65446572,7.53,821.0,5726.0,1.285,1.018,1910.77,293.767386,42.8291562
Kepler-1925 b,Kepler-1925,Transit,2021.0,Kepler,46.71640015,3.00177922,9.28,531.0,5856.0,1.092,1.057,1771.31,289.8287452,45.1026883
Kepler-1926 b,Kepler-1926,Transit,2021.0,Kepler,42.87770081,2.31495961,5.97,451.0,5256.0,0.832,0.768,667.405,291.1987905,44.1662033
Kepler-1927 b,Kepler-1927,Transit,2021.0,Kepler,73.75039673,3.40627075,11.5,677.0,6056.0,2.481,1.408,1091.0,296.3546093,41.3355698
Kepler-1928 b,Kepler-1928,Transit,2021.0,Kepler,19.57783,1.992,4.63,621.0,5720.0,0.92,1.01,326.362,290.4406294,38.5235721
Kepler-1929 b,Kepler-1929,Transit,2021.0,Kepler,59.36249924,3.07250761,9.65,566.0,5786.0,1.471,1.006,508.201,299.5833362,47.4481244
Kepler-193 b,Kepler-193,Transit,2014.0,Kepler,11.38848,2.39,6.3,979.0,6335.0,1.147,1.051,1009.1,296.4985951,46.5772484
Kepler-193 c,Kepler-193,Transit,2014.0,Kepler,50.697494,2.75,8.0,595.0,6335.0,1.147,1.051,1009.1,296.4985951,46.5772484
Kepler-1930 b,Kepler-1930,Transit,2021.0,Kepler,13.02680016,1.52955541,2.95,643.0,5083.0,0.844,0.844,275.694,297.577145,40.0276768
Kepler-1931 b,Kepler-1931,Transit,2021.0,Kepler,38.5760994,2.65323514,7.53,619.0,6167.0,1.221,1.174,620.091,290.8723061,43.3330104
Kepler-1932 b,Kepler-1932,Transit,2021.0,Kepler,0.524177015,1.51482218,2.91,1891.0,5278.0,0.815,0.911,713.733,285.3314903,41.0638435
Kepler-1933 b,Kepler-1933,Transit,2021.0,Kepler,4.943290234,1.17984089,1.76,1058.0,5661.0,1.008,0.964,328.007,283.995085,39.9170121
Kepler-1934 b,Kepler-1934,Transit,2021.0,Kepler,1.419759989,0.91307734,0.702,1700.0,5925.0,1.035,0.968,428.514,290.9193265,37.2871677
Kepler-1935 b,Kepler-1935,Transit,2021.0,Kepler,3.951400042,2.50271696,6.82,1083.0,5570.0,0.899,0.845,904.702,296.4037783,39.7227036
Kepler-1936 b,Kepler-1936,Transit,2021.0,Kepler,126.5569992,3.16615594,10.2,524.0,6501.0,1.854,1.419,871.096,290.7300141,44.836128
Kepler-1937 b,Kepler-1937,Transit,2021.0,Kepler,9.688599586,3.0229133,9.39,1014.0,6457.0,1.196,1.19,905.069,290.6583922,40.7785383
Kepler-1938 b,Kepler-1938,Transit,2021.0,Kepler,13.06260014,1.82828927,4.0,527.0,4522.0,0.655,0.646,421.152,299.351892,41.1957285
Kepler-1939 b,Kepler-1939,Transit,2021.0,Kepler,2.790659904,1.16480773,1.68,816.0,4353.0,0.603,0.648,189.833,285.6899312,40.9946659
Kepler-194 b,Kepler-194,Transit,2014.0,Kepler,2.092281,1.51,2.89,1648.0,6089.0,1.025,0.94,1097.97,291.971429,47.8640498
Kepler-194 c,Kepler-194,Transit,2014.0,Kepler,17.308032,2.59,7.22,815.0,6089.0,1.025,0.94,1097.97,291.971429,47.8640498
Kepler-194 d,Kepler-194,Transit,2014.0,Kepler,52.814973,2.4,6.35,562.0,6089.0,1.025,0.94,1097.97,291.971429,47.8640498
Kepler-1940 b,Kepler-1940,Transit,2021.0,Kepler,4.950610161,1.54732469,3.01,885.0,5431.0,0.717,0.802,798.595,291.2042027,45.2383344
Kepler-1941 b,Kepler-1941,Transit,2021.0,Kepler,31.33510017,2.64976949,7.51,666.0,6404.0,1.142,1.175,1494.39,296.6270184,49.353891
Kepler-1942 b,Kepler-1942,Transit,2021.0,Kepler,4.626049995,2.1170287,5.13,1012.0,5834.0,0.797,0.852,842.492,294.9805416,44.4252384
Kepler-1943 b,Kepler-1943,Transit,2021.0,Kepler,4.850180149,1.54869189,3.02,1098.0,6032.0,0.973,1.055,1004.55,293.3182976,41.1166697
Kepler-1944 b,Kepler-1944,Transit,2021.0,Kepler,9.842579842,2.75971163,8.05,801.0,5585.0,0.972,1.064,1076.48,296.5105045,39.1732645
Kepler-1945 b,Kepler-1945,Transit,2021.0,Kepler,6.080039978,1.289,2.21,808.0,4991.0,0.804,0.767,,281.8980828,42.2858185
Kepler-1946 b,Kepler-1946,Transit,2021.0,Kepler,3.035190105,2.48812698,6.75,1143.0,5505.0,0.873,0.887,1002.12,282.3355387,42.8453417
Kepler-1947 b,Kepler-1947,Transit,2021.0,Kepler,6.963630199,1.0101666,1.01,1298.0,6040.0,1.686,0.984,468.771,296.1040313,42.3425818
Kepler-1948 b,Kepler-1948,Transit,2021.0,Kepler,15.57129955,1.03283226,1.09,399.0,3872.0,0.557,0.585,193.903,287.3640804,47.7853043
Kepler-1949 b,Kepler-1949,Transit,2021.0,Kepler,2.208280087,2.21964541,5.56,1709.0,6028.0,1.454,1.194,2617.35,293.5422586,43.0260555
Kepler-195 b,Kepler-195,Transit,2014.0,Kepler,8.307872,2.03,4.78,751.0,5329.0,0.775,0.867,652.051,288.1209339,47.9666141
Kepler-195 c,Kepler-195,Transit,2014.0,Kepler,34.096863,1.55,3.02,469.0,5329.0,0.775,0.867,652.051,288.1209339,47.9666141
Kepler-1950 b,Kepler-1950,Transit,2021.0,Kepler,10.77690029,1.52696349,2.95,752.0,5455.0,0.852,0.759,697.253,287.0874563,42.6686537
Kepler-1951 b,Kepler-1951,Transit,2021.0,Kepler,20.65780067,2.32107188,6.0,728.0,5468.0,1.306,0.923,1277.32,290.4999139,40.2877161
Kepler-1952 b,Kepler-1952,Transit,2021.0,Kepler,27.21080017,1.23923346,2.07,725.0,5973.0,1.305,0.922,852.062,288.0764082,43.9584839
Kepler-1953 b,Kepler-1953,Transit,2021.0,Kepler,6.245659828,1.28574667,2.2,731.0,4858.0,0.707,0.786,605.631,287.9680995,46.4705959
Kepler-1954 b,Kepler-1954,Transit,2021.0,Kepler,5.883430004,1.80235934,3.9,949.0,5840.0,0.849,0.942,1373.83,298.0029203,43.3545882
Kepler-1955 b,Kepler-1955,Transit,2021.0,Kepler,14.26519966,1.16654878,1.69,853.0,5825.0,1.291,1.049,449.351,299.5347603,40.4777528
Kepler-1956 b,Kepler-1956,Transit,2021.0,Kepler,5.943719864,1.08940238,1.32,674.0,4391.0,0.682,0.671,360.468,294.6208506,49.894219
Kepler-1957 b,Kepler-1957,Transit,2021.0,Kepler,2.186619997,0.94374867,0.79,1099.0,4904.0,0.772,0.745,460.899,293.711436,47.8874467
Kepler-1958 b,Kepler-1958,Transit,2021.0,Kepler,9.328619957,2.05124311,4.86,806.0,5749.0,0.864,0.961,1320.38,289.1041643,41.6901138
Kepler-1959 b,Kepler-1959,Transit,2021.0,Kepler,6.38669014,1.14315727,1.57,811.0,5071.0,0.811,0.768,479.263,296.022301,44.7326691
Kepler-196 b,Kepler-196,Transit,2014.0,Kepler,20.739886,1.9,4.27,536.0,5128.0,0.782,0.839,451.312,284.9685077,42.0791214
Kepler-196 c,Kepler-196,Transit,2014.0,Kepler,47.427737,2.24,5.65,407.0,5128.0,0.782,0.839,451.312,284.9685077,42.0791214
Kepler-196 d,Kepler-196,Transit,2021.0,Kepler,122.0800018,2.66065673,7.56,297.0,5132.0,0.77,0.805,451.312,284.9685077,42.0791214
Kepler-1960 b,Kepler-1960,Transit,2021.0,Kepler,2.297940016,1.30749704,2.26,1547.0,6371.0,1.072,1.117,1527.56,294.6969361,46.7202043
Kepler-1961 b,Kepler-1961,Transit,2021.0,Kepler,5.604710102,1.6187808,3.25,866.0,5401.0,0.777,0.871,1042.45,286.3300783,39.6831276
Kepler-1962 b,Kepler-1962,Transit,2021.0,Kepler,7.991459846,1.21463929,1.95,901.0,5700.0,1.006,1.003,866.826,289.5483989,40.1641457
Kepler-1963 b,Kepler-1963,Transit,2021.0,Kepler,1.962260008,0.74437023,0.337,1448.0,5726.0,0.979,0.915,492.847,296.5875182,47.207129
Kepler-1964 b,Kepler-1964,Transit,2021.0,Kepler,2.440829992,1.7810587,3.83,986.0,4803.0,0.698,0.752,,297.0588033,49.4784362
Kepler-1965 b,Kepler-1965,Transit,2021.0,Kepler,41.86869812,1.35415138,2.4,492.0,5852.0,0.837,0.928,521.791,292.5147146,38.0219872
Kepler-1966 b,Kepler-1966,Transit,2021.0,Kepler,8.617429733,1.10479327,1.39,733.0,5009.0,0.84,0.797,484.601,292.4637788,41.2990438
Kepler-1967 b,Kepler-1967,Transit,2021.0,Kepler,7.281690121,0.73022577,0.315,1086.0,4970.0,1.806,0.996,249.102,299.1376276,43.4984724
Kepler-1968 b,Kepler-1968,Transit,2021.0,Kepler,7.281099796,1.50004034,2.86,744.0,5008.0,0.788,0.844,750.93,291.5080318,45.3700933
Kepler-1969 b,Kepler-1969,Transit,2021.0,Kepler,6.647520065,1.68161001,3.47,999.0,6046.0,1.007,1.111,1204.54,294.7842662,49.4920557
Kepler-197 b,Kepler-197,Transit,2014.0,Kepler,5.599308,1.02,1.04,1142.0,6004.0,1.12,0.857,330.575,295.2264739,50.5592348
Kepler-197 c,Kepler-197,Transit,2014.0,Kepler,10.349695,1.23,5.3,930.0,6004.0,1.12,0.857,330.575,295.2264739,50.5592348
Kepler-197 d,Kepler-197,Transit,2014.0,Kepler,15.677563,1.22,1.98,810.0,6004.0,1.12,0.857,330.575,295.2264739,50.5592348
Kepler-197 e,Kepler-197,Transit,2014.0,Kepler,25.209715,0.91,0.693,691.0,6004.0,1.12,0.857,330.575,295.2264739,50.5592348
Kepler-1972 b,Kepler-1972,Transit,2022.0,Kepler,7.54425,0.802,2.02,1084.0,5818.0,1.384,1.12,287.339,288.3953074,39.8725067
Kepler-1972 c,Kepler-1972,Transit,2022.0,Kepler,11.3295,0.868,2.11,1215.0,5818.0,1.384,1.12,287.339,288.3953074,39.8725067
Kepler-1976 b,Kepler-1976,Transit Timing Variations,2023.0,Kepler,4.959319244,12.21,,1103.0,5712.0,1.082,0.976,1314.51,292.16706,48.7275345
Kepler-1977 b,Kepler-1977,Transit,2023.0,Kepler,4.53702121,1.66,3.39,798.0,4805.0,0.688,0.769,592.711,290.6178587,37.2891002
Kepler-1978 b,Kepler-1978,Transit,2023.0,Kepler,10.84969477,2.67,7.61,676.0,5251.0,0.778,0.869,865.512,286.0067312,38.0095407
Kepler-1979 b,Kepler-1979,Transit,2023.0,Kepler,18.5084526,29.33,,683.0,5942.0,0.938,1.028,1076.27,289.8429062,38.309622
Kepler-198 b,Kepler-198,Transit,2014.0,Kepler,17.790037,2.82,8.35,655.0,5574.0,0.94,0.995,495.358,290.6731326,38.6910045
Kepler-198 c,Kepler-198,Transit,2014.0,Kepler,49.567416,2.47,6.66,465.0,5574.0,0.94,0.995,495.358,290.6731326,38.6910045
Kepler-198 d,Kepler-198,Transit,2016.0,Kepler,1.31184443,1.53,2.96,1562.0,5636.0,0.93,0.97,495.358,290.6731326,38.6910045
Kepler-1980 b,Kepler-1980,Transit,2023.0,Kepler,33.0257179,2.21,5.52,564.0,5819.0,0.99,1.049,1709.4,295.1672065,38.637039
Kepler-1981 b,Kepler-1981,Transit,2023.0,Kepler,453.54212,9.23,62.5,390.0,5874.0,3.006,1.519,659.395,287.9754691,38.7402988
Kepler-1982 b,Kepler-1982,Transit,2023.0,Kepler,3.82315697,0.77,0.381,1282.0,6202.0,1.122,1.213,558.855,287.4099905,39.6586267
Kepler-1983 b,Kepler-1983,Transit,2023.0,Kepler,7.32851947,2.33,6.04,807.0,5135.0,0.874,0.812,424.428,297.042015,39.9121864
Kepler-1984 b,Kepler-1984,Transit,2023.0,Kepler,1.992812339,6.81,37.3,675.0,3638.0,0.42,0.45,,291.2850446,40.7300225
Kepler-1985 b,Kepler-1985,Transit,2023.0,Kepler,3.42064689,2.27,5.77,1129.0,5370.0,0.966,0.877,,293.5663715,42.1325825
Kepler-1986 b,Kepler-1986,Transit,2023.0,Kepler,19.5489666,1.89,4.23,579.0,5549.0,0.732,0.776,912.085,292.9582727,42.8548909
Kepler-1987 b,Kepler-1987,Transit,2023.0,Kepler,2.345863002,1.23,2.04,997.0,4769.0,0.714,0.799,595.683,295.8254663,42.9433716
Kepler-1987 c,Kepler-1987,Transit,2023.0,Kepler,3.64830183,1.33,2.33,860.0,4769.0,0.714,0.799,595.683,295.8254663,42.9433716
Kepler-1987 d,Kepler-1987,Transit,2023.0,Kepler,5.644914154,2.66,7.56,744.0,4769.0,0.714,0.799,595.683,295.8254663,42.9433716
Kepler-1987 e,Kepler-1987,Transit,2023.0,Kepler,8.74292005,1.92,4.35,643.0,4769.0,0.714,0.799,595.683,295.8254663,42.9433716
Kepler-1988 b,Kepler-1988,Transit,2023.0,Kepler,11.49500229,1.53,2.96,1105.0,6033.0,1.788,1.127,513.426,298.6738034,43.7955099
Kepler-1989 b,Kepler-1989,Transit,2023.0,Kepler,10.161023528,4.62,19.3,904.0,6032.0,1.06,0.999,1252.13,290.7351869,44.091262
Kepler-199 b,Kepler-199,Transit,2014.0,Kepler,23.637604,3.11,9.85,595.0,5644.0,0.967,0.96,521.054,295.5594278,40.236249
Kepler-199 c,Kepler-199,Transit,2014.0,Kepler,67.093408,3.25,10.6,420.0,5644.0,0.967,0.96,521.054,295.5594278,40.236249
Kepler-1990 b,Kepler-1990,Transit,2023.0,Kepler,1.73513619,3.27,10.7,1554.0,5751.0,1.071,1.028,392.739,299.7047433,44.4357068
Kepler-1990 c,Kepler-1990,Transit,2023.0,Kepler,4.06844957,0.98,0.904,1170.0,5751.0,1.071,1.028,392.739,299.7047433,44.4357068
Kepler-1991 b,Kepler-1991,Transit,2023.0,Kepler,13.26079792,1.47,2.76,760.0,5478.0,1.053,0.914,855.82,285.0360506,45.0709909
Kepler-1991 c,Kepler-1991,Transit,2023.0,Kepler,22.79020351,2.57,7.13,634.0,5478.0,1.053,0.914,855.82,285.0360506,45.0709909
Kepler-1992 b,Kepler-1992,Transit,2023.0,Kepler,15.6112238,0.91,0.693,637.0,5383.0,0.842,0.874,532.955,295.0902409,45.0811045
Kepler-1993 b,Kepler-1993,Transit,2023.0,Kepler,26.6565737,4.15,16.1,903.0,5159.0,3.062,1.373,1031.91,293.7968548,45.1607261
Kepler-1994 b,Kepler-1994,Transit,2023.0,Kepler,4.61225043,0.51,0.087,1032.0,5495.0,0.961,0.932,241.991,297.1487941,46.2969247
Kepler-1995 b,Kepler-1995,Transit,2023.0,Kepler,73.7578875,4.28,16.9,375.0,5029.0,0.93,0.847,595.331,284.342725,46.3165907
Kepler-1996 b,Kepler-1996,Transit,2023.0,Kepler,32.376183,2.26,5.73,392.0,4580.0,0.675,0.748,440.561,285.2537555,46.5822183
Kepler-1996 c,Kepler-1996,Transit,2023.0,Kepler,92.7297248,2.81,8.3,276.0,4580.0,0.675,0.748,440.561,285.2537555,46.5822183
Kepler-1997 b,Kepler-1997,Transit,2023.0,Kepler,26.7575866,2.28,5.82,660.0,6215.0,1.052,1.111,1502.34,297.4808253,46.5891373
Kepler-1998 b,Kepler-1998,Transit,2023.0,Kepler,3.03267135,0.6,0.156,1187.0,5640.0,0.921,0.962,340.965,283.4291536,47.5923973
Kepler-1999 b,Kepler-1999,Transit,2023.0,Kepler,8.7396758,3.29,10.8,577.0,4406.0,0.628,0.632,701.255,282.3705675,48.259234
Kepler-20 b,Kepler-20,Transit,2011.0,Kepler,3.6961049,1.773,9.7,1187.0,5495.0,0.9164,0.929,282.563,287.6979913,42.3385782
Kepler-20 c,Kepler-20,Transit,2011.0,Kepler,10.8540774,2.894,11.1,828.0,5495.0,0.9164,0.929,282.563,287.6979913,42.3385782
Kepler-20 d,Kepler-20,Transit,2011.0,Kepler,77.611455,2.606,13.4,430.0,5495.0,0.9164,0.929,282.563,287.6979913,42.3385782
Kepler-20 e,Kepler-20,Transit,2011.0,Kepler,6.0984882,0.821,0.76,1004.0,5495.0,0.9164,0.929,282.563,287.6979913,42.3385782
Kepler-20 f,Kepler-20,Transit,2011.0,Kepler,19.578328,0.952,1.4,681.0,5495.0,0.9164,0.929,282.563,287.6979913,42.3385782
Kepler-20 g,Kepler-20,Radial Velocity,2016.0,Multiple Observatories,34.94,4.71,19.96,524.0,5495.0,0.9639,0.948,282.563,287.6979913,42.3385782
Kepler-200 b,Kepler-200,Transit,2014.0,Kepler,8.594805,2.13,5.18,854.0,5678.0,0.944,0.972,665.912,284.4099503,41.2374928
Kepler-200 c,Kepler-200,Transit,2014.0,Kepler,10.222157,1.59,3.15,806.0,5678.0,0.944,0.972,665.912,284.4099503,41.2374928
Kepler-2000 b,Kepler-2000,Transit,2023.0,Kepler,6.383159135,2.73,7.9,530.0,3757.0,0.576,0.581,320.588,285.5743032,49.9621218
Kepler-2000 c,Kepler-2000,Transit,2023.0,Kepler,20.6180348,1.57,3.09,359.0,3757.0,0.576,0.581,320.588,285.5743032,49.9621218
Kepler-2001 b,Kepler-2001,Transit,2023.0,Kepler,1.090011003,1.04,1.12,1402.0,5081.0,0.77,0.864,776.55,291.6594558,50.5838585
Kepler-2001 c,Kepler-2001,Transit,2023.0,Kepler,14.092583189,1.82,3.97,597.0,5081.0,0.77,0.864,776.55,291.6594558,50.5838585
Kepler-201 b,Kepler-201,Transit,2014.0,Kepler,25.672083,2.46,6.62,683.0,6065.0,1.229,1.098,636.445,293.626059,41.2728004
Kepler-201 c,Kepler-201,Transit,2014.0,Kepler,151.884058,2.85,8.5,378.0,6065.0,1.229,1.098,636.445,293.626059,41.2728004
Kepler-202 b,Kepler-202,Transit,2014.0,Kepler,4.069427,1.63,3.29,802.0,4668.0,0.667,0.683,285.111,282.9734874,41.3217991
Kepler-202 c,Kepler-202,Transit,2014.0,Kepler,16.282493,1.85,4.08,505.0,4668.0,0.667,0.683,285.111,282.9734874,41.3217991
Kepler-203 b,Kepler-203,Transit,2014.0,Kepler,3.162697,2.57,7.13,1308.0,5821.0,1.114,1.06,703.302,297.089959,41.3880686
Kepler-203 c,Kepler-203,Transit,2014.0,Kepler,5.370647,2.47,749.9,1096.0,5821.0,1.114,1.06,703.302,297.089959,41.3880686
Kepler-203 d,Kepler-203,Transit,2014.0,Kepler,11.32972,1.44,33.9,855.0,5821.0,1.114,1.06,703.302,297.089959,41.3880686
Kepler-204 b,Kepler-204,Transit,2014.0,Kepler,14.400974,2.53,6.94,828.0,5812.0,1.238,1.038,686.723,285.347162,41.761845
Kepler-204 c,Kepler-204,Transit,2014.0,Kepler,25.660593,1.79,3.86,683.0,5812.0,1.238,1.038,686.723,285.347162,41.761845
Kepler-205 b,Kepler-205,Transit,2014.0,Kepler,2.75564,1.51,2.89,757.0,4321.0,0.546,0.592,159.72,285.2866912,41.8609357
Kepler-205 c,Kepler-205,Transit,2014.0,Kepler,20.306546,1.64,3.33,389.0,4321.0,0.546,0.592,159.72,285.2866912,41.8609357
Kepler-206 b,Kepler-206,Transit,2014.0,Kepler,7.781987,1.2,1.87,983.0,5764.0,1.185,0.957,594.447,291.6346564,41.8338415
Kepler-206 c,Kepler-206,Transit,2014.0,Kepler,13.137471,1.77,3.78,825.0,5764.0,1.185,0.957,594.447,291.6346564,41.8338415
Kepler-206 d,Kepler-206,Transit,2014.0,Kepler,23.44281,1.19,1.81,681.0,5764.0,1.185,0.957,594.447,291.6346564,41.8338415
Kepler-207 b,Kepler-207,Transit,2014.0,Kepler,1.611865,1.57,3.09,1930.0,5920.0,1.588,1.313,875.519,290.0305195,42.1660555
Kepler-207 c,Kepler-207,Transit,2014.0,Kepler,3.071571,1.5,2.86,1556.0,5920.0,1.588,1.313,875.519,290.0305195,42.1660555
Kepler-207 d,Kepler-207,Transit,2014.0,Kepler,5.868075,3.31,11.0,1254.0,5920.0,1.588,1.313,875.519,290.0305195,42.1660555
Kepler-208 b,Kepler-208,Transit,2014.0,Kepler,4.22864,1.63,3.29,1379.0,6092.0,1.314,1.082,775.328,293.8901979,42.5279413
Kepler-208 c,Kepler-208,Transit,2014.0,Kepler,7.466623,1.39,2.51,1141.0,6092.0,1.314,1.082,775.328,293.8901979,42.5279413
Kepler-208 d,Kepler-208,Transit,2014.0,Kepler,11.131786,1.2,1.87,999.0,6092.0,1.314,1.082,775.328,293.8901979,42.5279413
Kepler-208 e,Kepler-208,Transit,2014.0,Kepler,16.259458,1.48,2.79,880.0,6092.0,1.314,1.082,775.328,293.8901979,42.5279413
Kepler-209 b,Kepler-209,Transit,2014.0,Kepler,16.087845,2.26,5.73,668.0,5513.0,0.935,0.971,576.946,291.1694567,42.6407281
Kepler-209 c,Kepler-209,Transit,2014.0,Kepler,41.749882,3.1,9.8,486.0,5513.0,0.935,0.971,576.946,291.1694567,42.6407281
Kepler-21 b,Kepler-21,Transit,2012.0,Kepler,2.7858212,1.639,7.5,2015.0,6305.0,1.902,1.408,108.522,287.3619673,38.7141384
Kepler-210 b,Kepler-210,Transit,2014.0,Kepler,2.453234,2.94,8.96,737.0,4559.0,0.65,0.77,232.75,292.5034196,43.0832188
Kepler-210 c,Kepler-210,Transit,2014.0,Kepler,7.972513,3.62,12.8,497.0,4559.0,0.65,0.77,232.75,292.5034196,43.0832188
Kepler-211 b,Kepler-211,Transit,2014.0,Kepler,4.138575,1.26,2.13,954.0,5123.0,0.816,0.867,309.353,285.4391183,43.1685051
Kepler-211 c,Kepler-211,Transit,2014.0,Kepler,6.04045,1.29,18.3,841.0,5123.0,0.816,0.867,309.353,285.4391183,43.1685051
Kepler-212 b,Kepler-212,Transit,2014.0,Kepler,16.257582,1.09,1.32,830.0,5852.0,1.455,1.166,687.194,287.6208165,43.1416239
Kepler-212 c,Kepler-212,Transit,2014.0,Kepler,31.805174,2.74,7.95,664.0,5852.0,1.455,1.166,687.194,287.6208165,43.1416239
Kepler-213 b,Kepler-213,Transit,2014.0,Kepler,2.46236,1.62,3.26,1326.0,5696.0,1.195,1.07,634.939,290.8241931,44.6472832
Kepler-213 c,Kepler-213,Transit,2014.0,Kepler,4.822962,2.34,6.08,1060.0,5696.0,1.195,1.07,634.939,290.8241931,44.6472832
Kepler-214 b,Kepler-214,Transit,2014.0,Kepler,15.660544,2.61,7.32,758.0,6169.0,1.352,1.11,1208.44,284.7548499,44.95605
Kepler-214 c,Kepler-214,Transit,2014.0,Kepler,28.7798,2.13,5.18,619.0,6169.0,1.352,1.11,1208.44,284.7548499,44.95605
Kepler-215 b,Kepler-215,Transit,2014.0,Kepler,9.360672,1.62,3.26,784.0,5739.0,1.027,0.788,485.997,294.9735313,45.2136867
Kepler-215 c,Kepler-215,Transit,2014.0,Kepler,14.667108,1.77,3.78,675.0,5739.0,1.027,0.788,485.997,294.9735313,45.2136867
Kepler-215 d,Kepler-215,Transit,2014.0,Kepler,30.864423,2.39,23.6,527.0,5739.0,1.027,0.788,485.997,294.9735313,45.2136867
Kepler-215 e,Kepler-215,Transit,2014.0,Kepler,68.16101,1.75,3.71,405.0,5739.0,1.027,0.788,485.997,294.9735313,45.2136867
Kepler-216 b,Kepler-216,Transit,2014.0,Kepler,7.693641,2.35,6.12,1069.0,6091.0,1.26,1.126,1187.47,293.7280695,46.1291139
Kepler-216 c,Kepler-216,Transit,2014.0,Kepler,17.406669,3.04,9.48,814.0,6091.0,1.26,1.126,1187.47,293.7280695,46.1291139
Kepler-217 b,Kepler-217,Transit,2014.0,Kepler,5.374943,2.23,5.6,1413.0,6171.0,1.799,1.342,1104.64,293.0377331,46.2775223
Kepler-217 c,Kepler-217,Transit,2014.0,Kepler,8.586004,1.85,4.08,1208.0,6171.0,1.799,1.342,1104.64,293.0377331,46.2775223
Kepler-217 d,Kepler-217,Transit,2016.0,Kepler,3.88689525,1.32,2.3,1574.0,6341.0,1.76,1.37,1104.64,293.0377331,46.2775223
Kepler-218 b,Kepler-218,Transit,2014.0,Kepler,3.619337,1.48,2.79,1156.0,5502.0,1.063,1.019,656.38,295.4128785,46.2665801
Kepler-218 c,Kepler-218,Transit,2014.0,Kepler,44.699576,3.14,10.0,500.0,5502.0,1.063,1.019,656.38,295.4128785,46.2665801
Kepler-218 d,Kepler-218,Transit,2016.0,Kepler,124.5244647,2.66,7.56,356.0,5542.0,1.02,1.01,656.38,295.4128785,46.2665801
Kepler-219 b,Kepler-219,Transit,2014.0,Kepler,4.585512,2.95,9.01,1307.0,5786.0,1.491,1.164,787.07,288.7389481,46.7625929
Kepler-219 c,Kepler-219,Transit,2014.0,Kepler,22.714613,3.58,12.5,766.0,5786.0,1.491,1.164,787.07,288.7389481,46.7625929
Kepler-219 d,Kepler-219,Transit,2014.0,Kepler,47.903645,2.81,19.1,598.0,5786.0,1.491,1.164,787.07,288.7389481,46.7625929
Kepler-22 b,Kepler-22,Transit,2011.0,Kepler,289.863876,2.1,9.1,279.0,5596.0,0.869,0.857,194.642,289.2172051,47.8841427
Kepler-220 b,Kepler-220,Transit,2014.0,Kepler,4.159807,0.81,0.457,759.0,4632.0,0.666,0.729,171.109,291.5060432,46.8956262
Kepler-220 c,Kepler-220,Transit,2014.0,Kepler,9.034199,1.57,3.09,586.0,4632.0,0.666,0.729,171.109,291.5060432,46.8956262
Kepler-220 d,Kepler-220,Transit,2014.0,Kepler,28.122397,0.98,0.904,401.0,4632.0,0.666,0.729,171.109,291.5060432,46.8956262
Kepler-220 e,Kepler-220,Transit,2014.0,Kepler,45.902733,1.33,2.33,341.0,4632.0,0.666,0.729,171.109,291.5060432,46.8956262
Kepler-221 b,Kepler-221,Transit,2014.0,Kepler,2.795906,1.71,5.95575,1090.0,5243.0,0.821,0.854,385.231,296.6547477,46.8352242
Kepler-221 c,Kepler-221,Transit,2014.0,Kepler,5.690586,2.93,9.3,860.0,5243.0,0.821,0.854,385.231,296.6547477,46.8352242
Kepler-221 d,Kepler-221,Transit,2014.0,Kepler,10.04156,2.73,3.61,712.0,5243.0,0.821,0.854,385.231,296.6547477,46.8352242
Kepler-221 e,Kepler-221,Transit,2014.0,Kepler,18.369917,2.63,7.86706,582.0,5243.0,0.821,0.854,385.231,296.6547477,46.8352242
Kepler-222 b,Kepler-222,Transit,2014.0,Kepler,3.936981,3.16,10.1,1004.0,5433.0,0.869,0.933,758.854,287.9060885,46.9377479
Kepler-222 c,Kepler-222,Transit,2014.0,Kepler,10.08881,4.64,19.4,734.0,5433.0,0.869,0.933,758.854,287.9060885,46.9377479
Kepler-222 d,Kepler-222,Transit,2014.0,Kepler,28.081912,3.69,13.2,522.0,5433.0,0.869,0.933,758.854,287.9060885,46.9377479
Kepler-223 b,Kepler-223,Transit,2014.0,Kepler,7.38449,2.99,7.4,1042.0,5803.0,1.72,1.125,1859.71,298.3183909,47.2794824
Kepler-223 c,Kepler-223,Transit,2014.0,Kepler,9.84564,3.44,5.1,947.0,5803.0,1.72,1.125,1859.71,298.3183909,47.2794824
Kepler-223 d,Kepler-223,Transit,2014.0,Kepler,14.78869,5.24,8.0,827.0,5803.0,1.72,1.125,1859.71,298.3183909,47.2794824
Kepler-223 e,Kepler-223,Transit,2014.0,Kepler,19.72567,4.6,4.8,751.0,5803.0,1.72,1.125,1859.71,298.3183909,47.2794824
Kepler-224 b,Kepler-224,Transit,2014.0,Kepler,3.132924,1.39,2.51,937.0,5018.0,0.676,0.777,782.088,290.9342679,47.3575414
Kepler-224 c,Kepler-224,Transit,2014.0,Kepler,5.925003,3.12,9.91,758.0,5018.0,0.676,0.777,782.088,290.9342679,47.3575414
Kepler-224 d,Kepler-224,Transit,2014.0,Kepler,11.349393,2.3,5.9,610.0,5018.0,0.676,0.777,782.088,290.9342679,47.3575414
Kepler-224 e,Kepler-224,Transit,2014.0,Kepler,18.643577,1.97,4.54,517.0,5018.0,0.676,0.777,782.088,290.9342679,47.3575414
Kepler-225 b,Kepler-225,Transit,2014.0,Kepler,6.738975,1.2,1.87,579.0,3682.0,0.48,0.593,561.101,292.1939846,47.4570808
Kepler-225 c,Kepler-225,Transit,2014.0,Kepler,18.794234,1.84,4.04,412.0,3682.0,0.48,0.593,561.101,292.1939846,47.4570808
Kepler-226 b,Kepler-226,Transit,2014.0,Kepler,3.940997,1.55,24.0,1018.0,5571.0,0.802,0.904,980.138,292.3760942,47.8809596
Kepler-226 c,Kepler-226,Transit,2014.0,Kepler,5.349555,2.27,45.2,919.0,5571.0,0.802,0.904,980.138,292.3760942,47.8809596
Kepler-226 d,Kepler-226,Transit,2014.0,Kepler,8.109044,1.22,1.98,800.0,5571.0,0.802,0.904,980.138,292.3760942,47.8809596
Kepler-227 b,Kepler-227,Transit,2014.0,Kepler,9.488015,3.11,9.85,793.0,5854.0,1.091,0.954,1083.06,291.9342748,48.141676
Kepler-227 c,Kepler-227,Transit,2014.0,Kepler,54.418694,3.04,9.48,443.0,5854.0,1.091,0.954,1083.06,291.9342748,48.141676
Kepler-228 b,Kepler-228,Transit,2014.0,Kepler,2.566546,1.53,2.96,1360.0,6043.0,1.014,1.006,1644.61,296.2860853,48.2246328
Kepler-228 c,Kepler-228,Transit,2014.0,Kepler,4.134444,2.7,7.75,1160.0,6043.0,1.014,1.006,1644.61,296.2860853,48.2246328
Kepler-228 d,Kepler-228,Transit,2014.0,Kepler,11.094286,4.04,15.4,835.0,6043.0,1.014,1.006,1644.61,296.2860853,48.2246328
Kepler-229 b,Kepler-229,Transit,2014.0,Kepler,6.252972,2.2,5.48,823.0,5120.0,0.728,0.808,826.265,286.9994758,48.3757867
Kepler-229 c,Kepler-229,Transit,2014.0,Kepler,16.068638,4.92,21.5,600.0,5120.0,0.728,0.808,826.265,286.9994758,48.3757867
Kepler-229 d,Kepler-229,Transit,2014.0,Kepler,41.194912,3.85,14.2,439.0,5120.0,0.728,0.808,826.265,286.9994758,48.3757867
Kepler-23 b,Kepler-23,Transit,2011.0,Kepler,7.1,1.638,2.56,1157.0,5828.0,1.548,1.078,835.756,294.2189131,49.4792536
Kepler-23 c,Kepler-23,Transit,2011.0,Kepler,10.74,3.005,7.81,1008.0,5828.0,1.548,1.078,835.756,294.2189131,49.4792536
Kepler-23 d,Kepler-23,Transit,2014.0,Kepler,15.27,2.206,4.44,896.0,5828.0,1.548,1.078,835.756,294.2189131,49.4792536
Kepler-230 b,Kepler-230,Transit,2014.0,Kepler,32.625555,4.26,16.8,506.0,5588.0,0.817,0.784,740.754,285.7185682,48.5058038
Kepler-230 c,Kepler-230,Transit,2014.0,Kepler,91.773242,2.04,4.82,359.0,5588.0,0.817,0.784,740.754,285.7185682,48.5058038
Kepler-231 b,Kepler-231,Transit,2014.0,Kepler,10.065275,1.73,35.4,488.0,3767.0,0.49,0.58,316.618,293.9733913,50.531846
Kepler-231 c,Kepler-231,Transit,2014.0,Kepler,19.271566,1.93,24.1,393.0,3767.0,0.49,0.58,316.618,293.9733913,50.531846
Kepler-232 b,Kepler-232,Transit,2014.0,Kepler,4.431222,3.08,9.69,1104.0,5847.0,0.968,0.97,1349.13,295.8161668,51.1217249
Kepler-232 c,Kepler-232,Transit,2014.0,Kepler,11.379349,3.83,14.0,806.0,5847.0,0.968,0.97,1349.13,295.8161668,51.1217249
Kepler-233 b,Kepler-233,Transit,2014.0,Kepler,8.472382,2.43,6.48,751.0,5360.0,0.758,0.855,856.417,296.3665054,51.3194548
Kepler-233 c,Kepler-233,Transit,2014.0,Kepler,60.418955,2.71,7.8,390.0,5360.0,0.758,0.855,856.417,296.3665054,51.3194548
Kepler-234 b,Kepler-234,Transit,2014.0,Kepler,2.711506,3.7,13.2,1420.0,6224.0,1.113,1.129,1733.1,291.6535379,38.4946597
Kepler-234 c,Kepler-234,Transit,2014.0,Kepler,7.21205,3.51,12.1,1025.0,6224.0,1.113,1.129,1733.1,291.6535379,38.4946597
Kepler-235 b,Kepler-235,Transit,2014.0,Kepler,3.340222,2.23,5.6,731.0,4255.0,0.554,0.581,428.018,286.0790779,39.278237
Kepler-235 c,Kepler-235,Transit,2014.0,Kepler,7.824904,1.28,2.18,555.0,4255.0,0.554,0.581,428.018,286.0790779,39.278237
Kepler-235 d,Kepler-235,Transit,2014.0,Kepler,20.060548,2.05,4.86,401.0,4255.0,0.554,0.581,428.018,286.0790779,39.278237
Kepler-235 e,Kepler-235,Transit,2014.0,Kepler,46.183669,2.22,5.56,306.0,4255.0,0.554,0.581,428.018,286.0790779,39.278237
Kepler-236 b,Kepler-236,Transit,2014.0,Kepler,8.295611,1.57,3.09,469.0,3750.0,0.51,0.596005,288.763,283.8664285,39.8981928
Kepler-236 c,Kepler-236,Transit,2014.0,Kepler,23.968127,2.0,4.66,329.0,3750.0,0.51,0.596005,288.763,283.8664285,39.8981928
Kepler-237 b,Kepler-237,Transit,2014.0,Kepler,4.715106,1.41,2.57,823.0,4861.0,0.725,0.696,657.822,283.2213438,40.421762
Kepler-237 c,Kepler-237,Transit,2014.0,Kepler,8.103636,2.08,4.98,687.0,4861.0,0.725,0.696,657.822,283.2213438,40.421762
Kepler-238 b,Kepler-238,Transit,2014.0,Kepler,2.090876,1.73,3305.02,1642.0,5751.0,1.43,1.229,1798.75,287.8971066,40.6378141
Kepler-238 c,Kepler-238,Transit,2014.0,Kepler,6.155557,2.39,152.522,1146.0,5751.0,1.43,1.229,1798.75,287.8971066,40.6378141
Kepler-238 d,Kepler-238,Transit,2014.0,Kepler,13.233549,3.07,23.1,888.0,5751.0,1.43,1.229,1798.75,287.8971066,40.6378141
Kepler-238 e,Kepler-238,Transit,2013.0,Kepler,23.654,5.6,169.7,731.0,5800.0,0.96,1.06,1798.75,287.8971066,40.6378141
Kepler-238 f,Kepler-238,Transit,2013.0,Kepler,50.447,2.0,13.5,568.0,5800.0,0.96,1.06,1798.75,287.8971066,40.6378141
Kepler-239 b,Kepler-239,Transit,2014.0,Kepler,11.763051,2.33,6.04,616.0,4914.0,0.763,0.757,648.109,294.2020505,40.6633313
Kepler-239 c,Kepler-239,Transit,2014.0,Kepler,56.228098,2.51,6.85,366.0,4914.0,0.763,0.757,648.109,294.2020505,40.6633313
Kepler-24 b,Kepler-24,Transit,2011.0,Kepler,8.14,2.348,11.14,1050.0,6028.0,1.099,1.06,1156.81,290.4132621,38.3437283
Kepler-24 c,Kepler-24,Transit,2011.0,Kepler,12.33,2.514,9.99,915.0,6028.0,1.099,1.06,1156.81,290.4132621,38.3437283
Kepler-24 d,Kepler-24,Transit,2014.0,Kepler,4.244384,1.67,293.959,1305.0,5897.0,1.289,1.046,1156.81,290.4132621,38.3437283
Kepler-24 e,Kepler-24,Transit,2014.0,Kepler,18.998355,2.78,26.2118,792.0,5897.0,1.289,1.046,1156.81,290.4132621,38.3437283
Kepler-240 b,Kepler-240,Transit,2014.0,Kepler,4.144495,1.37,2.45,864.0,4985.0,0.739,0.868,746.927,291.1587635,40.7502108
Kepler-240 c,Kepler-240,Transit,2014.0,Kepler,7.953528,2.2,102.3,696.0,4985.0,0.739,0.868,746.927,291.1587635,40.7502108
Kepler-241 b,Kepler-241,Transit,2014.0,Kepler,12.718092,2.33,6.04,562.0,4699.0,0.668,0.671,512.0,292.9131121,41.0609786
Kepler-241 c,Kepler-241,Transit,2014.0,Kepler,36.065978,2.57,7.13,397.0,4699.0,0.668,0.671,512.0,292.9131121,41.0609786
Kepler-242 b,Kepler-242,Transit,2014.0,Kepler,8.20395,2.61,7.32,742.0,5020.0,0.85,0.748,600.241,286.5656932,41.8084168
Kepler-242 c,Kepler-242,Transit,2014.0,Kepler,14.496481,2.0,4.66,613.0,5020.0,0.85,0.748,600.241,286.5656932,41.8084168
Kepler-243 b,Kepler-243,Transit,2014.0,Kepler,5.715442,2.45,6.57,850.0,5228.0,0.842,0.904,693.86,285.1104819,42.0339619
Kepler-243 c,Kepler-243,Transit,2014.0,Kepler,20.026218,1.99,4.62,559.0,5228.0,0.842,0.904,693.86,285.1104819,42.0339619
Kepler-244 b,Kepler-244,Transit,2014.0,Kepler,4.311792,2.76,8.05,1038.0,5554.0,0.803,0.933,1036.49,287.242641,42.3014185
Kepler-244 c,Kepler-244,Transit,2014.0,Kepler,9.767292,2.05,4.86,791.0,5554.0,0.803,0.933,1036.49,287.242641,42.3014185
Kepler-244 d,Kepler-244,Transit,2014.0,Kepler,20.050401,2.31,15.2,622.0,5554.0,0.803,0.933,1036.49,287.242641,42.3014185
Kepler-245 b,Kepler-245,Transit,2014.0,Kepler,7.49019,2.57,146.78,753.0,5100.0,0.795,0.856,861.527,291.6389972,42.4363482
Kepler-245 c,Kepler-245,Transit,2014.0,Kepler,17.460812,2.18,26.7,568.0,5100.0,0.795,0.856,861.527,291.6389972,42.4363482
Kepler-245 d,Kepler-245,Transit,2014.0,Kepler,36.277108,3.03,21.6,445.0,5100.0,0.795,0.856,861.527,291.6389972,42.4363482
Kepler-245 e,Kepler-245,Transit,2016.0,Kepler,3.219821056,1.75,1806.36,998.0,5174.0,0.8,0.86,861.527,291.6389972,42.4363482
Kepler-246 b,Kepler-246,Transit,2014.0,Kepler,4.60182,2.34,6.08,896.0,5206.0,0.831,0.853,626.078,296.4834007,42.6633806
Kepler-246 c,Kepler-246,Transit,2014.0,Kepler,11.187161,1.5,2.86,667.0,5206.0,0.831,0.853,626.078,296.4834007,42.6633806
Kepler-247 b,Kepler-247,Transit,2014.0,Kepler,3.33616,1.64,3.33,970.0,5100.0,0.768,0.887,663.711,288.6425609,43.0393769
Kepler-247 c,Kepler-247,Transit,2014.0,Kepler,9.439452,4.09,15.7,686.0,5100.0,0.768,0.887,663.711,288.6425609,43.0393769
Kepler-247 d,Kepler-247,Transit,2014.0,Kepler,20.477912,3.94,14.7,530.0,5100.0,0.768,0.887,663.711,288.6425609,43.0393769
Kepler-248 b,Kepler-248,Transit,2014.0,Kepler,6.308205,3.02,9.38,819.0,5190.0,0.831,0.838,738.792,293.0613138,43.5813577
Kepler-248 c,Kepler-248,Transit,2014.0,Kepler,16.239494,4.07,15.6,598.0,5190.0,0.831,0.838,738.792,293.0613138,43.5813577
Kepler-249 b,Kepler-249,Transit,2014.0,Kepler,3.306539,1.09,1.32,554.0,3568.0,0.482,0.510238,190.401,296.9853002,43.6586043
Kepler-249 c,Kepler-249,Transit,2014.0,Kepler,7.113702,1.51,2.89,429.0,3568.0,0.482,0.510238,190.401,296.9853002,43.6586043
Kepler-249 d,Kepler-249,Transit,2014.0,Kepler,15.368459,1.57,3.09,332.0,3568.0,0.482,0.510238,190.401,296.9853002,43.6586043
Kepler-25 b,Kepler-25,Transit,2011.0,Kepler,6.238297,2.748,8.7,1185.0,6354.0,1.316,1.165,243.249,286.6383905,39.4879038
Kepler-25 c,Kepler-25,Transit,2011.0,Kepler,12.7207,5.217,15.2,934.0,6354.0,1.316,1.165,243.249,286.6383905,39.4879038
Kepler-25 d,Kepler-25,Radial Velocity,2014.0,W. M. Keck Observatory,122.4,10.0,71.9,,6354.0,1.316,1.165,243.249,286.6383905,39.4879038
Kepler-250 b,Kepler-250,Transit,2014.0,Kepler,4.148141,1.13,1.51,938.0,5160.0,0.805,0.806,760.585,289.5947633,44.1418114
Kepler-250 c,Kepler-250,Transit,2014.0,Kepler,7.156804,2.28,5.82,782.0,5160.0,0.805,0.806,760.585,289.5947633,44.1418114
Kepler-250 d,Kepler-250,Transit,2014.0,Kepler,17.648312,2.18,5.39,579.0,5160.0,0.805,0.806,760.585,289.5947633,44.1418114
Kepler-251 b,Kepler-251,Transit,2014.0,Kepler,4.790936,1.33,2.33,990.0,5526.0,0.89,0.891,924.625,296.5662171,44.1058077
Kepler-251 c,Kepler-251,Transit,2014.0,Kepler,16.514043,2.77,8.1,655.0,5526.0,0.89,0.891,924.625,296.5662171,44.1058077
Kepler-251 d,Kepler-251,Transit,2014.0,Kepler,30.133001,2.77,8.1,536.0,5526.0,0.89,0.891,924.625,296.5662171,44.1058077
Kepler-251 e,Kepler-251,Transit,2014.0,Kepler,99.640161,2.77,8.1,360.0,5526.0,0.89,0.891,924.625,296.5662171,44.1058077
Kepler-252 b,Kepler-252,Transit,2014.0,Kepler,6.668391,1.23,2.04,587.0,4208.0,0.549,0.61,379.424,295.579329,44.5459052
Kepler-252 c,Kepler-252,Transit,2014.0,Kepler,10.848463,2.15,5.27,499.0,4208.0,0.549,0.61,379.424,295.579329,44.5459052
Kepler-253 b,Kepler-253,Transit,2014.0,Kepler,3.783986,1.63,3.29,949.0,5208.0,0.786,0.86,838.595,291.8419337,44.858124
Kepler-253 c,Kepler-253,Transit,2014.0,Kepler,10.281951,2.65,7.51,680.0,5208.0,0.786,0.86,838.595,291.8419337,44.858124
Kepler-253 d,Kepler-253,Transit,2014.0,Kepler,18.119869,3.17,10.2,563.0,5208.0,0.786,0.86,838.595,291.8419337,44.858124
Kepler-254 b,Kepler-254,Transit,2014.0,Kepler,5.826662,3.87,14.3,1013.0,5957.0,0.91,0.849,1389.48,288.1646541,45.8164257
Kepler-254 c,Kepler-254,Transit,2014.0,Kepler,12.412183,2.15,3.2,787.0,5957.0,0.91,0.849,1389.48,288.1646541,45.8164257
Kepler-254 d,Kepler-254,Transit,2014.0,Kepler,18.746477,2.5,6.8,686.0,5957.0,0.91,0.849,1389.48,288.1646541,45.8164257
Kepler-255 b,Kepler-255,Transit,2014.0,Kepler,5.714606,1.55,3.02,971.0,5573.0,0.933,0.867,1052.53,296.0642702,45.9767647
Kepler-255 c,Kepler-255,Transit,2014.0,Kepler,9.946047,2.99,9.22,807.0,5573.0,0.933,0.867,1052.53,296.0642702,45.9767647
Kepler-255 d,Kepler-255,Transit,2016.0,Kepler,1.045622658,1.32,2.3,1710.0,5431.0,0.86,0.9,1052.53,296.0642702,45.9767647
Kepler-256 b,Kepler-256,Transit,2014.0,Kepler,1.620493,1.59,3.15,1681.0,5551.0,1.301,1.037,1026.43,292.58042,46.0973588
Kepler-256 c,Kepler-256,Transit,2014.0,Kepler,3.38802,2.15,5.27,1315.0,5551.0,1.301,1.037,1026.43,292.58042,46.0973588
Kepler-256 d,Kepler-256,Transit,2014.0,Kepler,5.839172,2.48,6.71,1097.0,5551.0,1.301,1.037,1026.43,292.58042,46.0973588
Kepler-256 e,Kepler-256,Transit,2014.0,Kepler,10.681572,2.35,6.12,897.0,5551.0,1.301,1.037,1026.43,292.58042,46.0973588
Kepler-257 b,Kepler-257,Transit,2014.0,Kepler,2.382667,2.61,7.32,1237.0,5180.0,1.037,0.916,780.256,297.3159994,46.0232642
Kepler-257 c,Kepler-257,Transit,2014.0,Kepler,6.581484,5.41,25.2,881.0,5180.0,1.037,0.916,780.256,297.3159994,46.0232642
Kepler-257 d,Kepler-257,Transit,2014.0,Kepler,24.664551,4.95,21.7,567.0,5180.0,1.037,0.916,780.256,297.3159994,46.0232642
Kepler-258 b,Kepler-258,Transit,2014.0,Kepler,13.19722,4.06,15.5,642.0,4942.0,0.915,0.82,575.988,294.0684116,46.5791357
Kepler-258 c,Kepler-258,Transit,2014.0,Kepler,33.653079,3.61,12.7,470.0,4942.0,0.915,0.82,575.988,294.0684116,46.5791357
Kepler-259 b,Kepler-259,Transit,2014.0,Kepler,8.115317,2.8,8.25,879.0,5938.0,0.898,0.867,1002.14,288.2119707,46.6150461
Kepler-259 c,Kepler-259,Transit,2014.0,Kepler,36.924931,2.7,7.75,530.0,5938.0,0.898,0.867,1002.14,288.2119707,46.6150461
Kepler-26 b,Kepler-26,Transit,2011.0,Kepler,12.28,2.78,5.12,431.0,3914.0,0.512,0.544,335.307,284.9410627,46.5664505
Kepler-26 c,Kepler-26,Transit,2011.0,Kepler,17.2559,2.72,6.2,385.0,3914.0,0.512,0.544,335.307,284.9410627,46.5664505
Kepler-26 d,Kepler-26,Transit,2014.0,Kepler,3.543919,1.07,1.24,652.0,4486.0,0.571,0.593,335.307,284.9410627,46.5664505
Kepler-26 e,Kepler-26,Transit,2014.0,Kepler,46.827915,2.41,6.39,276.0,4486.0,0.571,0.593,335.307,284.9410627,46.5664505
Kepler-260 b,Kepler-260,Transit,2014.0,Kepler,8.187399,2.01,4.7,782.0,5250.0,0.862,1.013,627.365,291.9259658,38.0140525
Kepler-260 c,Kepler-260,Transit,2014.0,Kepler,76.050178,1.74,3.68,372.0,5250.0,0.862,1.013,627.365,291.9259658,38.0140525
Kepler-261 b,Kepler-261,Transit,2014.0,Kepler,10.381227,2.18,5.39,672.0,5098.0,0.794,0.834,317.499,291.3647333,37.609239
Kepler-261 c,Kepler-261,Transit,2014.0,Kepler,24.570858,2.0,4.66,505.0,5098.0,0.794,0.834,317.499,291.3647333,37.609239
Kepler-262 b,Kepler-262,Transit,2014.0,Kepler,13.060855,1.36,2.42,734.0,5841.0,0.881,0.816,613.129,290.7287168,37.2526575
Kepler-262 c,Kepler-262,Transit,2014.0,Kepler,21.853722,1.64,3.33,618.0,5841.0,0.881,0.816,613.129,290.7287168,37.2526575
Kepler-263 b,Kepler-263,Transit,2014.0,Kepler,16.568087,2.67,7.61,548.0,5265.0,0.785,0.793,754.747,292.4698022,37.5677941
Kepler-263 c,Kepler-263,Transit,2014.0,Kepler,47.332773,2.47,6.66,386.0,5265.0,0.785,0.793,754.747,292.4698022,37.5677941
Kepler-264 b,Kepler-264,Transit,2014.0,Kepler,40.806231,3.33,11.1,772.0,6158.0,1.55,1.426,942.173,292.044628,37.3761861
Kepler-264 c,Kepler-264,Transit,2014.0,Kepler,140.101261,2.83,8.4,511.0,6158.0,1.55,1.426,942.173,292.044628,37.3761861
Kepler-265 b,Kepler-265,Transit,2014.0,Kepler,6.846262,1.86,4.12,1022.0,5835.0,1.103,0.97,1280.25,290.5104788,41.244743
Kepler-265 c,Kepler-265,Transit,2014.0,Kepler,17.028937,2.63,7.41,755.0,5835.0,1.103,0.97,1280.25,290.5104788,41.244743
Kepler-265 d,Kepler-265,Transit,2014.0,Kepler,43.130617,2.49,6.76,554.0,5835.0,1.103,0.97,1280.25,290.5104788,41.244743
Kepler-265 e,Kepler-265,Transit,2014.0,Kepler,67.831024,2.59,7.22,476.0,5835.0,1.103,0.97,1280.25,290.5104788,41.244743
Kepler-266 b,Kepler-266,Transit,2014.0,Kepler,6.61833,2.48,6.71,1066.0,5885.0,1.028,0.947,1370.79,294.4843821,44.1669355
Kepler-266 c,Kepler-266,Transit,2014.0,Kepler,107.723601,3.89,14.4,421.0,5885.0,1.028,0.947,1370.79,294.4843821,44.1669355
Kepler-267 b,Kepler-267,Transit,2014.0,Kepler,3.353728,1.98,37.9,615.0,4258.0,0.555,0.541571,264.993,299.8305655,47.1575741
Kepler-267 c,Kepler-267,Transit,2014.0,Kepler,6.87745,2.13,5.18,484.0,4258.0,0.555,0.541571,264.993,299.8305655,47.1575741
Kepler-267 d,Kepler-267,Transit,2014.0,Kepler,28.464515,2.27,5.77,301.0,4258.0,0.555,0.541571,264.993,299.8305655,47.1575741
Kepler-268 b,Kepler-268,Transit,2014.0,Kepler,25.934138,2.55,7.04,695.0,6081.0,1.274,1.109,851.87,291.9761559,38.0550327
Kepler-268 c,Kepler-268,Transit,2014.0,Kepler,83.446393,3.38,11.4,471.0,6081.0,1.274,1.109,851.87,291.9761559,38.0550327
Kepler-269 b,Kepler-269,Transit,2014.0,Kepler,5.326718,2.47,6.66,1007.0,5847.0,0.959,0.92,2257.32,290.2151459,41.775981
Kepler-269 c,Kepler-269,Transit,2014.0,Kepler,8.127899,1.69,3.5,875.0,5847.0,0.959,0.92,2257.32,290.2151459,41.775981
Kepler-27 b,Kepler-27,Transit,2011.0,Kepler,15.3348,4.0,2895.31,610.0,5400.0,0.59,0.65,1044.36,292.2367608,41.085871
Kepler-27 c,Kepler-27,Transit,2011.0,Kepler,31.3309,4.9,4385.87,481.0,5400.0,0.59,0.65,1044.36,292.2367608,41.085871
Kepler-27 d,Kepler-27,Transit,2021.0,Kepler,6.546289921,2.7061946,7.78,810.0,5251.0,0.817,0.926,1044.36,292.2367608,41.085871
Kepler-270 b,Kepler-270,Transit,2014.0,Kepler,11.476094,2.01,4.7,984.0,6067.0,1.461,1.17,948.781,282.2001207,44.4222795
Kepler-270 c,Kepler-270,Transit,2014.0,Kepler,25.262887,1.77,3.78,756.0,6067.0,1.461,1.17,948.781,282.2001207,44.4222795
Kepler-271 b,Kepler-271,Transit,2014.0,Kepler,10.43547805,1.23,2.04,759.0,5555.0,0.87,0.9,404.542,283.0029316,44.284108
Kepler-271 c,Kepler-271,Transit,2014.0,Kepler,7.41086267,0.95,0.809,850.0,5555.0,0.87,0.9,404.542,283.0029316,44.284108
Kepler-271 d,Kepler-271,Transit,2016.0,Kepler,5.24972541,0.66,0.219,954.0,5555.0,0.87,0.9,404.542,283.0029316,44.284108
Kepler-272 b,Kepler-272,Transit,2014.0,Kepler,2.971353,1.43,78.0,1200.0,5297.0,0.929,0.91,889.608,299.1275257,47.5938319
Kepler-272 c,Kepler-272,Transit,2014.0,Kepler,6.057342,1.79,97.8,947.0,5297.0,0.929,0.91,889.608,299.1275257,47.5938319
Kepler-272 d,Kepler-272,Transit,2014.0,Kepler,10.937304,2.25,5.69,777.0,5297.0,0.929,0.91,889.608,299.1275257,47.5938319
Kepler-273 b,Kepler-273,Transit,2014.0,Kepler,2.936532,1.5,2.86,1209.0,5626.0,0.815,0.756,713.964,291.3021458,47.6976573
Kepler-273 c,Kepler-273,Transit,2014.0,Kepler,8.014927,1.98,4.58,865.0,5626.0,0.815,0.756,713.964,291.3021458,47.6976573
Kepler-274 b,Kepler-274,Transit,2014.0,Kepler,11.634788,1.54,2.99,961.0,6023.0,1.007,0.883,1333.62,292.9227926,38.4772173
Kepler-274 c,Kepler-274,Transit,2014.0,Kepler,33.197861,1.84,4.04,678.0,6023.0,1.007,0.883,1333.62,292.9227926,38.4772173
Kepler-275 b,Kepler-275,Transit,2014.0,Kepler,10.300682,2.34,6.08,1015.0,6165.0,1.383,1.189,2034.25,292.4797004,38.5149018
Kepler-275 c,Kepler-275,Transit,2014.0,Kepler,16.088134,3.38,11.4,875.0,6165.0,1.383,1.189,2034.25,292.4797004,38.5149018
Kepler-275 d,Kepler-275,Transit,2014.0,Kepler,35.676062,3.33,11.1,671.0,6165.0,1.383,1.189,2034.25,292.4797004,38.5149018
Kepler-276 b,Kepler-276,Transit,2014.0,Kepler,14.12841,2.87,731.209,739.0,6105.0,1.046,0.845,1144.86,293.568197,39.0363123
Kepler-276 c,Kepler-276,Transit,2013.0,Kepler,31.884,2.9,16.6,563.0,5693.0,1.03,1.1,1144.86,293.568197,39.0363123
Kepler-276 d,Kepler-276,Transit,2013.0,Kepler,48.648,2.8,16.3,489.0,5693.0,1.03,1.1,1144.86,293.568197,39.0363123
Kepler-277 b,Kepler-277,Transit,2013.0,Kepler,17.324,2.92,87.3,964.0,5946.0,1.69,1.12,976.643,286.5831894,39.0772582
Kepler-277 c,Kepler-277,Transit,2013.0,Kepler,33.006,3.36,64.2,778.0,5946.0,1.69,1.12,976.643,286.5831894,39.0772582
Kepler-278 b,Kepler-278,Transit,2014.0,Kepler,30.1556,3.955,56.0,586.0,4965.0,2.861,1.227,443.03,290.1072124,38.7022694
Kepler-278 c,Kepler-278,Transit,2014.0,Kepler,51.111,3.268,34.9,492.0,4965.0,2.861,1.227,443.03,290.1072124,38.7022694
Kepler-279 b,Kepler-279,Transit,2014.0,Kepler,12.309681,3.62,4180.93,1104.0,6363.0,1.746,1.2,1037.4,287.391295,42.194822
Kepler-279 c,Kepler-279,Transit,2013.0,Kepler,35.736,4.3,49.4,774.0,6689.45,1.07,1.1,1037.4,287.391295,42.194822
Kepler-279 d,Kepler-279,Transit,2013.0,Kepler,54.414,3.1,37.5,574.0,6689.45,1.07,1.1,1037.4,287.391295,42.194822
Kepler-279 e,Kepler-279,Transit,2025.0,Kepler,98.3531,4.13,56.0,552.0,6689.45,1.43,1.164,1037.4,287.391295,42.194822
Kepler-28 b,Kepler-28,Transit,2011.0,Kepler,5.91,1.959,1.63,585.0,4499.3,0.664,0.684,438.359,292.1370409,42.4294835
Kepler-28 c,Kepler-28,Transit,2011.0,Kepler,8.99,1.857,2.06,509.0,4499.3,0.664,0.684,438.359,292.1370409,42.4294835
Kepler-280 b,Kepler-280,Transit,2014.0,Kepler,2.139542,1.45,2.7,1425.0,5744.0,0.886,0.962,780.361,291.3905325,42.1804735
Kepler-280 c,Kepler-280,Transit,2014.0,Kepler,4.807091,2.01,4.7,1088.0,5744.0,0.886,0.962,780.361,291.3905325,42.1804735
Kepler-281 b,Kepler-281,Transit,2014.0,Kepler,14.646008,2.82,324.0,694.0,5723.0,0.899,0.95,1745.45,294.1081465,44.7706524
Kepler-281 c,Kepler-281,Transit,2014.0,Kepler,36.337373,5.31,161.124,513.0,5723.0,0.899,0.95,1745.45,294.1081465,44.7706524
Kepler-281 d,Kepler-281,Transit,2021.0,Kepler,148.2720032,5.93747806,654.0,321.0,5717.0,0.884,0.984,1745.45,294.1081465,44.7706524
Kepler-282 b,Kepler-282,Transit,2014.0,Kepler,9.220524,1.01,1.01,817.0,5602.0,0.904,0.86,1337.61,284.6772402,44.7976401
Kepler-282 c,Kepler-282,Transit,2014.0,Kepler,13.638723,1.2,1.87,717.0,5602.0,0.904,0.86,1337.61,284.6772402,44.7976401
Kepler-282 d,Kepler-282,Transit,2013.0,Kepler,24.806,2.46,61.0,588.0,5656.0,0.89,0.97,1337.61,284.6772402,44.7976401
Kepler-282 e,Kepler-282,Transit,2013.0,Kepler,44.347,3.1,56.2,484.0,5656.0,0.89,0.97,1337.61,284.6772402,44.7976401
Kepler-283 b,Kepler-283,Transit,2014.0,Kepler,11.008151,2.13,5.18,488.0,4351.0,0.566,0.596,468.094,293.6137413,47.838938
Kepler-283 c,Kepler-283,Transit,2014.0,Kepler,92.743711,1.82,3.97,240.0,4351.0,0.566,0.596,468.094,293.6137413,47.838938
Kepler-284 b,Kepler-284,Transit,2014.0,Kepler,12.699149,2.24,5.65,686.0,5615.0,0.814,0.766,1031.95,293.1465698,47.7297053
Kepler-284 c,Kepler-284,Transit,2014.0,Kepler,37.514456,2.61,7.32,478.0,5615.0,0.814,0.766,1031.95,293.1465698,47.7297053
Kepler-285 b,Kepler-285,Transit,2014.0,Kepler,2.633867,1.34,2.36,1131.0,5411.0,0.808,0.915,824.31,291.3908469,48.0655392
Kepler-285 c,Kepler-285,Transit,2014.0,Kepler,6.186676,1.12,1.46,851.0,5411.0,0.808,0.915,824.31,291.3908469,48.0655392
Kepler-286 b,Kepler-286,Transit,2014.0,Kepler,1.796302,1.24,2.07,1367.0,5580.0,0.863,0.83,1226.85,290.6761874,48.2942362
Kepler-286 c,Kepler-286,Transit,2014.0,Kepler,3.468095,1.37,2.45,1098.0,5580.0,0.863,0.83,1226.85,290.6761874,48.2942362
Kepler-286 d,Kepler-286,Transit,2014.0,Kepler,5.914323,1.33,2.33,919.0,5580.0,0.863,0.83,1226.85,290.6761874,48.2942362
Kepler-286 e,Kepler-286,Transit,2014.0,Kepler,29.221289,1.77,3.78,539.0,5580.0,0.863,0.83,1226.85,290.6761874,48.2942362
Kepler-287 b,Kepler-287,Transit,2014.0,Kepler,20.342199,2.33,83.0,667.0,5806.0,1.032,0.963,835.86,290.9274282,48.4434588
Kepler-287 c,Kepler-287,Transit,2014.0,Kepler,44.851896,3.26,66.0,513.0,5806.0,1.032,0.963,835.86,290.9274282,48.4434588
Kepler-288 b,Kepler-288,Transit,2014.0,Kepler,6.097326,1.67,3.43,1197.0,5918.0,1.091,0.842,1194.15,288.9163997,39.5947523
Kepler-288 c,Kepler-288,Transit,2014.0,Kepler,19.305772,2.85,8.5,815.0,5918.0,1.091,0.842,1194.15,288.9163997,39.5947523
Kepler-288 d,Kepler-288,Transit,2014.0,Kepler,56.633742,2.67,7.61,570.0,5918.0,1.091,0.842,1194.15,288.9163997,39.5947523
Kepler-289 b,Kepler-289,Transit,2014.0,Kepler,34.5383,2.49,3.7,607.0,5990.0,1.0,1.08,704.438,297.4653351,42.8828517
Kepler-289 c,Kepler-289,Transit,2014.0,Kepler,125.8723,11.23,157.18,394.0,5990.0,1.0,1.08,704.438,297.4653351,42.8828517
Kepler-289 d,Kepler-289,Transit,2014.0,Kepler,66.0282,3.03,5.33,,5990.0,1.0,1.08,704.438,297.4653351,42.8828517
Kepler-289 e,Kepler-289,Transit,2025.0,Kepler,330.0716,2.94,17.4,286.0,5990.0,0.985,1.061,704.438,297.4653351,42.8828517
Kepler-29 b,Kepler-29,Transit,2011.0,Kepler,10.33974,2.55,5.0,777.0,5378.0,0.732,0.761,832.532,298.348382,47.4913021
Kepler-29 c,Kepler-29,Transit,2011.0,Kepler,13.28613,2.34,4.5,715.0,5378.0,0.732,0.761,832.532,298.348382,47.4913021
Kepler-290 b,Kepler-290,Transit,2014.0,Kepler,14.589347,2.25,5.69,594.0,5147.0,0.743,0.756,694.627,286.4100307,42.6815137
Kepler-290 c,Kepler-290,Transit,2014.0,Kepler,36.77031,2.7,7.75,437.0,5147.0,0.743,0.756,694.627,286.4100307,42.6815137
Kepler-290 d,Kepler-290,Transit,2023.0,Kepler,0.764017553,0.86,0.566,1589.0,5142.0,0.755,0.84,694.627,286.4100307,42.6815137
Kepler-291 b,Kepler-291,Transit,2014.0,Kepler,3.546511,2.16,5.31,1212.0,6002.0,1.016,1.023,1786.48,287.9163029,42.4372666
Kepler-291 c,Kepler-291,Transit,2014.0,Kepler,5.700786,1.88,4.19,1035.0,6002.0,1.016,1.023,1786.48,287.9163029,42.4372666
Kepler-292 b,Kepler-292,Transit,2014.0,Kepler,2.580827,1.32,2.3,1130.0,5299.0,0.826,0.865,1056.48,295.7661979,42.4242822
Kepler-292 c,Kepler-292,Transit,2014.0,Kepler,3.715335,1.47,2.76,1001.0,5299.0,0.826,0.865,1056.48,295.7661979,42.4242822
Kepler-292 d,Kepler-292,Transit,2014.0,Kepler,7.055679,2.23,5.6,808.0,5299.0,0.826,0.865,1056.48,295.7661979,42.4242822
Kepler-292 e,Kepler-292,Transit,2014.0,Kepler,11.97901,2.67,7.61,678.0,5299.0,0.826,0.865,1056.48,295.7661979,42.4242822
Kepler-292 f,Kepler-292,Transit,2014.0,Kepler,20.834237,2.35,6.12,563.0,5299.0,0.826,0.865,1056.48,295.7661979,42.4242822
Kepler-293 b,Kepler-293,Transit,2014.0,Kepler,19.254196,3.07,9.64,657.0,5804.0,0.957,0.934,974.633,286.3580611,42.4064917
Kepler-293 c,Kepler-293,Transit,2014.0,Kepler,54.155743,3.83,14.0,466.0,5804.0,0.957,0.934,974.633,286.3580611,42.4064917
Kepler-294 b,Kepler-294,Transit,2014.0,Kepler,3.701212,1.77,3.78,1087.0,5913.0,0.976,0.947,1357.01,287.3920392,46.0592578
Kepler-294 c,Kepler-294,Transit,2014.0,Kepler,6.6264,2.71,7.8,895.0,5913.0,0.976,0.947,1357.01,287.3920392,46.0592578
Kepler-295 b,Kepler-295,Transit,2014.0,Kepler,12.645164,1.22,1.98,741.0,5603.0,0.898,0.89,1699.19,285.3458383,45.3677754
Kepler-295 c,Kepler-295,Transit,2014.0,Kepler,21.526258,1.17,1.71,621.0,5603.0,0.898,0.89,1699.19,285.3458383,45.3677754
Kepler-295 d,Kepler-295,Transit,2014.0,Kepler,33.884054,1.36,2.42,533.0,5603.0,0.898,0.89,1699.19,285.3458383,45.3677754
Kepler-296 b,Kepler-296,Transit,2014.0,Kepler,10.864384,1.61,3.22,495.0,3740.0,0.48,0.498,167.0,286.5400278,49.4372614
Kepler-296 c,Kepler-296,Transit,2014.0,Kepler,5.8416366,2.0,4.66,606.0,3740.0,0.48,0.498,167.0,286.5400278,49.4372614
Kepler-296 d,Kepler-296,Transit,2014.0,Kepler,19.850291,2.09,5.02,403.0,3740.0,0.48,0.498,167.0,286.5400278,49.4372614
Kepler-296 e,Kepler-296,Transit,2014.0,Kepler,34.14211,1.53,2.96,337.0,3740.0,0.48,0.498,167.0,286.5400278,49.4372614
Kepler-296 f,Kepler-296,Transit,2014.0,Kepler,63.33627,1.8,3.89,274.0,3740.0,0.48,0.498,167.0,286.5400278,49.4372614
Kepler-297 b,Kepler-297,Transit,2014.0,Kepler,38.871826,2.87,48.5,509.0,5619.0,0.915,0.927,692.14,283.2091605,48.7776156
Kepler-297 c,Kepler-297,Transit,2014.0,Kepler,74.920137,6.54,42.1,409.0,5619.0,0.915,0.927,692.14,283.2091605,48.7776156
Kepler-297 d,Kepler-297,Transit,2023.0,Kepler,150.0189511,32.6,,325.0,5618.0,0.897,0.846,692.14,283.2091605,48.7776156
Kepler-298 b,Kepler-298,Transit,2014.0,Kepler,10.475464,1.96,4.5,540.0,4465.0,0.582,0.66,518.204,283.0398448,48.8253303
Kepler-298 c,Kepler-298,Transit,2014.0,Kepler,22.92881,1.93,4.38,416.0,4465.0,0.582,0.66,518.204,283.0398448,48.8253303
Kepler-298 d,Kepler-298,Transit,2014.0,Kepler,77.473633,2.5,6.8,277.0,4465.0,0.582,0.66,518.204,283.0398448,48.8253303
Kepler-299 b,Kepler-299,Transit,2014.0,Kepler,2.927128,1.32,2.3,1258.0,5617.0,1.032,1.004,1052.24,283.2070156,48.5805222
Kepler-299 c,Kepler-299,Transit,2014.0,Kepler,6.885875,2.65,7.51,946.0,5617.0,1.032,1.004,1052.24,283.2070156,48.5805222
Kepler-299 d,Kepler-299,Transit,2014.0,Kepler,15.054786,1.86,4.12,729.0,5617.0,1.032,1.004,1052.24,283.2070156,48.5805222
Kepler-299 e,Kepler-299,Transit,2014.0,Kepler,38.285489,1.87,4.16,534.0,5617.0,1.032,1.004,1052.24,283.2070156,48.5805222
Kepler-30 b,Kepler-30,Transit,2012.0,Kepler,29.33434,3.9,11.3,524.0,5498.0,0.95,0.99,914.221,285.2836483,38.9472625
Kepler-30 c,Kepler-30,Transit,2012.0,Kepler,60.323105,12.3,640.0,411.0,5498.0,0.95,0.99,914.221,285.2836483,38.9472625
Kepler-30 d,Kepler-30,Transit,2012.0,Kepler,143.34394,8.8,23.1,308.0,5498.0,0.95,0.99,914.221,285.2836483,38.9472625
Kepler-300 b,Kepler-300,Transit,2014.0,Kepler,10.446347,1.67,3.43,812.0,5986.0,0.9,1.07,1098.45,295.2886934,48.5997243
Kepler-300 c,Kepler-300,Transit,2014.0,Kepler,40.714955,2.25,5.69,516.0,5986.0,0.9,1.07,1098.45,295.2886934,48.5997243
Kepler-301 b,Kepler-301,Transit,2014.0,Kepler,2.508553,1.35,2.39,1278.0,5815.0,0.9,1.022,719.166,283.982904,49.2329512
Kepler-301 c,Kepler-301,Transit,2014.0,Kepler,5.419026,1.35,2.39,989.0,5815.0,0.9,1.022,719.166,283.982904,49.2329512
Kepler-301 d,Kepler-301,Transit,2014.0,Kepler,13.751243,1.75,3.71,725.0,5815.0,0.9,1.022,719.166,283.982904,49.2329512
Kepler-302 b,Kepler-302,Transit,2014.0,Kepler,30.184104,4.06,15.5,634.0,5740.0,1.22,1.021,1402.58,294.3169307,43.6292436
Kepler-302 c,Kepler-302,Transit,2014.0,Kepler,127.282184,12.45,,392.0,5740.0,1.22,1.021,1402.58,294.3169307,43.6292436
Kepler-303 b,Kepler-303,Transit,2014.0,Kepler,1.937055,0.89,0.64,802.0,3944.0,0.485,0.575,209.738,283.1354742,43.6567036
Kepler-303 c,Kepler-303,Transit,2014.0,Kepler,7.061149,1.14,1.55,521.0,3944.0,0.485,0.575,209.738,283.1354742,43.6567036
Kepler-304 b,Kepler-304,Transit,2014.0,Kepler,3.295709,2.86,8.55,875.0,4731.0,0.687,0.737,434.684,294.4418031,40.5575408
Kepler-304 c,Kepler-304,Transit,2014.0,Kepler,5.315946,2.17,5.35,746.0,4731.0,0.687,0.737,434.684,294.4418031,40.5575408
Kepler-304 d,Kepler-304,Transit,2014.0,Kepler,9.653471,2.75,8.0,611.0,4731.0,0.687,0.737,434.684,294.4418031,40.5575408
Kepler-304 e,Kepler-304,Transit,2016.0,Kepler,1.499146953,1.2,1.87,1137.0,4817.0,0.73,0.8,434.684,294.4418031,40.5575408
Kepler-305 b,Kepler-305,Transit,2013.0,Kepler,5.487,3.6,10.5,836.0,5080.0,0.8,0.76,868.477,299.2242557,40.343167
Kepler-305 c,Kepler-305,Transit,2013.0,Kepler,8.291,3.3,6.0,728.0,5080.0,0.8,0.76,868.477,299.2242557,40.343167
Kepler-305 d,Kepler-305,Transit,2014.0,Kepler,16.74,2.76,6.2,576.0,5090.0,0.792,0.827,868.477,299.2242557,40.343167
Kepler-305 e,Kepler-305,Transit,2020.0,Kepler,3.20538,1.7938153,3.87,1000.0,4974.0,0.827279,0.82,868.477,299.2242557,40.343167
Kepler-306 b,Kepler-306,Transit,2014.0,Kepler,4.646186,1.52,2.92,830.0,4954.0,0.719,0.75,775.679,288.5387145,40.6160545
Kepler-306 c,Kepler-306,Transit,2014.0,Kepler,7.240193,2.35,6.12,716.0,4954.0,0.719,0.75,775.679,288.5387145,40.6160545
Kepler-306 d,Kepler-306,Transit,2014.0,Kepler,17.326644,2.47,6.66,535.0,4954.0,0.719,0.75,775.679,288.5387145,40.6160545
Kepler-306 e,Kepler-306,Transit,2014.0,Kepler,44.840975,2.27,5.77,390.0,4954.0,0.719,0.75,775.679,288.5387145,40.6160545
Kepler-307 b,Kepler-307,Transit,2013.0,Kepler,10.4208,2.43,7.44,797.0,5367.0,0.814,0.907,575.581,297.7950939,40.4176403
Kepler-307 c,Kepler-307,Transit,2013.0,Kepler,13.0729,2.2,3.64,739.0,5367.0,0.814,0.907,575.581,297.7950939,40.4176403
Kepler-308 b,Kepler-308,Transit,2014.0,Kepler,9.694928,2.12,5.14,833.0,5895.0,0.941,0.92,1335.92,295.7852423,40.4395753
Kepler-308 c,Kepler-308,Transit,2014.0,Kepler,15.38231,2.16,5.31,714.0,5895.0,0.941,0.92,1335.92,295.7852423,40.4395753
Kepler-309 b,Kepler-309,Transit,2014.0,Kepler,5.923653,1.56,3.05,531.0,4713.0,0.721,0.816,544.568,297.5098911,46.9614121
Kepler-309 c,Kepler-309,Transit,2014.0,Kepler,105.356383,2.51,6.85,204.0,4713.0,0.721,0.816,544.568,297.5098911,46.9614121
Kepler-31 b,Kepler-31,Transit,2011.0,Kepler,20.8613,5.5,36.7418,781.0,6340.0,1.22,1.21,1664.64,294.0230229,45.8530535
Kepler-31 c,Kepler-31,Transit,2011.0,Kepler,42.6318,5.3,1493.7,615.0,6340.0,1.22,1.21,1664.64,294.0230229,45.8530535
Kepler-31 d,Kepler-31,Transit,2014.0,Kepler,87.6451,3.9,2161.244,484.0,6340.0,1.22,1.21,1664.64,294.0230229,45.8530535
Kepler-310 b,Kepler-310,Transit,2014.0,Kepler,13.930698,1.19,1.81,665.0,5797.0,0.876,0.854,602.268,288.839278,46.9867472
Kepler-310 c,Kepler-310,Transit,2014.0,Kepler,56.47542,3.38,11.4,417.0,5797.0,0.876,0.854,602.268,288.839278,46.9867472
Kepler-310 d,Kepler-310,Transit,2014.0,Kepler,92.876125,2.47,7.0,353.0,5797.0,0.876,0.854,602.268,288.839278,46.9867472
Kepler-311 b,Kepler-311,Transit,2014.0,Kepler,9.176092,1.7,3.53,960.0,5905.0,1.188,0.994,778.654,282.0612731,47.0854984
Kepler-311 c,Kepler-311,Transit,2014.0,Kepler,19.738286,1.43,2.63,744.0,5905.0,1.188,0.994,778.654,282.0612731,47.0854984
Kepler-311 d,Kepler-311,Transit,2023.0,Kepler,232.040326,2.05,4.86,327.0,5903.0,1.156,0.974,778.654,282.0612731,47.0854984
Kepler-312 b,Kepler-312,Transit,2014.0,Kepler,1.772419,1.29,2.21,1685.0,6115.0,1.467,1.314,797.72,298.3957687,42.4597712
Kepler-312 c,Kepler-312,Transit,2014.0,Kepler,19.747412,3.15,10.1,754.0,6115.0,1.467,1.314,797.72,298.3957687,42.4597712
Kepler-313 b,Kepler-313,Transit,2014.0,Kepler,14.970418,2.53,6.94,883.0,5727.0,1.536,1.114,1079.39524871,298.2948708,48.7754
Kepler-313 c,Kepler-313,Transit,2014.0,Kepler,32.273273,2.57,7.13,683.0,5727.0,1.536,1.114,1079.39524871,298.2948708,48.7754
Kepler-314 b,Kepler-314,Transit,2014.0,Kepler,2.461069,0.83,0.498,1195.0,5378.0,0.95,0.99,268.881,294.6741507,42.0756037
Kepler-314 c,Kepler-314,Transit,2014.0,Kepler,5.960392,2.9,8.75,890.0,5378.0,0.95,0.99,268.881,294.6741507,42.0756037
Kepler-315 b,Kepler-315,Transit,2014.0,Kepler,96.101141,3.77,13.7,409.0,5796.0,1.037,0.831,1160.63,298.0230967,43.3634761
Kepler-315 c,Kepler-315,Transit,2014.0,Kepler,265.469335,4.15,16.1,291.0,5796.0,1.037,0.831,1160.63,298.0230967,43.3634761
Kepler-316 b,Kepler-316,Transit,2014.0,Kepler,2.240508,1.06,1.2,837.0,4204.0,0.52,0.587,384.938,290.825835,44.1838993
Kepler-316 c,Kepler-316,Transit,2014.0,Kepler,6.827766,1.16,1.65,577.0,4204.0,0.52,0.587,384.938,290.825835,44.1838993
Kepler-317 b,Kepler-317,Transit,2014.0,Kepler,5.524242,2.09,109.8,976.0,5497.0,0.941,0.865,940.584,294.9438822,39.0320499
Kepler-317 c,Kepler-317,Transit,2014.0,Kepler,8.77501,1.72,3.61,837.0,5497.0,0.941,0.865,940.584,294.9438822,39.0320499
Kepler-318 b,Kepler-318,Transit,2014.0,Kepler,4.662715,4.71,19.9,1039.0,5746.0,1.189,1.073,489.141,298.4828337,46.7936357
Kepler-318 c,Kepler-318,Transit,2014.0,Kepler,11.815007,3.68,13.1,762.0,5746.0,1.189,1.073,489.141,298.4828337,46.7936357
Kepler-319 b,Kepler-319,Transit,2014.0,Kepler,4.362705,1.63,3.29,1023.0,5526.0,0.903,0.933,503.436,288.8119782,39.7706431
Kepler-319 c,Kepler-319,Transit,2014.0,Kepler,6.941357,2.63,7.41,876.0,5526.0,0.903,0.933,503.436,288.8119782,39.7706431
Kepler-319 d,Kepler-319,Transit,2014.0,Kepler,31.781925,2.29,5.86,528.0,5526.0,0.903,0.933,503.436,288.8119782,39.7706431
Kepler-32 b,Kepler-32,Transit,2011.0,Kepler,5.90124,2.2,1303.0,514.0,3900.0,0.53,0.58,323.847,297.8423073,46.5743595
Kepler-32 c,Kepler-32,Transit,2011.0,Kepler,8.7522,2.0,158.9,451.0,3900.0,0.53,0.58,323.847,297.8423073,46.5743595
Kepler-32 d,Kepler-32,Transit,2012.0,Kepler,22.7802,2.7,39.9089,328.0,3900.0,0.53,0.58,323.847,297.8423073,46.5743595
Kepler-32 e,Kepler-32,Transit,2012.0,Kepler,2.896,1.5,4.08181,652.0,3900.0,0.53,0.58,323.847,297.8423073,46.5743595
Kepler-32 f,Kepler-32,Transit,2012.0,Kepler,0.74296,0.82,969.228,1026.0,3900.0,0.53,0.58,323.847,297.8423073,46.5743595
Kepler-320 b,Kepler-320,Transit,2014.0,Kepler,8.371554,1.14,1.55,1292.0,6435.0,1.108,1.072,826.613,293.2135155,46.1751457
Kepler-320 c,Kepler-320,Transit,2014.0,Kepler,17.934937,1.37,2.45,1002.0,6435.0,1.108,1.072,826.613,293.2135155,46.1751457
Kepler-321 b,Kepler-321,Transit,2014.0,Kepler,4.915379,1.77,3.78,1042.0,5740.0,1.194,1.024,384.542,294.4536991,44.1457626
Kepler-321 c,Kepler-321,Transit,2014.0,Kepler,13.093921,2.32,5.99,752.0,5740.0,1.194,1.024,384.542,294.4536991,44.1457626
Kepler-322 b,Kepler-322,Transit,2014.0,Kepler,1.653888,1.01,1.01,1373.0,5388.0,0.89,0.908,400.48,281.3487514,44.2952525
Kepler-322 c,Kepler-322,Transit,2014.0,Kepler,4.337234,1.67,3.43,996.0,5388.0,0.89,0.908,400.48,281.3487514,44.2952525
Kepler-323 b,Kepler-323,Transit,2014.0,Kepler,1.678328,1.381,3.9,1838.0,6004.0,1.12,1.015,454.883,291.3822988,38.1274595
Kepler-323 c,Kepler-323,Transit,2014.0,Kepler,3.5538229,1.57,6.8,1431.0,6004.0,1.12,1.015,454.883,291.3822988,38.1274595
Kepler-324 b,Kepler-324,Transit,2014.0,Kepler,4.385315,1.14,2414.4,935.0,5194.0,0.84,0.901,501.574,286.4714473,49.6490933
Kepler-324 c,Kepler-324,Transit,2014.0,Kepler,51.805612,3.15,6.2,410.0,5194.0,0.84,0.901,501.574,286.4714473,49.6490933
Kepler-324 e,Kepler-324,Transit,2021.0,Kepler,13.97939968,2.03862444,235.014,635.0,5191.0,0.826,0.844,501.574,286.4714473,49.6490933
Kepler-325 b,Kepler-325,Transit,2014.0,Kepler,4.544439,2.91,8.8,1017.0,5752.0,1.003,0.914,823.242,289.8354219,49.825607
Kepler-325 c,Kepler-325,Transit,2014.0,Kepler,12.762172,2.54,6.99,721.0,5752.0,1.003,0.914,823.242,289.8354219,49.825607
Kepler-325 d,Kepler-325,Transit,2014.0,Kepler,38.715185,2.79,8.2,498.0,5752.0,1.003,0.914,823.242,289.8354219,49.825607
Kepler-326 b,Kepler-326,Transit,2014.0,Kepler,2.248329,1.52,44.6,1127.0,5105.0,0.801,0.91,487.675,294.3255898,46.0022646
Kepler-326 c,Kepler-326,Transit,2014.0,Kepler,4.580358,1.4,17.4,889.0,5105.0,0.801,0.91,487.675,294.3255898,46.0022646
Kepler-326 d,Kepler-326,Transit,2014.0,Kepler,6.766888,1.21,6.9,781.0,5105.0,0.801,0.91,487.675,294.3255898,46.0022646
Kepler-327 b,Kepler-327,Transit,2014.0,Kepler,2.549575,1.11,1.41,682.0,3799.0,0.492,0.591913,241.987,292.6422963,44.0876251
Kepler-327 c,Kepler-327,Transit,2014.0,Kepler,5.212333,1.03,20.3,537.0,3799.0,0.492,0.591913,241.987,292.6422963,44.0876251
Kepler-327 d,Kepler-327,Transit,2014.0,Kepler,13.969457,1.73,3.64,387.0,3799.0,0.492,0.591913,241.987,292.6422963,44.0876251
Kepler-328 b,Kepler-328,Transit,2013.0,Kepler,34.921,2.3,28.5,602.0,6064.0,1.06,1.15,2213.19,295.8092756,40.0084866
Kepler-328 c,Kepler-328,Transit,2013.0,Kepler,71.312,5.4,39.4,475.0,6064.0,1.06,1.15,2213.19,295.8092756,40.0084866
Kepler-329 b,Kepler-329,Transit,2014.0,Kepler,7.416397,1.4,2.54,547.0,4257.0,0.523,0.602,439.719,299.2681646,45.2272852
Kepler-329 c,Kepler-329,Transit,2014.0,Kepler,18.684737,1.93,4.38,402.0,4257.0,0.523,0.602,439.719,299.2681646,45.2272852
Kepler-33 b,Kepler-33,Transit,2011.0,Kepler,5.66793,1.74,3.68,1336.0,5904.0,1.82,1.291,1209.16,289.0775348,46.0051696
Kepler-33 c,Kepler-33,Transit,2011.0,Kepler,13.17562,3.2,0.39,1009.0,5904.0,1.82,1.291,1209.16,289.0775348,46.0051696
Kepler-33 d,Kepler-33,Transit,2011.0,Kepler,21.77596,5.35,3.91,853.0,5904.0,1.82,1.291,1209.16,289.0775348,46.0051696
Kepler-33 e,Kepler-33,Transit,2011.0,Kepler,31.7844,4.02,5.57,752.0,5904.0,1.82,1.291,1209.16,289.0775348,46.0051696
Kepler-33 f,Kepler-33,Transit,2011.0,Kepler,41.02902,4.46,9.6,691.0,5904.0,1.82,1.291,1209.16,289.0775348,46.0051696
Kepler-330 b,Kepler-330,Transit,2014.0,Kepler,8.25978,1.35,2.39,714.0,5117.0,0.722,0.848,717.527,288.4474035,44.8017616
Kepler-330 c,Kepler-330,Transit,2014.0,Kepler,15.955387,1.95,4.46,573.0,5117.0,0.722,0.848,717.527,288.4474035,44.8017616
Kepler-331 b,Kepler-331,Transit,2014.0,Kepler,8.457496,1.82,3.97,540.0,4347.0,0.492,0.653,580.119,291.8343455,39.3073462
Kepler-331 c,Kepler-331,Transit,2014.0,Kepler,17.28111,1.84,4.04,425.0,4347.0,0.492,0.653,580.119,291.8343455,39.3073462
Kepler-331 d,Kepler-331,Transit,2014.0,Kepler,32.134328,1.64,3.33,346.0,4347.0,0.492,0.653,580.119,291.8343455,39.3073462
Kepler-332 b,Kepler-332,Transit,2014.0,Kepler,7.626324,1.17,1.71,703.0,4955.0,0.72,0.743,344.19,286.6627811,47.4136938
Kepler-332 c,Kepler-332,Transit,2014.0,Kepler,15.995622,1.09,1.32,550.0,4955.0,0.72,0.743,344.19,286.6627811,47.4136938
Kepler-332 d,Kepler-332,Transit,2014.0,Kepler,34.21154,1.18,1.76,427.0,4955.0,0.72,0.743,344.19,286.6627811,47.4136938
Kepler-333 b,Kepler-333,Transit,2014.0,Kepler,12.551158,1.32,28.2,480.0,4259.0,0.534,0.601,324.413,292.2861201,40.9135429
Kepler-333 c,Kepler-333,Transit,2014.0,Kepler,24.08821,1.11,1.41,386.0,4259.0,0.534,0.601,324.413,292.2861201,40.9135429
Kepler-334 b,Kepler-334,Transit,2014.0,Kepler,5.470319,1.12,1.46,1090.0,5828.0,1.068,1.022,426.59,287.1406177,47.1151153
Kepler-334 c,Kepler-334,Transit,2014.0,Kepler,12.758005,1.43,2.63,822.0,5828.0,1.068,1.022,426.59,287.1406177,47.1151153
Kepler-334 d,Kepler-334,Transit,2014.0,Kepler,25.09849,1.41,2.57,656.0,5828.0,1.068,1.022,426.59,287.1406177,47.1151153
Kepler-335 b,Kepler-335,Transit,2014.0,Kepler,6.562331,3.39,11.4,1290.0,5877.0,1.854,1.367,1278.97,296.0642944,45.4285986
Kepler-335 c,Kepler-335,Transit,2014.0,Kepler,67.844469,3.07,9.64,592.0,5877.0,1.854,1.367,1278.97,296.0642944,45.4285986
Kepler-336 b,Kepler-336,Transit,2014.0,Kepler,2.024823,1.02,1.04,1625.0,5867.0,1.304,1.09,768.86,290.2376224,41.3313637
Kepler-336 c,Kepler-336,Transit,2014.0,Kepler,9.600001,2.1,5.06,967.0,5867.0,1.304,1.09,768.86,290.2376224,41.3313637
Kepler-336 d,Kepler-336,Transit,2014.0,Kepler,20.678772,2.37,6.21,749.0,5867.0,1.304,1.09,768.86,290.2376224,41.3313637
Kepler-337 b,Kepler-337,Transit,2014.0,Kepler,3.292781,1.54,2.99,1458.0,5684.0,1.761,1.081,677.975,290.0605123,47.1639533
Kepler-337 c,Kepler-337,Transit,2014.0,Kepler,9.693201,2.05,4.86,1017.0,5684.0,1.761,1.081,677.975,290.0605123,47.1639533
Kepler-338 b,Kepler-338,Transit,2014.0,Kepler,13.726976,2.44,30.6,1005.0,5923.0,1.735,1.105,552.798,282.9790593,40.7844188
Kepler-338 c,Kepler-338,Transit,2014.0,Kepler,24.310856,2.34,6.08,831.0,5923.0,1.735,1.105,552.798,282.9790593,40.7844188
Kepler-338 d,Kepler-338,Transit,2014.0,Kepler,44.431014,3.0,9.27,680.0,5923.0,1.735,1.105,552.798,282.9790593,40.7844188
Kepler-338 e,Kepler-338,Transit Timing Variations,2014.0,Kepler,9.341,1.56,8.5,1143.0,5999.0,1.735,1.14,552.798,282.9790593,40.7844188
Kepler-339 b,Kepler-339,Transit,2014.0,Kepler,4.977656,1.42,2.6,1023.0,5631.0,0.802,0.87,616.637,293.351701,48.4445922
Kepler-339 c,Kepler-339,Transit,2014.0,Kepler,6.988055,1.15,7.3,914.0,5631.0,0.802,0.87,616.637,293.351701,48.4445922
Kepler-339 d,Kepler-339,Transit,2014.0,Kepler,10.558345,1.17,14.7,796.0,5631.0,0.802,0.87,616.637,293.351701,48.4445922
Kepler-34 b,Kepler-34,Transit,2011.0,Kepler,288.822,8.564,69.92,,5913.0,1.1618,1.0479,1800.82,296.4358022,44.6415369
Kepler-340 b,Kepler-340,Transit,2014.0,Kepler,14.844387,2.53,6.94,1092.0,6620.0,1.85,1.65,808.762,295.933471,40.3005515
Kepler-340 c,Kepler-340,Transit,2014.0,Kepler,22.824669,3.37,11.3,946.0,6620.0,1.85,1.65,808.762,295.933471,40.3005515
Kepler-341 b,Kepler-341,Transit,2014.0,Kepler,5.195528,1.18,1.76,1085.0,6012.0,1.024,0.976,1047.03,289.8615609,43.4727412
Kepler-341 c,Kepler-341,Transit,2014.0,Kepler,8.01041,1.7,3.53,940.0,6012.0,1.024,0.976,1047.03,289.8615609,43.4727412
Kepler-341 d,Kepler-341,Transit,2014.0,Kepler,27.666313,1.85,4.08,622.0,6012.0,1.024,0.976,1047.03,289.8615609,43.4727412
Kepler-341 e,Kepler-341,Transit,2014.0,Kepler,42.473269,1.99,4.62,539.0,6012.0,1.024,0.976,1047.03,289.8615609,43.4727412
Kepler-342 b,Kepler-342,Transit,2014.0,Kepler,15.170318,2.25,5.69,905.0,6175.0,1.472,1.213,781.611,292.6780488,46.7266813
Kepler-342 c,Kepler-342,Transit,2014.0,Kepler,26.234138,1.96,4.5,754.0,6175.0,1.472,1.213,781.611,292.6780488,46.7266813
Kepler-342 d,Kepler-342,Transit,2014.0,Kepler,39.459357,2.49,6.76,658.0,6175.0,1.472,1.213,781.611,292.6780488,46.7266813
Kepler-342 e,Kepler-342,Transit,2016.0,Kepler,1.644224613,0.88,0.615,1897.0,6366.0,1.34,1.26,781.611,292.6780488,46.7266813
Kepler-343 b,Kepler-343,Transit,2014.0,Kepler,8.96855,2.41,6.39,1024.0,5807.0,1.433,1.055,927.193,291.960662,42.4329567
Kepler-343 c,Kepler-343,Transit,2014.0,Kepler,23.22182,2.02,4.74,746.0,5807.0,1.433,1.055,927.193,291.960662,42.4329567
Kepler-344 b,Kepler-344,Transit,2014.0,Kepler,21.963945,2.61,7.32,643.0,5774.0,0.976,0.931,1002.94,292.4996101,46.3243406
Kepler-344 c,Kepler-344,Transit,2014.0,Kepler,125.596809,2.95,9.01,360.0,5774.0,0.976,0.931,1002.94,292.4996101,46.3243406
Kepler-345 b,Kepler-345,Transit,2014.0,Kepler,7.415563,0.74,0.48,622.0,4504.0,0.623,0.61,260.0,295.2288521,45.9710432
Kepler-345 c,Kepler-345,Transit,2014.0,Kepler,9.387427,1.2,2.2,575.0,4504.0,0.623,0.61,260.0,295.2288521,45.9710432
Kepler-346 b,Kepler-346,Transit,2014.0,Kepler,6.511127,2.66,7.56,1008.0,6033.0,1.021,0.943,984.105,288.0119248,46.1176003
Kepler-346 c,Kepler-346,Transit,2014.0,Kepler,23.851549,3.07,9.64,654.0,6033.0,1.021,0.943,984.105,288.0119248,46.1176003
Kepler-347 b,Kepler-347,Transit,2014.0,Kepler,12.79836,1.97,4.54,908.0,6088.0,1.005,0.922,1298.88,289.1995995,49.3056404
Kepler-347 c,Kepler-347,Transit,2014.0,Kepler,27.320871,1.75,3.71,705.0,6088.0,1.005,0.922,1298.88,289.1995995,49.3056404
Kepler-347 d,Kepler-347,Transit,2023.0,Kepler,85.517344,3.04,9.48,482.0,5592.0,1.451,1.0,1298.88,289.1995995,49.3056404
Kepler-348 b,Kepler-348,Transit,2014.0,Kepler,7.05677,1.52,2.92,1196.0,6177.0,1.359,1.189,570.783,297.2550814,40.5483883
Kepler-348 c,Kepler-348,Transit,2014.0,Kepler,17.265427,1.33,2.33,888.0,6177.0,1.359,1.189,570.783,297.2550814,40.5483883
Kepler-349 b,Kepler-349,Transit,2014.0,Kepler,5.929778,1.9,94.5,972.0,5956.0,0.927,1.083,940.724,293.6764689,44.6155972
Kepler-349 c,Kepler-349,Transit,2014.0,Kepler,12.247629,1.96,4.5,763.0,5956.0,0.927,1.083,940.724,293.6764689,44.6155972
Kepler-35 b,Kepler-35,Transit,2011.0,Kepler,131.458,8.16,40.363,,5606.0,1.0284,0.8877,1819.17,294.496955,46.6896733
Kepler-350 b,Kepler-350,Transit,2014.0,Kepler,11.189562,1.85,16.9,1037.0,6186.0,1.534,1.19,956.859,285.4195845,39.7061009
Kepler-350 c,Kepler-350,Transit,2013.0,Kepler,17.849,3.1,6.1,888.0,6492.3,1.25,1.0,956.859,285.4195845,39.7061009
Kepler-350 d,Kepler-350,Transit,2013.0,Kepler,26.136,2.8,14.9,782.0,6492.3,1.25,1.0,956.859,285.4195845,39.7061009
Kepler-351 b,Kepler-351,Transit,2014.0,Kepler,37.054919,3.06,4.8,498.0,5643.0,0.854,0.81,1083.91,286.4527949,42.6577891
Kepler-351 c,Kepler-351,Transit,2014.0,Kepler,57.24809,3.19,11.1,431.0,5643.0,0.854,0.81,1083.91,286.4527949,42.6577891
Kepler-351 d,Kepler-351,Transit,2016.0,Kepler,142.544247,2.72,7.85,318.0,5225.0,0.78,0.81,1083.91,286.4527949,42.6577891
Kepler-352 b,Kepler-352,Transit,2014.0,Kepler,10.05537,0.86,0.566,694.0,5212.0,0.781,0.798,252.733,299.8966237,46.0519022
Kepler-352 c,Kepler-352,Transit,2014.0,Kepler,16.332995,1.24,2.07,591.0,5212.0,0.781,0.798,252.733,299.8966237,46.0519022
Kepler-352 d,Kepler-352,Transit,2021.0,Kepler,6.887279987,0.80628032,0.449,788.0,5208.0,0.772,0.796,252.733,299.8966237,46.0519022
Kepler-353 b,Kepler-353,Transit,2014.0,Kepler,5.795278,0.89,0.64,534.0,3903.0,0.504,0.553,384.694,296.8565596,41.7580749
Kepler-353 c,Kepler-353,Transit,2014.0,Kepler,8.410894,1.38,2.48,472.0,3903.0,0.504,0.553,384.694,296.8565596,41.7580749
Kepler-354 b,Kepler-354,Transit,2014.0,Kepler,5.47666,1.84,4.04,741.0,4648.0,0.674,0.652,554.064,285.7515347,41.3356739
Kepler-354 c,Kepler-354,Transit,2014.0,Kepler,16.934402,1.31,2.27,508.0,4648.0,0.674,0.652,554.064,285.7515347,41.3356739
Kepler-354 d,Kepler-354,Transit,2014.0,Kepler,24.209842,1.24,2.07,451.0,4648.0,0.674,0.652,554.064,285.7515347,41.3356739
Kepler-355 b,Kepler-355,Transit,2014.0,Kepler,11.03189,1.46,2.73,840.0,6184.0,1.066,0.933,1432.17,285.7994917,42.8117427
Kepler-355 c,Kepler-355,Transit,2014.0,Kepler,25.762294,2.71,7.8,633.0,6184.0,1.066,0.933,1432.17,285.7994917,42.8117427
Kepler-356 b,Kepler-356,Transit,2014.0,Kepler,4.612696,1.57,3.09,1294.0,6133.0,1.335,1.163,707.559,292.4210998,37.6827919
Kepler-356 c,Kepler-356,Transit,2014.0,Kepler,13.121632,1.81,3.93,913.0,6133.0,1.335,1.163,707.559,292.4210998,37.6827919
Kepler-357 b,Kepler-357,Transit,2014.0,Kepler,6.475434,1.84,4.04,793.0,5036.0,0.834,0.794,688.573,291.2429746,44.0086337
Kepler-357 c,Kepler-357,Transit,2014.0,Kepler,16.85837,2.67,7.61,576.0,5036.0,0.834,0.794,688.573,291.2429746,44.0086337
Kepler-357 d,Kepler-357,Transit,2014.0,Kepler,49.499875,3.43,11.6,402.0,5036.0,0.834,0.794,688.573,291.2429746,44.0086337
Kepler-358 b,Kepler-358,Transit,2014.0,Kepler,34.060467,2.72,7.85,554.0,5908.0,0.954,0.94,1101.1,293.2302333,48.2813901
Kepler-358 c,Kepler-358,Transit,2014.0,Kepler,83.488369,2.85,8.5,411.0,5908.0,0.954,0.94,1101.1,293.2302333,48.2813901
Kepler-359 b,Kepler-359,Transit,2014.0,Kepler,25.563222,3.53,12.2,671.0,6248.0,1.086,0.827,1443.21,293.2936129,42.1963497
Kepler-359 c,Kepler-359,Transit,2014.0,Kepler,57.68802,4.3,2.9,512.0,6248.0,1.086,0.827,1443.21,293.2936129,42.1963497
Kepler-359 d,Kepler-359,Transit,2014.0,Kepler,77.095691,4.01,2.7,464.0,6248.0,1.086,0.827,1443.21,293.2936129,42.1963497
Kepler-36 b,Kepler-36,Transit,2012.0,Kepler,13.86825,1.498,3.83,978.0,5979.0,1.634,1.034,527.956,291.2501859,49.2318073
Kepler-36 c,Kepler-36,Transit,2012.0,Kepler,16.21865,3.679,7.13,928.0,5979.0,1.634,1.034,527.956,291.2501859,49.2318073
Kepler-360 b,Kepler-360,Transit,2014.0,Kepler,3.289672,1.65,3.36,1116.0,6053.0,1.058,0.994,876.044,286.2847077,44.7815817
Kepler-360 c,Kepler-360,Transit,2014.0,Kepler,7.186434,2.1,5.06,860.0,6053.0,1.058,0.994,876.044,286.2847077,44.7815817
Kepler-361 b,Kepler-361,Transit,2014.0,Kepler,8.486616,1.45,2.7,1060.0,6169.0,1.343,1.191,930.32,296.8034146,46.7411011
Kepler-361 c,Kepler-361,Transit,2014.0,Kepler,55.188023,2.52,6.9,568.0,6169.0,1.343,1.191,930.32,296.8034146,46.7411011
Kepler-362 b,Kepler-362,Transit,2014.0,Kepler,10.327186,0.88,0.615,838.0,5788.0,0.722,0.904,1090.51,291.771603,47.5299192
Kepler-362 c,Kepler-362,Transit,2014.0,Kepler,37.866281,1.45,2.7,543.0,5788.0,0.722,0.904,1090.51,291.771603,47.5299192
Kepler-363 b,Kepler-363,Transit,2014.0,Kepler,3.614568,1.16,1.65,1347.0,5593.0,1.485,1.226,762.596,283.1920779,41.3054172
Kepler-363 c,Kepler-363,Transit,2014.0,Kepler,7.542427,1.69,66.4,1054.0,5593.0,1.485,1.226,762.596,283.1920779,41.3054172
Kepler-363 d,Kepler-363,Transit,2014.0,Kepler,11.932125,2.05,4.86,905.0,5593.0,1.485,1.226,762.596,283.1920779,41.3054172
Kepler-364 b,Kepler-364,Transit,2014.0,Kepler,25.745718,1.55,3.02,753.0,6108.0,1.284,1.076,891.462,281.5699998,47.3986233
Kepler-364 c,Kepler-364,Transit,2014.0,Kepler,59.980627,2.15,5.27,568.0,6108.0,1.284,1.076,891.462,281.5699998,47.3986233
Kepler-365 b,Kepler-365,Transit,2014.0,Kepler,10.664903,2.04,4.82,865.0,6012.0,1.048,1.02,1038.99,295.626564,49.130411
Kepler-365 c,Kepler-365,Transit,2014.0,Kepler,17.784129,1.64,3.33,729.0,6012.0,1.048,1.02,1038.99,295.626564,49.130411
Kepler-366 b,Kepler-366,Transit,2014.0,Kepler,3.281959,1.46,2.73,1326.0,6209.0,1.048,1.088,1856.28,296.8520316,49.0844359
Kepler-366 c,Kepler-366,Transit,2014.0,Kepler,12.51616,1.79,3.86,848.0,6209.0,1.048,1.088,1856.28,296.8520316,49.0844359
Kepler-367 b,Kepler-367,Transit,2014.0,Kepler,37.815724,1.3,2.24,401.0,4710.0,0.695,0.768,188.027,297.292558,49.9817499
Kepler-367 c,Kepler-367,Transit,2014.0,Kepler,53.578637,1.2,1.87,357.0,4710.0,0.695,0.768,188.027,297.292558,49.9817499
Kepler-368 b,Kepler-368,Transit,2014.0,Kepler,26.84768,3.26,10.7,800.0,5502.0,2.019,1.165,770.978,291.880018,45.3878419
Kepler-368 c,Kepler-368,Transit,2014.0,Kepler,72.379334,3.88,14.3,575.0,5502.0,2.019,1.165,770.978,291.880018,45.3878419
Kepler-369 b,Kepler-369,Transit,2014.0,Kepler,2.732756,1.13,1.51,687.0,3591.0,0.471,0.5,214.0,293.6743322,47.9084727
Kepler-369 c,Kepler-369,Transit,2014.0,Kepler,14.871572,1.41,2.57,391.0,3591.0,0.471,0.5,214.0,293.6743322,47.9084727
Kepler-37 b,Kepler-37,Transit,2013.0,Kepler,13.36702,0.3098,0.79,718.0,5357.0,0.789,0.79,63.9207,284.0592503,44.5183733
Kepler-37 c,Kepler-37,Transit,2013.0,Kepler,21.301848,0.755,1.3,615.0,5357.0,0.789,0.79,63.9207,284.0592503,44.5183733
Kepler-37 d,Kepler-37,Transit,2013.0,Kepler,39.7922622,2.03,2.0,499.0,5357.0,0.789,0.79,63.9207,284.0592503,44.5183733
Kepler-37 e,Kepler-37,Transit Timing Variations,2014.0,Kepler,51.196,0.37,8.1,401.0,5288.0,0.772,0.8,63.9207,284.0592503,44.5183733
Kepler-370 b,Kepler-370,Transit,2014.0,Kepler,4.57953,1.59,3.15,1040.0,5852.0,0.9,0.982,1167.94,292.1710683,40.9162381
Kepler-370 c,Kepler-370,Transit,2014.0,Kepler,19.02293,1.91,4.31,647.0,5852.0,0.9,0.982,1167.94,292.1710683,40.9162381
Kepler-371 b,Kepler-371,Transit,2014.0,Kepler,34.763278,1.89,4.23,554.0,5666.0,0.992,0.876,813.192,292.3264835,38.6575441
Kepler-371 c,Kepler-371,Transit,2014.0,Kepler,67.968015,1.78,3.82,443.0,5666.0,0.992,0.876,813.192,292.3264835,38.6575441
Kepler-372 b,Kepler-372,Transit,2014.0,Kepler,6.849692,1.36,2.42,1081.0,6509.0,1.137,1.202,1493.95,291.2562253,49.2589288
Kepler-372 c,Kepler-372,Transit,2014.0,Kepler,20.053763,2.09,5.02,755.0,6509.0,1.137,1.202,1493.95,291.2562253,49.2589288
Kepler-372 d,Kepler-372,Transit,2014.0,Kepler,30.092568,1.69,3.5,660.0,6509.0,1.137,1.202,1493.95,291.2562253,49.2589288
Kepler-373 b,Kepler-373,Transit,2014.0,Kepler,5.535309,1.36,2.42,1054.0,5787.0,0.845,0.981,1090.45,289.3879904,50.5970115
Kepler-373 c,Kepler-373,Transit,2014.0,Kepler,16.725948,1.24,2.07,729.0,5787.0,0.845,0.981,1090.45,289.3879904,50.5970115
Kepler-374 b,Kepler-374,Transit,2014.0,Kepler,1.897806,1.03,1.08,1761.0,5977.0,0.911,1.033,1265.61,294.1378921,42.3704075
Kepler-374 c,Kepler-374,Transit,2014.0,Kepler,3.282807,1.1,1.37,1467.0,5977.0,0.911,1.033,1265.61,294.1378921,42.3704075
Kepler-374 d,Kepler-374,Transit,2014.0,Kepler,5.028219,1.31,2.27,1272.0,5977.0,0.911,1.033,1265.61,294.1378921,42.3704075
Kepler-375 b,Kepler-375,Transit,2014.0,Kepler,12.125934,1.45,2.7,851.0,5826.0,0.837,0.891,1238.81,288.6178715,48.0983639
Kepler-375 c,Kepler-375,Transit,2014.0,Kepler,19.986326,2.65,7.51,720.0,5826.0,0.837,0.891,1238.81,288.6178715,48.0983639
Kepler-376 b,Kepler-376,Transit,2014.0,Kepler,4.920199,1.07,1.24,1242.0,5900.0,1.175,0.968,923.067,291.6071451,38.4103192
Kepler-376 c,Kepler-376,Transit,2014.0,Kepler,14.172327,1.79,3.86,873.0,5900.0,1.175,0.968,923.067,291.6071451,38.4103192
Kepler-377 b,Kepler-377,Transit,2014.0,Kepler,12.509529,1.39,2.51,875.0,5949.0,1.224,1.043,823.804,295.4220717,38.7356737
Kepler-377 c,Kepler-377,Transit,2014.0,Kepler,27.014976,2.06,4.9,677.0,5949.0,1.224,1.043,823.804,295.4220717,38.7356737
Kepler-378 b,Kepler-378,Transit,2014.0,Kepler,16.092361,0.75,0.347,503.0,4661.0,0.671,0.78,152.094,294.9489697,46.4388673
Kepler-378 c,Kepler-378,Transit,2014.0,Kepler,28.906009,0.7,0.271,414.0,4661.0,0.671,0.78,152.094,294.9489697,46.4388673
Kepler-379 b,Kepler-379,Transit,2014.0,Kepler,20.09838,1.66,3.39,775.0,6054.0,1.306,1.125,731.274,295.7010981,38.9458209
Kepler-379 c,Kepler-379,Transit,2014.0,Kepler,62.784697,2.29,5.86,530.0,6054.0,1.306,1.125,731.274,295.7010981,38.9458209
Kepler-38 b,Kepler-38,Transit,2012.0,Kepler,105.599,4.3,122.0,475.0,5623.0,1.752,0.941,1174.59,286.830312,42.2791434
Kepler-380 b,Kepler-380,Transit,2014.0,Kepler,3.930821,1.19,1.81,1317.0,6045.0,1.224,0.99,813.713,282.3947017,48.7591334
Kepler-380 c,Kepler-380,Transit,2014.0,Kepler,7.630004,1.27,2.15,1056.0,6045.0,1.224,0.99,813.713,282.3947017,48.7591334
Kepler-381 b,Kepler-381,Transit,2014.0,Kepler,5.629021,0.99,0.937,1576.0,6152.0,1.568,1.144,267.323,285.1828685,43.8310283
Kepler-381 c,Kepler-381,Transit,2014.0,Kepler,13.391635,1.12,1.46,1180.0,6152.0,1.568,1.144,267.323,285.1828685,43.8310283
Kepler-381 d,Kepler-381,Transit,2021.0,Kepler,8.256299973,1.0667865,1.23,1387.0,6197.0,2.188,1.198,267.323,285.1828685,43.8310283
Kepler-382 b,Kepler-382,Transit,2014.0,Kepler,5.262155,1.32,2.3,1166.0,5600.0,0.945,1.002,935.446,299.1362435,45.8699582
Kepler-382 c,Kepler-382,Transit,2014.0,Kepler,12.162701,1.59,3.15,882.0,5600.0,0.945,1.002,935.446,299.1362435,45.8699582
Kepler-383 b,Kepler-383,Transit,2014.0,Kepler,12.904532,1.32,2.3,545.0,4710.0,0.672,0.669,470.0,291.3426078,38.3631616
Kepler-383 c,Kepler-383,Transit,2014.0,Kepler,31.200751,1.24,2.07,406.0,4710.0,0.672,0.669,470.0,291.3426078,38.3631616
Kepler-384 b,Kepler-384,Transit,2014.0,Kepler,22.597053,1.12,1.46,670.0,5577.0,0.882,0.882,895.678,286.0261113,44.7828571
Kepler-384 c,Kepler-384,Transit,2014.0,Kepler,45.348269,1.13,1.51,531.0,5577.0,0.882,0.882,895.678,286.0261113,44.7828571
Kepler-385 b,Kepler-385,Transit,2014.0,Kepler,10.043686,2.73,12.8,951.0,6326.0,1.126,0.992,1432.61,294.3385109,50.3365178
Kepler-385 c,Kepler-385,Transit,2014.0,Kepler,15.163161,3.04,13.2,829.0,6326.0,1.126,0.992,1432.61,294.3385109,50.3365178
Kepler-385 d,Kepler-385,Transit,2020.0,Kepler,56.4159,2.6186448,7.36,535.0,5829.0,1.157,1.05,1432.61,294.3385109,50.3365178
Kepler-386 b,Kepler-386,Transit,2014.0,Kepler,12.31043,1.39,2.51,651.0,5178.0,0.767,0.825,882.462,289.8589165,48.6938077
Kepler-386 c,Kepler-386,Transit,2014.0,Kepler,25.193458,1.58,3.12,513.0,5178.0,0.767,0.825,882.462,289.8589165,48.6938077
Kepler-387 b,Kepler-387,Transit,2014.0,Kepler,6.791636,1.03,1.08,994.0,5774.0,1.046,0.85,801.052,287.7982699,45.6567655
Kepler-387 c,Kepler-387,Transit,2014.0,Kepler,11.837549,0.89,0.64,826.0,5774.0,1.046,0.85,801.052,287.7982699,45.6567655
Kepler-388 b,Kepler-388,Transit,2014.0,Kepler,3.173315,0.81,0.457,830.0,4498.0,0.586,0.635,425.0,284.8280577,44.6086451
Kepler-388 c,Kepler-388,Transit,2014.0,Kepler,13.297004,0.86,0.566,515.0,4498.0,0.586,0.635,425.0,284.8280577,44.6086451
Kepler-389 b,Kepler-389,Transit,2014.0,Kepler,3.244107,1.51,2.89,1047.0,5376.0,0.792,0.765,816.559,291.9600082,44.9000587
Kepler-389 c,Kepler-389,Transit,2014.0,Kepler,14.51143,1.46,2.73,636.0,5376.0,0.792,0.765,816.559,291.9600082,44.9000587
Kepler-39 b,Kepler-39,Transit,2011.0,Kepler,21.08721,13.9,6388.1,897.0,6350.0,1.4,1.29,1057.41,296.9603348,46.0342954
Kepler-390 b,Kepler-390,Transit,2014.0,Kepler,6.738088,0.82,0.477,786.0,5166.0,0.776,0.787,435.277,291.6288086,41.2088351
Kepler-390 c,Kepler-390,Transit,2014.0,Kepler,13.060022,0.79,0.418,630.0,5166.0,0.776,0.787,435.277,291.6288086,41.2088351
Kepler-391 b,Kepler-391,Transit,2014.0,Kepler,7.4175,2.5,1100.0,930.0,5038.0,2.879,1.27,869.236,290.6218844,51.0573453
Kepler-391 c,Kepler-391,Transit,2014.0,Kepler,20.501,2.88,450.0,662.0,5038.0,2.879,1.27,869.236,290.6218844,51.0573453
Kepler-392 b,Kepler-392,Transit,2014.0,Kepler,5.341853,1.0,0.972,1125.0,5938.0,1.129,0.874,681.428,288.660826,43.3681938
Kepler-392 c,Kepler-392,Transit,2014.0,Kepler,10.423118,1.1,1.37,901.0,5938.0,1.129,0.874,681.428,288.660826,43.3681938
Kepler-393 b,Kepler-393,Transit,2014.0,Kepler,9.182417,1.29,2.21,1052.0,6189.0,1.382,1.256,881.404,290.995205,45.192188
Kepler-393 c,Kepler-393,Transit,2014.0,Kepler,14.613612,1.33,2.33,901.0,6189.0,1.382,1.256,881.404,290.995205,45.192188
Kepler-394 b,Kepler-394,Transit,2014.0,Kepler,8.005013,1.6,3.19,1035.0,6402.0,1.132,0.87,1058.72,296.3019792,50.6723115
Kepler-394 c,Kepler-394,Transit,2014.0,Kepler,12.130686,1.66,3.39,901.0,6402.0,1.132,0.87,1058.72,296.3019792,50.6723115
Kepler-394 d,Kepler-394,Transit,2021.0,Kepler,5.613580227,1.50066814,2.86,1165.0,6398.0,1.101,1.141,1058.72,296.3019792,50.6723115
Kepler-395 b,Kepler-395,Transit,2014.0,Kepler,7.054346,1.03,1.08,576.0,4262.0,0.556,0.622827,421.382,293.5111889,45.1366252
Kepler-395 c,Kepler-395,Transit,2014.0,Kepler,34.989262,1.32,2.3,341.0,4262.0,0.556,0.622827,421.382,293.5111889,45.1366252
Kepler-396 b,Kepler-396,Transit,2013.0,Kepler,42.994,3.5,75.5,496.0,5656.0,1.06,0.85,223.757,296.1328135,48.9773095
Kepler-396 c,Kepler-396,Transit,2013.0,Kepler,88.505,5.3,17.9,390.0,5656.0,1.06,0.85,223.757,296.1328135,48.9773095
Kepler-397 b,Kepler-397,Transit,2014.0,Kepler,22.250949,2.46,6.62,539.0,5307.0,0.767,0.844,969.0,295.8940373,42.3805156
Kepler-397 c,Kepler-397,Transit,2014.0,Kepler,135.498527,6.18,31.6,295.0,5307.0,0.767,0.844,969.0,295.8940373,42.3805156
Kepler-398 b,Kepler-398,Transit,2014.0,Kepler,4.081423,0.93,0.749,755.0,4493.0,0.613,0.649,177.355,291.4688524,40.3437001
Kepler-398 c,Kepler-398,Transit,2014.0,Kepler,11.419412,1.01,1.01,536.0,4493.0,0.613,0.649,177.355,291.4688524,40.3437001
Kepler-398 d,Kepler-398,Transit,2016.0,Kepler,6.83437001,0.88,0.615,636.0,4557.0,0.67,0.72,177.355,291.4688524,40.3437001
Kepler-399 b,Kepler-399,Transit,2014.0,Kepler,14.425281,0.96,0.84,773.0,5502.0,0.68,0.902,740.537,299.5017242,40.6707669
Kepler-399 c,Kepler-399,Transit,2014.0,Kepler,26.67569,1.43,2.63,630.0,5502.0,0.68,0.902,740.537,299.5017242,40.6707669
Kepler-399 d,Kepler-399,Transit,2014.0,Kepler,58.034616,1.89,4.23,486.0,5502.0,0.68,0.902,740.537,299.5017242,40.6707669
Kepler-4 b,Kepler-4,Transit,2009.0,Kepler,3.21346,4.002,24.472,1650.0,5857.0,1.487,1.223,487.916,285.6154492,50.1357712
Kepler-40 b,Kepler-40,Transit,2010.0,Kepler,6.87349,13.11,699.2,1620.0,6510.0,2.13,1.48,2305.01,296.8136883,47.5265446
Kepler-400 b,Kepler-400,Transit,2014.0,Kepler,9.024389,1.65,3.36,939.0,5886.0,1.145,1.08,845.97,290.9444679,40.4800528
Kepler-400 c,Kepler-400,Transit,2014.0,Kepler,17.340824,1.49,2.83,755.0,5886.0,1.145,1.08,845.97,290.9444679,40.4800528
Kepler-401 b,Kepler-401,Transit,2014.0,Kepler,14.383035,1.71,3.57,889.0,6117.0,1.333,1.173,965.56,290.0827494,50.8634361
Kepler-401 c,Kepler-401,Transit,2014.0,Kepler,47.318218,2.15,5.27,598.0,6117.0,1.333,1.173,965.56,290.0827494,50.8634361
Kepler-401 d,Kepler-401,Transit,2016.0,Kepler,184.256405,2.27,5.77,380.0,6184.0,1.29,1.17,965.56,290.0827494,50.8634361
Kepler-402 b,Kepler-402,Transit,2014.0,Kepler,4.028751,1.22,1.98,1311.0,6090.0,1.264,1.072,625.339,288.3701976,43.3546109
Kepler-402 c,Kepler-402,Transit,2014.0,Kepler,6.124821,1.56,3.05,1140.0,6090.0,1.264,1.072,625.339,288.3701976,43.3546109
Kepler-402 d,Kepler-402,Transit,2014.0,Kepler,8.921099,1.38,2.48,1006.0,6090.0,1.264,1.072,625.339,288.3701976,43.3546109
Kepler-402 e,Kepler-402,Transit,2014.0,Kepler,11.242861,1.46,2.73,931.0,6090.0,1.264,1.072,625.339,288.3701976,43.3546109
Kepler-403 b,Kepler-403,Transit,2014.0,Kepler,7.031462,1.25,2.1,1194.0,6090.0,1.329,1.299,840.269,289.9214256,46.7445267
Kepler-403 c,Kepler-403,Transit,2014.0,Kepler,54.280749,1.75,3.71,604.0,6090.0,1.329,1.299,840.269,289.9214256,46.7445267
Kepler-403 d,Kepler-403,Transit,2016.0,Kepler,13.61159129,1.42,2.6,958.0,6209.0,1.45,1.25,840.269,289.9214256,46.7445267
Kepler-404 b,Kepler-404,Transit,2014.0,Kepler,11.829851,1.27,2.15,730.0,5654.0,0.884,0.86,812.524,286.3985796,45.3435241
Kepler-404 c,Kepler-404,Transit,2014.0,Kepler,14.751166,1.72,3.61,678.0,5654.0,0.884,0.86,812.524,286.3985796,45.3435241
Kepler-405 b,Kepler-405,Transit,2014.0,Kepler,10.613839,2.08,4.98,785.0,5818.0,0.893,0.873,1065.08,291.4094615,38.3400107
Kepler-405 c,Kepler-405,Transit,2014.0,Kepler,29.726682,4.66,19.6,557.0,5818.0,0.893,0.873,1065.08,291.4094615,38.3400107
Kepler-406 b,Kepler-406,Transit,2014.0,Kepler,2.42629,1.43,6.35,1302.0,5538.0,1.07,1.07,364.03,291.8481764,44.9682807
Kepler-406 c,Kepler-406,Transit,2014.0,Kepler,4.62332,0.85,2.71,1050.0,5538.0,1.07,1.07,364.03,291.8481764,44.9682807
Kepler-407 b,Kepler-407,Transit,2014.0,Kepler,0.6693124,1.19,1.93,1983.0,5487.0,1.04,0.99,338.368,286.0363025,49.6145027
Kepler-407 c,Kepler-407,Radial Velocity,2014.0,W. M. Keck Observatory,3000.0,12.3,4000.0,,5476.0,1.01,1.0,338.368,286.0363025,49.6145027
Kepler-408 b,Kepler-408,Transit,2014.0,Kepler,2.46502,0.82,5.0,1561.0,6104.0,1.23,1.08,88.7832,284.7862158,48.4232622
Kepler-409 b,Kepler-409,Transit,2014.0,Kepler,68.9583216,1.199,6.0,438.0,5421.0,0.897,0.913,68.173,293.6792058,46.8527337
Kepler-41 b,Kepler-41,Transit,2011.0,Kepler,1.8555582,14.46,177.98,1790.0,5750.0,1.29,1.15,1093.08,294.5132465,45.9816453
Kepler-410 A b,Kepler-410 A,Transit,2013.0,Kepler,17.833648,2.838,8.44,866.0,6273.0,1.352,1.214,147.527,283.1510448,45.1400838
Kepler-411 b,Kepler-411,Transit,2013.0,Kepler,3.005156,2.401,25.6,1138.0,4974.0,0.82,0.87,153.676,287.6057027,49.5233937
Kepler-411 c,Kepler-411,Transit,2016.0,Kepler,7.834435,4.421,26.4,838.0,4974.0,0.82,0.87,153.676,287.6057027,49.5233937
Kepler-411 d,Kepler-411,Transit,2018.0,Kepler,58.02035,3.319,15.2,410.0,4974.0,0.82,0.87,153.676,287.6057027,49.5233937
Kepler-411 e,Kepler-411,Transit Timing Variations,2018.0,Kepler,31.509728,3.28,10.8,503.0,4974.0,0.82,0.87,153.676,287.6057027,49.5233937
Kepler-412 b,Kepler-412,Transit,2014.0,Kepler,1.7208604,15.031269,299.07803,1850.0,5750.0,1.287,1.167,1086.24,286.1103053,43.6809612
Kepler-413 b,Kepler-413,Transit,2014.0,Kepler,66.262,4.347,67.0,,4700.0,0.7761,0.82,847.536,288.5106679,51.1624235
Kepler-414 b,Kepler-414,Transit Timing Variations,2014.0,Kepler,4.7,1.71,3.5,1024.0,5536.0,0.946,0.89,413.46,297.9615616,48.2443363
Kepler-414 c,Kepler-414,Transit Timing Variations,2014.0,Kepler,7.171,3.01,29.9,890.0,5536.0,0.946,0.89,413.46,297.9615616,48.2443363
Kepler-415 b,Kepler-415,Transit Timing Variations,2014.0,Kepler,4.176,1.21,119.9,694.0,4362.0,0.643,0.67,530.487,293.8045041,38.6390517
Kepler-415 c,Kepler-415,Transit Timing Variations,2014.0,Kepler,8.708,2.01,4.7,543.0,4362.0,0.643,0.67,530.487,293.8045041,38.6390517
Kepler-416 b,Kepler-416,Transit Timing Variations,2014.0,Kepler,6.319,2.48,58.2,986.0,5718.0,1.075,1.0,690.819,291.5569554,39.2272923
Kepler-416 c,Kepler-416,Transit Timing Variations,2014.0,Kepler,12.209,2.352,6.13,791.0,5718.0,1.075,1.0,690.819,291.5569554,39.2272923
Kepler-416 d,Kepler-416,Transit,2023.0,Kepler,3.07644709,1.61,3.22,1253.0,5670.0,1.022,0.949,690.819,291.5569554,39.2272923
Kepler-417 b,Kepler-417,Transit Timing Variations,2014.0,Kepler,12.331,2.31,11.0,671.0,5177.0,0.806,0.9,973.989,293.8241813,42.779648
Kepler-417 c,Kepler-417,Transit Timing Variations,2014.0,Kepler,15.943,2.69,7.7,616.0,5177.0,0.806,0.9,973.989,293.8241813,42.779648
Kepler-418 b,Kepler-418,Transit,2014.0,Kepler,86.67856,13.45,349.6112477,434.0,5820.0,1.09,0.98,1002.53,294.4335228,38.3554729
Kepler-418 c,Kepler-418,Transit,2021.0,Kepler,12.21829987,5.22108654,23.7,835.0,5822.0,1.081,0.957,1002.53,294.4335228,38.3554729
Kepler-419 b,Kepler-419,Transit,2014.0,Kepler,69.7546,10.8,794.5,613.0,6430.0,1.74,1.39,1011.36,295.4179125,51.1847629
Kepler-419 c,Kepler-419,Transit Timing Variations,2014.0,Kepler,675.47,12.6,2320.1,,6430.0,1.74,1.39,1011.36,295.4179125,51.1847629
Kepler-42 b,Kepler-42,Transit,2011.0,Kepler,1.2137672,0.78,0.705944,519.0,3068.0,0.17,0.13,40.0595,292.2196,44.6173667
Kepler-42 c,Kepler-42,Transit,2011.0,Kepler,0.45328509,0.73,60.337,720.0,3068.0,0.17,0.13,40.0595,292.2196,44.6173667
Kepler-42 d,Kepler-42,Transit,2011.0,Kepler,1.865169,0.57,0.357785,450.0,3068.0,0.17,0.13,40.0595,292.2196,44.6173667
Kepler-421 b,Kepler-421,Transit,2014.0,Kepler,704.1984,4.16,16.1,185.0,5308.0,0.757,0.794,348.558,283.2568116,45.0876823
Kepler-422 b,Kepler-422,Transit,2014.0,Kepler,7.8914483,12.89,136.66,1028.0,5972.0,1.24,1.15,722.795,282.6296334,46.3232807
Kepler-423 b,Kepler-423,Transit,2014.0,Kepler,2.6843285,13.361,189.101,1605.0,5560.0,0.95,0.85,758.753,292.8557189,46.3911883
Kepler-424 b,Kepler-424,Transit,2014.0,Kepler,3.3118644,9.98,327.35,1116.0,5460.0,0.94,1.01,698.646,298.6249797,48.57745
Kepler-424 c,Kepler-424,Radial Velocity,2014.0,McDonald Observatory,223.3,12.7,2215.18,,5460.0,0.94,1.01,698.646,298.6249797,48.57745
Kepler-425 b,Kepler-425,Transit,2014.0,Kepler,3.79701816,10.962,79.45,1070.0,5170.0,0.86,0.93,646.647,290.3579781,40.5676965
Kepler-426 b,Kepler-426,Transit,2014.0,Kepler,3.21751883,12.22,108.06,1300.0,5725.0,0.92,0.91,843.695,289.4346668,49.473455
Kepler-427 b,Kepler-427,Transit,2014.0,Kepler,10.290994,13.79,92.17,1100.0,5800.0,1.35,0.96,1017.8,288.2545808,43.7048379
Kepler-428 b,Kepler-428,Transit,2014.0,Kepler,3.52563254,12.11,403.63,1070.0,5150.0,0.8,0.87,686.284,290.5817432,40.5773106
Kepler-43 b,Kepler-43,Transit,2011.0,Kepler,3.0240949,13.663771,1026.5909,1620.0,6041.0,1.42,1.32,1005.84,285.2408288,46.6682411
Kepler-430 b,Kepler-430,Transit,2015.0,Kepler,35.968,3.25,10.6,667.0,5884.0,1.485,1.166,917.477,292.8085984,49.5794242
Kepler-430 c,Kepler-430,Transit,2015.0,Kepler,110.979,1.75,3.71,458.0,5884.0,1.485,1.166,917.477,292.8085984,49.5794242
Kepler-431 b,Kepler-431,Transit,2015.0,Kepler,6.803,0.764,0.37,1032.0,6004.0,1.092,1.071,486.546,281.1123072,43.2277663
Kepler-431 c,Kepler-431,Transit,2015.0,Kepler,8.703,0.668,0.229,951.0,6004.0,1.092,1.071,486.546,281.1123072,43.2277663
Kepler-431 d,Kepler-431,Transit,2015.0,Kepler,11.922,1.11,1.41,856.0,6004.0,1.092,1.071,486.546,281.1123072,43.2277663
Kepler-432 b,Kepler-432,Transit,2015.0,Kepler,52.501129,12.834305,1719.4603,812.0,4995.0,4.06,1.32,848.023,293.2822344,48.2859173
Kepler-432 c,Kepler-432,Radial Velocity,2015.0,Fred Lawrence Whipple Observatory,406.2,13.3,772.3269,,4995.0,4.06,1.32,848.023,293.2822344,48.2859173
Kepler-433 b,Kepler-433,Transit,2015.0,Kepler,5.33408384,16.25,896.24,1776.0,6360.0,2.26,1.46,1878.31,297.5936232,40.9772546
Kepler-434 b,Kepler-434,Transit,2015.0,Kepler,12.8747099,12.67,908.96,1000.0,5977.0,1.38,1.198,1222.54,293.5863887,42.9288624
Kepler-435 b,Kepler-435,Transit,2015.0,Kepler,8.6001536,22.31,266.97,1729.0,6161.0,3.21,1.538,1418.77,292.2873012,43.1972542
Kepler-436 b,Kepler-436,Transit,2015.0,Kepler,64.00205,2.73,7.9,322.0,4651.0,0.697,0.729,588.867,301.7207775,44.4120856
Kepler-436 c,Kepler-436,Transit,2016.0,Kepler,16.79713874,2.33,6.04,503.0,4685.0,0.71,0.75,588.867,301.7207775,44.4120856
Kepler-437 b,Kepler-437,Transit,2015.0,Kepler,66.65062,2.14,5.22,308.0,4551.0,0.68,0.707,304.0,297.3473326,44.0269249
Kepler-438 b,Kepler-438,Transit,2015.0,Kepler,35.23319,1.12,1.46,288.0,3748.0,0.52,0.544,195.94287175,281.6457236,41.9510686
Kepler-439 b,Kepler-439,Transit,2015.0,Kepler,178.1396,2.24,5.65,291.0,5431.0,0.866,0.884,757.048,280.8015188,44.0339733
Kepler-44 b,Kepler-44,Transit,2011.0,Kepler,3.2467293,12.22,317.82,1544.0,5800.0,1.35,1.12,1188.0,300.1023512,45.7621918
Kepler-440 b,Kepler-440,Transit,2015.0,Kepler,101.11141,1.86,4.12,229.0,4134.0,0.559,0.575,301.03,285.3500664,41.4523695
Kepler-441 b,Kepler-441,Transit,2015.0,Kepler,207.2482,1.64,3.33,189.0,4340.0,0.55,0.572,268.003,284.566954,49.0127077
Kepler-442 b,Kepler-442,Transit,2015.0,Kepler,112.3053,1.34,2.36,241.0,4402.0,0.598,0.609,365.965,285.3666029,39.2800704
Kepler-443 b,Kepler-443,Transit,2015.0,Kepler,177.6693,2.33,6.04,233.0,4723.0,0.706,0.738,802.271,288.6104839,49.9685458
Kepler-444 b,Kepler-444,Transit,2015.0,Kepler,3.6001053,0.403,0.0374,938.0,5046.0,0.752,0.758,36.4396,289.7528323,41.631884
Kepler-444 c,Kepler-444,Transit,2015.0,Kepler,4.5458841,0.497,0.0793,868.0,5046.0,0.752,0.758,36.4396,289.7528323,41.631884
Kepler-444 d,Kepler-444,Transit,2015.0,Kepler,6.189392,0.53,0.2,783.0,5046.0,0.752,0.758,36.4396,289.7528323,41.631884
Kepler-444 e,Kepler-444,Transit,2015.0,Kepler,7.743493,0.546,0.1,727.0,5046.0,0.752,0.758,36.4396,289.7528323,41.631884
Kepler-444 f,Kepler-444,Transit,2015.0,Kepler,9.740486,0.741,0.332,673.0,5046.0,0.752,0.758,36.4396,289.7528323,41.631884
Kepler-445 b,Kepler-445,Transit,2015.0,Kepler,2.984151,1.58,3.12,401.0,3157.0,0.21,0.18,127.201,298.7363395,46.4991236
Kepler-445 c,Kepler-445,Transit,2015.0,Kepler,4.871229,2.51,6.85,341.0,3157.0,0.21,0.18,127.201,298.7363395,46.4991236
Kepler-445 d,Kepler-445,Transit,2015.0,Kepler,8.15275,1.25,2.1,305.0,3157.0,0.21,0.18,127.201,298.7363395,46.4991236
Kepler-446 b,Kepler-446,Transit,2015.0,Kepler,1.565409,1.5,2.86,648.0,3359.0,0.24,0.22,96.339,282.2501047,44.921002
Kepler-446 c,Kepler-446,Transit,2015.0,Kepler,3.036179,1.11,1.41,520.0,3359.0,0.24,0.22,96.339,282.2501047,44.921002
Kepler-446 d,Kepler-446,Transit,2015.0,Kepler,5.148921,1.35,2.39,436.0,3359.0,0.24,0.22,96.339,282.2501047,44.921002
Kepler-447 b,Kepler-447,Transit,2015.0,Kepler,7.79430132,18.49,435.41,882.0,5493.0,1.05,1.0,268.041,285.2685283,48.5598835
Kepler-448 c,KOI-12,Transit Timing Variations,2017.0,Kepler,2500.0,12.0,6992.26,,6635.0,1.4,1.5,399.398,297.4537402,41.0110188
Kepler-449 b,Kepler-449,Transit,2015.0,Kepler,12.58242,2.056,4.88,917.0,5649.18,1.467,1.02,241.949,293.732787,41.9006366
Kepler-449 c,Kepler-449,Transit,2015.0,Kepler,33.6727,2.764,8.07,661.0,5649.18,1.467,1.02,241.949,293.732787,41.9006366
Kepler-45 b,Kepler-45,Transit,2011.0,Kepler,2.455239,10.76,160.497,1000.0,3820.0,0.55,0.59,381.949,292.8729292,41.0641727
Kepler-450 b,Kepler-450,Transit,2015.0,Kepler,28.454851,6.14,19.4,769.0,6197.21,1.64162,1.19,455.982,295.4865821,51.0135237
Kepler-450 c,Kepler-450,Transit,2015.0,Kepler,15.413135,2.62,12.5,944.0,6197.21,1.64162,1.19,455.982,295.4865821,51.0135237
Kepler-450 d,Kepler-450,Transit,2015.0,Kepler,7.51464,0.837,17.6,1199.0,6197.21,1.64162,1.19,455.982,295.4865821,51.0135237
Kepler-451 c,2MASS J19383260+4603591,Eclipse Timing Variations,2022.0,Multiple Observatories,1460.0,13.5,511.70373527,,29564.0,0.203,0.48,396.332,294.6359173,46.0664076
Kepler-451 d,2MASS J19383260+4603591,Eclipse Timing Variations,2022.0,Multiple Observatories,43.0,13.5,559.37799632,,29564.0,0.203,0.48,396.332,294.6359173,46.0664076
Kepler-452 b,Kepler-452,Transit,2015.0,Kepler,384.843,1.63,3.29,265.0,5757.0,1.11,1.037,551.727,296.003752,44.2775861
Kepler-453 b,Kepler-453,Transit,2015.0,Kepler,240.503,6.204,16.0,,5527.0,0.833,0.944,442.846,283.2413322,46.3784691
Kepler-454 b,Kepler-454,Transit,2015.0,Kepler,10.5737534,2.37,5.4,916.0,5687.0,1.066,1.03,230.869,287.4786474,38.2290751
Kepler-454 c,Kepler-454,Radial Velocity,2015.0,Multiple Facilities,524.19,12.9,1433.40611557,,5687.0,1.066,1.03,230.869,287.4786474,38.2290751
Kepler-454 d,Kepler-454,Radial Velocity,2023.0,Roque de los Muchachos Observatory,4073.0,13.3,734.18362017,,5687.0,1.066,1.03,230.869,287.4786474,38.2290751
Kepler-457 d,KOI-7892,Transit,2021.0,Kepler,10.6906004,2.98467257,9.19,1008.0,6474.0,1.242,1.148,1072.3,282.3775397,44.694569
Kepler-458 c,KIC 9663113,Transit,2016.0,Kepler,20.74028413,4.2,16.4,798.0,6117.21,2.21562,1.15,1594.74,297.0454037,46.3286653
Kepler-46 b,Kepler-46,Transit,2012.0,Kepler,33.60134,9.057,1907.0,543.0,5155.0,0.938,0.902,777.06,289.2687388,42.6041819
Kepler-46 c,Kepler-46,Transit Timing Variations,2012.0,Kepler,57.011,13.5,119.499,455.0,5155.0,0.938,0.902,777.06,289.2687388,42.6041819
Kepler-46 d,Kepler-46,Transit,2014.0,Kepler,6.766589,1.64,3.33,845.0,5309.0,0.79,0.883,777.06,289.2687388,42.6041819
Kepler-460 c,KIC 5437945,Transit,2016.0,Kepler,220.1303357,5.52,26.1,389.0,6146.0,1.26,1.17,1274.01,288.4749028,40.6512848
Kepler-461 b,Kepler-461,Transit,2016.0,Kepler,8.313783059,2.58,7.18,886.0,5634.0,0.91,0.98,692.158,292.2490563,46.1647909
Kepler-462 b,Kepler-462,Transit,2016.0,Kepler,84.6866,3.0,53.9,611.0,7500.0,1.57,1.59,596.625,299.8211502,43.8142793
Kepler-462 c,Kepler-462,Transit,2018.0,Kepler,207.62,4.0,6.0,453.0,7500.0,1.57,1.59,596.625,299.8211502,43.8142793
Kepler-463 b,Kepler-463,Transit,2016.0,Kepler,8.981016833,3.05,9.53,880.0,5661.0,0.9,0.87,394.804,298.9368228,44.8578644
Kepler-464 b,Kepler-464,Transit,2016.0,Kepler,7.256965224,3.3,10.9,1163.0,5933.0,1.59,1.21,667.604,294.8351052,48.9823204
Kepler-465 b,Kepler-465,Transit,2016.0,Kepler,9.940672466,2.95,9.01,996.0,6310.0,1.29,1.23,553.077,284.5557853,46.0638865
Kepler-466 b,Kepler-466,Transit,2016.0,Kepler,51.07926307,2.85,8.5,503.0,5927.0,1.05,1.04,530.122,295.6486585,48.4955191
Kepler-466 c,Kepler-466,Transit,2016.0,Kepler,3.709213846,1.25,2.1,1206.0,5927.0,1.05,1.04,530.122,295.6486585,48.4955191
Kepler-467 b,Kepler-467,Transit,2016.0,Kepler,24.99324193,2.25,5.69,712.0,5809.0,1.37,1.05,466.265,287.3629145,38.6497341
Kepler-468 b,Kepler-468,Transit,2016.0,Kepler,38.478757067,13.34,,484.0,5498.0,0.87,0.96,442.871,288.9022829,49.3704079
Kepler-47 b,Kepler-47,Transit,2012.0,Kepler,49.4643,3.05,2.07,,5636.0,0.936,0.957,1025.02,295.2978883,46.9204303
Kepler-47 c,Kepler-47,Transit,2012.0,Kepler,303.227,4.65,3.17,,5636.0,0.936,0.957,1025.02,295.2978883,46.9204303
Kepler-47 d,Kepler-47,Transit,2019.0,Kepler,187.366,7.04,19.02,,5636.0,0.936,0.957,1025.02,295.2978883,46.9204303
Kepler-471 b,Kepler-471,Transit,2016.0,Kepler,5.014234575,14.96,,1308.0,6733.0,1.8,1.49,1249.41,299.0975167,43.4975851
Kepler-472 b,Kepler-472,Transit,2016.0,Kepler,4.176255514,3.22,10.5,876.0,4996.0,0.78,0.85,306.602,296.5245187,39.2498503
Kepler-473 b,Kepler-473,Transit,2016.0,Kepler,14.55731705,4.08,15.6,879.0,5816.0,1.34,1.06,905.937,286.6300796,38.9455907
Kepler-474 b,Kepler-474,Transit,2016.0,Kepler,5.660672935,3.06,9.59,1115.0,5785.0,1.08,0.99,841.496,292.3215174,43.8811723
Kepler-475 b,Kepler-475,Transit,2016.0,Kepler,3.105508189,2.49,6.76,980.0,5009.0,0.79,0.86,280.069,287.051694,40.2114232
Kepler-476 b,Kepler-476,Transit,2016.0,Kepler,14.00640607,3.08,9.69,807.0,5837.0,1.09,1.03,813.535,295.1637592,43.9630716
Kepler-477 b,Kepler-477,Transit,2016.0,Kepler,11.11990653,2.07,4.94,649.0,5240.0,0.79,0.87,367.0,288.067445,42.355305
Kepler-478 b,Kepler-478,Transit,2016.0,Kepler,13.2217576,2.71,7.8,640.0,5210.0,0.8,0.85,420.0,292.4870063,46.196187
Kepler-479 b,Kepler-479,Transit,2016.0,Kepler,12.49341307,2.12,5.14,649.0,5247.0,0.81,0.86,344.901,291.0218899,37.7698734
Kepler-48 b,Kepler-48,Transit,2012.0,Kepler,4.778,1.88,3.94,932.0,5194.0,0.89,0.88,306.738,299.1393094,40.948939
Kepler-48 c,Kepler-48,Transit,2012.0,Kepler,9.67395,2.71,14.61,736.0,5194.0,0.89,0.88,306.738,299.1393094,40.948939
Kepler-48 d,Kepler-48,Transit,2014.0,Kepler,42.8961,2.04,7.93,448.0,5194.0,0.89,0.88,306.738,299.1393094,40.948939
Kepler-48 e,Kepler-48,Radial Velocity,2014.0,W. M. Keck Observatory,982.0,13.4,657.0,,5194.0,0.89,0.88,306.738,299.1393094,40.948939
Kepler-48 f,Kepler-48,Radial Velocity,2023.0,W. M. Keck Observatory,5219.681854,13.8,298.5809968,,5190.0,0.836,0.916,306.738,299.1393094,40.948939
Kepler-480 b,Kepler-480,Transit,2016.0,Kepler,4.919583795,2.78,8.15,1312.0,6322.0,1.34,1.25,847.508,294.4639165,49.7650473
Kepler-481 b,Kepler-481,Transit,2016.0,Kepler,10.06082567,2.5,6.8,899.0,5802.0,1.09,1.01,813.724,291.9069862,49.262076
Kepler-482 b,Kepler-482,Transit,2016.0,Kepler,56.35418576,2.36,6.17,352.0,4871.0,0.72,0.75,313.068,296.8229326,48.1077628
Kepler-483 b,Kepler-483,Transit,2016.0,Kepler,30.229104,3.21,10.4,755.0,6346.0,1.47,1.28,860.355,291.6467764,41.8846843
Kepler-484 b,Kepler-484,Transit,2016.0,Kepler,10.045569313,2.28,5.82,766.0,5668.0,0.87,0.96,382.136,284.3942844,46.2491109
Kepler-485 b,Kepler-485,Transit,2016.0,Kepler,3.243259796,14.41,,1243.0,5958.0,1.09,1.07,1140.95,294.9963415,50.4700458
Kepler-487 b,Kepler-487,Transit,2016.0,Kepler,15.358768403,11.42,,662.0,5444.0,0.88,0.91,872.343,295.2872318,41.2220033
Kepler-487 c,Kepler-487,Transit,2016.0,Kepler,38.6519976,2.68,7.65,487.0,5444.0,0.88,0.91,872.343,295.2872318,41.2220033
Kepler-487 d,Kepler-487,Transit,2021.0,Kepler,2.418390036,2.77513568,8.12,1226.0,5422.0,0.887,0.874,872.343,295.2872318,41.2220033
Kepler-489 b,Kepler-489,Transit,2016.0,Kepler,17.276296119,7.72,46.1,538.0,5014.0,0.76,0.82,369.645,290.8332412,38.1841851
Kepler-49 b,Kepler-49,Transit,2012.0,Kepler,7.2,2.579,9.77,509.0,4095.6,0.618,0.607,311.222,292.2945208,40.5918123
Kepler-49 c,Kepler-49,Transit,2012.0,Kepler,10.91,2.444,8.38,443.0,4095.6,0.618,0.607,311.222,292.2945208,40.5918123
Kepler-49 d,Kepler-49,Transit,2014.0,Kepler,2.576549,1.6,235.982,717.0,4252.0,0.559,0.549,311.222,292.2945208,40.5918123
Kepler-49 e,Kepler-49,Transit,2014.0,Kepler,18.596108,1.56,1.03815,371.0,4252.0,0.559,0.549,311.222,292.2945208,40.5918123
Kepler-490 b,Kepler-490,Transit,2016.0,Kepler,3.268695154,11.65,,1597.0,6045.0,1.12,1.08,1523.0,295.025662,46.9559536
Kepler-491 b,Kepler-491,Transit,2016.0,Kepler,4.225384512,8.92,59.0,1111.0,5582.0,1.03,1.04,630.785,287.1305782,42.3501533
Kepler-493 b,Kepler-493,Transit,2016.0,Kepler,3.003876581,15.13,,1438.0,6457.0,1.54,1.36,1745.77,295.3075252,38.8815716
Kepler-495 b,Kepler-495,Transit,2016.0,Kepler,3.413036221,5.23,23.8,1200.0,5346.0,0.83,0.86,658.924,285.9307362,39.0981201
Kepler-495 c,Kepler-495,Transit,2021.0,Kepler,5.896609783,1.21936414,1.98,1000.0,5392.0,1.087,0.888,658.924,285.9307362,39.0981201
Kepler-496 b,Kepler-496,Transit,2016.0,Kepler,8.30864937,2.32,5.99,747.0,5293.0,0.82,0.86,605.274,291.6408978,41.2411044
Kepler-497 b,Kepler-497,Transit,2016.0,Kepler,3.573203671,6.04,30.4,1210.0,5834.0,1.11,1.09,1291.98,290.7659557,38.9279468
Kepler-498 b,Kepler-498,Transit,2016.0,Kepler,9.61375356,3.03,9.43,931.0,5744.0,0.96,0.98,938.844,290.3581592,44.5187225
Kepler-499 b,Kepler-499,Transit,2016.0,Kepler,5.632528453,2.17,5.35,844.0,5312.0,0.83,0.87,556.726,295.1099549,43.9151012
Kepler-5 b,Kepler-5,Transit,2009.0,Kepler,3.5484657,15.984034,670.93913,1750.0,6297.0,1.793,1.374,899.777,299.4070341,44.0350387
Kepler-50 b,Kepler-50,Transit,2012.0,Kepler,7.81254,1.71,8.9,1196.0,6225.0,1.58,1.24,250.11,288.1009312,50.0336844
Kepler-50 c,Kepler-50,Transit,2012.0,Kepler,9.37647,2.17,8.2,1125.0,6225.0,1.58,1.24,250.11,288.1009312,50.0336844
Kepler-500 b,Kepler-500,Transit,2016.0,Kepler,8.508324398,2.58,7.18,909.0,5813.0,1.03,1.02,807.48,295.9513472,43.8519884
Kepler-501 b,Kepler-501,Transit,2016.0,Kepler,5.640677572,4.3,17.1,1125.0,5904.0,1.04,1.03,1125.24,297.2014919,41.7301534
Kepler-501 c,Kepler-501,Transit,2021.0,Kepler,3.622760057,1.68119739,3.47,1304.0,5794.0,1.216,1.032,1125.24,297.2014919,41.7301534
Kepler-502 b,Kepler-502,Transit,2016.0,Kepler,4.28686431,4.77,20.4,1217.0,6125.0,1.22,1.15,1591.04,291.080133,43.8601911
Kepler-504 b,Kepler-504,Transit,2016.0,Kepler,9.549275422,1.59,3.15,374.0,3519.0,0.33,0.33,99.0688,284.9219608,45.9723265
Kepler-505 b,Kepler-505,Transit,2016.0,Kepler,27.52197994,2.6,7.27,314.0,3931.0,0.53,0.55,283.41,287.857953,42.5426758
Kepler-506 b,Kepler-506,Transit,2016.0,Kepler,6.8834055,2.73,7.9,1080.0,6236.0,1.19,1.19,228.439,284.6351885,40.7198296
Kepler-507 b,Kepler-507,Transit,2016.0,Kepler,3.568096926,1.3,5.69692195,1407.0,6113.0,1.32,1.16,391.644,297.0188074,50.409046
Kepler-508 b,Kepler-508,Transit,2016.0,Kepler,25.30889748,1.64,3.33,710.0,6025.0,1.25,1.16,324.618,295.4042546,42.9812789
Kepler-509 b,Kepler-509,Transit,2016.0,Kepler,41.74600392,2.49,6.76,584.0,6060.0,1.2,1.1,332.443,289.664394,48.706165
Kepler-51 b,Kepler-51,Transit,2012.0,Kepler,45.154,7.1,2.1,543.0,6018.0,0.94,1.04,783.831,296.4797624,49.9376486
Kepler-51 c,Kepler-51,Transit,2012.0,Kepler,85.312,9.0,4.0,439.0,6018.0,0.94,1.04,783.831,296.4797624,49.9376486
Kepler-51 d,Kepler-51,Transit,2014.0,Kepler,130.194,9.7,7.6,381.0,6018.0,0.94,1.04,783.831,296.4797624,49.9376486
Kepler-51 e,Kepler-51,Transit Timing Variations,2024.0,Multiple Observatories,264.284,2.18,5.4,,5674.0,0.87,0.96,783.831,296.4797624,49.9376486
Kepler-510 b,Kepler-510,Transit,2016.0,Kepler,19.55659418,2.47,6.66,797.0,5746.0,1.41,0.91,386.177,287.6550196,39.2441716
Kepler-511 b,Kepler-511,Transit,2016.0,Kepler,296.637865,6.35,33.1,332.0,5770.0,1.2,1.0,651.999,282.9455384,47.5749181
Kepler-511 c,Kepler-511,Transit,2021.0,Kepler,26.62949944,4.20964327,16.5,742.0,5866.0,1.417,0.958,651.999,282.9455384,47.5749181
Kepler-512 b,Kepler-512,Transit,2016.0,Kepler,34.43587975,2.69,7.7,652.0,5997.0,1.3,1.17,467.375,298.2689217,48.9167391
Kepler-513 b,Kepler-513,Transit,2016.0,Kepler,28.86235584,2.2,5.48,623.0,5849.0,1.06,1.02,468.258,285.0416235,50.0753913
Kepler-514 b,Kepler-514,Transit,2016.0,Kepler,5.65179605,1.72,3.61,1248.0,6106.0,1.44,1.28,455.336,286.2471739,50.2423694
Kepler-515 b,Kepler-515,Transit,2016.0,Kepler,19.96371318,1.46,2.73,564.0,5293.0,0.83,0.9,255.0,290.493913,52.055611
Kepler-516 b,Kepler-516,Transit,2016.0,Kepler,24.85462415,5.74,27.9,1095.0,7099.0,2.02,1.62,687.094,295.6087625,38.7357368
Kepler-517 b,Kepler-517,Transit,2016.0,Kepler,60.92832271,2.67,7.61,467.0,5690.0,0.98,0.95,289.907,293.6755138,41.2952061
Kepler-518 b,Kepler-518,Transit,2016.0,Kepler,8.512035877,2.11,5.1,839.0,5842.0,0.88,0.96,337.901,287.090019,41.3737576
Kepler-519 b,Kepler-519,Transit,2016.0,Kepler,24.3078946,2.1,5.06,532.0,5260.0,0.8,0.89,246.61,299.3196708,41.3847447
Kepler-52 b,Kepler-52,Transit,2012.0,Kepler,7.8773565,2.1,135.0,553.0,4075.0,0.52,0.54,321.542,286.7380152,49.9757383
Kepler-52 c,Kepler-52,Transit,2012.0,Kepler,16.3850021,1.84,45.4,433.0,4075.0,0.52,0.54,321.542,286.7380152,49.9757383
Kepler-52 d,Kepler-52,Transit,2014.0,Kepler,36.445171,1.95,88.8775,332.0,4263.0,0.556,0.577,321.542,286.7380152,49.9757383
Kepler-520 b,Kepler-520,Transit,2016.0,Kepler,19.67416124,1.66,3.39,711.0,6112.0,1.09,1.1,623.901,293.1802903,41.6177408
Kepler-520 c,Kepler-520,Transit,2016.0,Kepler,5.21104261,1.07,1.24,1107.0,6112.0,1.09,1.1,623.901,293.1802903,41.6177408
Kepler-521 b,Kepler-521,Transit,2016.0,Kepler,22.20813214,3.18,10.2,803.0,6406.0,1.46,1.34,830.638,298.8163801,43.9980203
Kepler-522 b,Kepler-522,Transit,2016.0,Kepler,38.58422849,6.91,38.2,761.0,6392.0,1.98,1.54,639.239,288.153973,44.0688154
Kepler-523 b,Kepler-523,Transit,2016.0,Kepler,5.835983111,1.96,4.5,884.0,5515.0,0.86,0.93,253.295,284.0611224,45.5068127
Kepler-524 b,Kepler-524,Transit,2016.0,Kepler,7.97419807,1.91,4.31,974.0,6014.0,1.1,1.09,1058.24,296.8591787,49.1620125
Kepler-524 c,Kepler-524,Transit,2016.0,Kepler,1.88897906,0.96,0.84,1574.0,6014.0,1.1,1.09,1058.24,296.8591787,49.1620125
Kepler-525 b,Kepler-525,Transit,2016.0,Kepler,18.68404933,2.63,7.41,832.0,5573.0,1.15,0.95,992.852,296.1834239,47.3587776
Kepler-526 b,Kepler-526,Transit,2016.0,Kepler,5.458498316,1.99,4.62,1099.0,5894.0,1.14,1.15,666.146,297.6509281,47.3962246
Kepler-527 b,Kepler-527,Transit,2016.0,Kepler,13.28535633,2.84,8.45,1157.0,6388.0,1.45,1.28,750.04,290.957913,47.4062673
Kepler-528 b,Kepler-528,Transit,2016.0,Kepler,19.78297415,2.08,4.98,708.0,5807.0,1.06,1.01,784.23,295.6848595,47.7480914
Kepler-529 b,Kepler-529,Transit,2016.0,Kepler,1.980357663,1.86,4.12,1662.0,6087.0,1.14,1.07,799.008,285.8884067,47.880364
Kepler-529 c,Kepler-529,Transit,2016.0,Kepler,12.8345022,2.0,4.66,891.0,6087.0,1.14,1.07,799.008,285.8884067,47.880364
Kepler-529 d,Kepler-529,Transit,2021.0,Kepler,35.86619949,2.79502603,8.22,633.0,6078.0,1.189,1.005,799.008,285.8884067,47.880364
Kepler-53 b,Kepler-53,Transit,2012.0,Kepler,18.6489525,2.89,111.0,701.0,5858.0,0.89,0.98,1366.07,290.4617926,40.5624966
Kepler-53 c,Kepler-53,Transit,2012.0,Kepler,38.5583038,3.17,36.0,550.0,5858.0,0.89,0.98,1366.07,290.4617926,40.5624966
Kepler-53 d,Kepler-53,Transit,2014.0,Kepler,9.751962,2.12,37.1907,870.0,6085.0,0.958,0.966,1366.07,290.4617926,40.5624966
Kepler-530 b,Kepler-530,Transit,2016.0,Kepler,39.30941904,3.01,9.32,488.0,5697.0,0.89,0.97,457.709,283.3402948,48.549062
Kepler-531 b,Kepler-531,Transit,2016.0,Kepler,29.88485741,2.78,8.15,453.0,4893.0,0.75,0.78,252.762,286.5246582,48.6835481
Kepler-532 b,Kepler-532,Transit,2016.0,Kepler,12.92491623,2.57,7.13,620.0,5192.0,0.79,0.87,312.798,298.6609094,48.6063022
Kepler-533 b,Kepler-533,Transit,2016.0,Kepler,28.51120525,3.38,11.4,423.0,4758.0,0.72,0.78,302.955,293.6856893,48.8249915
Kepler-534 b,Kepler-534,Transit,2016.0,Kepler,15.95994513,2.24,5.65,721.0,5884.0,0.98,1.05,570.659,296.4185696,49.540148
Kepler-534 c,Kepler-534,Transit,2021.0,Kepler,7.378689766,1.227,2.02,933.0,5936.0,0.965,1.075,570.659,296.4185696,49.540148
Kepler-535 b,Kepler-535,Transit,2016.0,Kepler,4.903321551,2.36,6.17,1247.0,6123.0,1.27,1.18,685.599,296.5666587,49.6961742
Kepler-536 b,Kepler-536,Transit,2016.0,Kepler,1.827082299,3.1,9.8,1877.0,5524.0,0.89,0.92,462.322,297.7363605,49.637101
Kepler-537 b,Kepler-537,Transit,2016.0,Kepler,3.247555219,1.41,2.57,1181.0,5763.0,0.99,1.07,439.4,289.8805804,51.2769907
Kepler-538 b,Kepler-538,Transit,2016.0,Kepler,81.73778,2.215,12.9,417.0,5534.0,0.8717,0.892,155.956,297.4865503,49.6233975
Kepler-539 b,Kepler-539,Transit,2016.0,Kepler,125.63243,8.373123,308.2951,387.6,5820.0,0.952,1.048,307.318,299.1224639,41.8667953
Kepler-539 c,Kepler-539,Transit Timing Variations,2016.0,Kepler,1000.0,13.3,762.792,253.0,5820.0,0.952,1.048,307.318,299.1224639,41.8667953
Kepler-54 b,Kepler-54,Transit,2012.0,Kepler,8.0109434,2.1,0.98,453.0,3705.0,0.5,0.51,271.701,294.7739245,43.0561976
Kepler-54 c,Kepler-54,Transit,2012.0,Kepler,12.0717249,1.23,0.7,395.0,3705.0,0.5,0.51,271.701,294.7739245,43.0561976
Kepler-54 d,Kepler-54,Transit,2014.0,Kepler,20.995694,1.53,12.0946,328.0,4252.0,0.554,0.518,271.701,294.7739245,43.0561976
Kepler-540 b,Kepler-540,Transit,2016.0,Kepler,172.7049784,2.71,7.8,355.0,5946.0,1.08,1.02,390.374,290.6249953,44.8737757
Kepler-541 b,Kepler-541,Transit,2016.0,Kepler,5.08005848,3.36,11.2,1673.0,6166.0,2.06,1.41,1060.68,294.1496529,38.458207
Kepler-542 b,Kepler-542,Transit,2016.0,Kepler,13.14497566,1.57,3.09,698.0,5526.0,0.9,0.93,436.016,292.2149697,38.5485469
Kepler-543 b,Kepler-543,Transit,2016.0,Kepler,13.89961966,2.5,6.8,521.0,4671.0,0.67,0.7,221.802,287.2187273,38.8625366
Kepler-544 b,Kepler-544,Transit,2016.0,Kepler,21.41616926,2.12,5.14,748.0,6206.0,1.22,1.16,963.18,294.0290734,39.0517893
Kepler-545 b,Kepler-545,Transit,2016.0,Kepler,13.24934059,2.69,7.7,806.0,5882.0,1.07,1.04,818.001,290.5663221,40.6920756
Kepler-546 b,Kepler-546,Transit,2016.0,Kepler,4.147020258,7.0,39.1,1258.0,5967.0,1.15,1.11,1019.65,283.257573,40.9904095
Kepler-547 b,Kepler-547,Transit,2016.0,Kepler,6.010384289,4.0,15.1,768.0,4828.0,0.73,0.78,378.972,286.1185888,44.3452063
Kepler-548 b,Kepler-548,Transit,2016.0,Kepler,4.454194338,11.99,,1017.0,5535.0,0.9,0.93,751.776,299.9059167,45.4396103
Kepler-549 b,Kepler-549,Transit,2016.0,Kepler,42.9495649,2.57,11.0,487.0,5360.0,0.84,0.88,635.145,283.0228527,47.2611431
Kepler-549 c,Kepler-549,Transit,2016.0,Kepler,117.040498,2.93,8.91,349.0,5360.0,0.84,0.88,635.145,283.0228527,47.2611431
Kepler-549 d,Kepler-549,Transit,2023.0,Kepler,24.61480613,4.2,16.4,586.0,5312.0,0.986,0.859,635.145,283.0228527,47.2611431
Kepler-55 b,Kepler-55,Transit,2012.0,Kepler,27.9481449,2.43,43.0,400.0,4362.0,0.58,0.62,578.796,285.1683291,44.0264898
Kepler-55 c,Kepler-55,Transit,2012.0,Kepler,42.1516418,2.21,69.8,349.0,4362.0,0.58,0.62,578.796,285.1683291,44.0264898
Kepler-55 d,Kepler-55,Transit,2014.0,Kepler,2.211099,1.59,3.15,931.0,4503.0,0.619,0.631,578.796,285.1683291,44.0264898
Kepler-55 e,Kepler-55,Transit,2014.0,Kepler,4.617534,1.55,3.02,728.0,4503.0,0.619,0.631,578.796,285.1683291,44.0264898
Kepler-55 f,Kepler-55,Transit,2014.0,Kepler,10.198545,1.59,3.15,559.0,4503.0,0.619,0.631,578.796,285.1683291,44.0264898
Kepler-550 b,Kepler-550,Transit,2016.0,Kepler,8.600104109,4.42,17.9,760.0,5322.0,0.83,0.87,531.944,297.7001786,47.8637046
Kepler-551 b,Kepler-551,Transit,2016.0,Kepler,12.3764661,2.73,7.9,483.0,4286.0,0.63,0.65,311.175,285.485045,48.0543774
Kepler-552 b,Kepler-552,Transit,2016.0,Kepler,5.263415765,3.95,14.8,1103.0,5863.0,1.04,1.03,843.689,290.7476903,48.2419838
Kepler-553 b,Kepler-553,Transit,2016.0,Kepler,4.030467,4.74139884,116.00736855,1089.0,5191.0,0.902,0.889,728.525,298.5508922,48.3325405
Kepler-553 c,Kepler-553,Transit,2016.0,Kepler,328.24017,11.57887706,2129.4503269,251.0,5191.0,0.902,0.889,728.525,298.5508922,48.3325405
Kepler-554 b,Kepler-554,Transit,2016.0,Kepler,1.902208556,4.29,17.0,1346.0,5447.0,0.92,0.93,690.525,296.4068982,51.3581938
Kepler-555 b,Kepler-555,Transit,2016.0,Kepler,16.21775407,2.83,8.4,664.0,5894.0,1.04,1.03,973.121,285.516872,38.9324587
Kepler-556 b,Kepler-556,Transit,2016.0,Kepler,11.72292176,2.24,5.65,766.0,5740.0,0.98,1.0,674.598,290.5294799,38.9427306
Kepler-557 b,Kepler-557,Transit,2016.0,Kepler,3.705989551,2.67,7.61,1281.0,6068.0,1.16,1.11,2097.12,293.7084179,41.6151084
Kepler-558 b,Kepler-558,Transit,2016.0,Kepler,29.00790538,2.37,6.21,498.0,5242.0,0.81,0.85,661.876,284.6579709,42.6526751
Kepler-559 b,Kepler-559,Transit,2016.0,Kepler,17.58752333,3.61,12.7,706.0,5630.0,0.95,0.96,776.708,296.6368878,43.8027948
Kepler-56 b,Kepler-56,Transit,2012.0,Kepler,10.5016,6.51,22.1,1378.0,4840.0,4.23,1.32,912.994,293.7583002,41.871807
Kepler-56 c,Kepler-56,Transit,2012.0,Kepler,21.40239,9.8,181.0,1087.0,4840.0,4.23,1.32,912.994,293.7583002,41.871807
Kepler-56 d,Kepler-56,Radial Velocity,2016.0,Multiple Observatories,1002.0,12.8,1784.0,,4819.44,4.21799,1.29,912.994,293.7583002,41.871807
Kepler-560 b,Kepler-560,Transit,2016.0,Kepler,18.47764449,1.72,3.61,298.0,3556.0,0.33,0.34,109.308,300.2066441,45.0182402
Kepler-561 b,Kepler-561,Transit,2016.0,Kepler,58.3620495,6.96,38.7,446.0,5646.0,0.94,0.96,621.378,293.7471107,45.1071981
Kepler-561 c,Kepler-561,Transit,2016.0,Kepler,5.350161983,2.68,7.65,989.0,5646.0,0.94,0.96,621.378,293.7471107,45.1071981
Kepler-562 b,Kepler-562,Transit,2016.0,Kepler,18.009314436,5.21,23.7,658.0,5575.0,0.9,0.93,992.769,290.1196007,46.2737393
Kepler-563 b,Kepler-563,Transit,2016.0,Kepler,22.18432708,3.09,9.75,546.0,5066.0,0.77,0.8,565.207,292.4461832,46.2897548
Kepler-564 b,Kepler-564,Transit,2016.0,Kepler,3.750832285,4.63,19.4,1129.0,5626.0,0.92,0.95,863.037,296.8383661,46.6263912
Kepler-565 b,Kepler-565,Transit,2016.0,Kepler,4.243747226,3.64,12.9,1063.0,5735.0,0.95,0.98,1041.0,283.6180825,47.1967793
Kepler-566 b,Kepler-566,Transit,2016.0,Kepler,18.42794624,2.15,5.27,526.0,5132.0,0.79,0.83,564.277,291.5544735,47.8144362
Kepler-567 b,Kepler-567,Transit,2016.0,Kepler,16.54297375,2.25,5.69,611.0,5148.0,0.79,0.84,558.81,297.6726072,48.3023458
Kepler-568 b,Kepler-568,Transit,2016.0,Kepler,11.02347475,2.26,5.73,429.0,3768.0,0.53,0.55,130.645,298.1061315,48.4016448
Kepler-569 b,Kepler-569,Transit,2016.0,Kepler,34.18890521,3.16,10.1,526.0,5616.0,0.93,0.95,638.301,283.507219,48.552633
Kepler-57 b,Kepler-57,Transit,2012.0,Kepler,5.72,3.135,25.06,850.0,5187.9,0.826,0.859,644.14,293.6413146,44.6570692
Kepler-57 c,Kepler-57,Transit,2012.0,Kepler,11.6,2.196,6.86,671.0,5187.9,0.826,0.859,644.14,293.6413146,44.6570692
Kepler-570 b,Kepler-570,Transit,2016.0,Kepler,4.301662003,2.45,6.57,1009.0,5496.0,0.9,0.93,568.148,290.4376111,48.7918597
Kepler-571 b,Kepler-571,Transit,2016.0,Kepler,4.798599388,2.64,7.46,978.0,5527.0,0.9,0.93,723.875,286.5510448,49.418731
Kepler-572 b,Kepler-572,Transit,2016.0,Kepler,17.20523483,2.58,7.18,553.0,5212.0,0.79,0.83,504.667,291.221172,50.5813487
Kepler-573 b,Kepler-573,Transit,2016.0,Kepler,22.18329658,2.79,8.2,646.0,5746.0,1.02,0.99,771.471,289.5211955,51.2374057
Kepler-574 b,Kepler-574,Transit,2016.0,Kepler,7.65880414,2.39,6.3,858.0,5612.0,0.91,0.95,682.896,290.2470519,52.1491051
Kepler-575 b,Kepler-575,Transit,2016.0,Kepler,9.37891944,2.39,6.3,803.0,5710.0,0.95,0.97,853.977,286.9638856,37.8296147
Kepler-576 b,Kepler-576,Transit,2016.0,Kepler,29.91136794,3.27,10.7,541.0,5672.0,0.97,0.99,617.55,295.1828896,38.6542028
Kepler-577 b,Kepler-577,Transit,2016.0,Kepler,25.69578251,2.55,7.04,314.0,4984.0,0.73,0.78,524.247,294.7119855,39.0737317
Kepler-578 b,Kepler-578,Transit,2016.0,Kepler,1.616883696,2.0,4.66,1774.0,5334.0,0.83,0.87,541.432,288.7549882,39.563696
Kepler-579 b,Kepler-579,Transit,2016.0,Kepler,9.66857723,2.0,4.66,730.0,5636.0,0.96,0.99,530.765,295.0020771,39.9528613
Kepler-58 b,Kepler-58,Transit,2012.0,Kepler,10.2184954,2.78,35.5,920.0,5843.0,1.03,0.95,969.252,296.3586251,39.1152033
Kepler-58 c,Kepler-58,Transit,2012.0,Kepler,15.5741568,2.86,53.0,799.0,5843.0,1.03,0.95,969.252,296.3586251,39.1152033
Kepler-58 d,Kepler-58,Transit,2014.0,Kepler,40.101371,2.94,245.343,583.0,6099.0,1.127,1.024,969.252,296.3586251,39.1152033
Kepler-58 e,Kepler-58,Transit,2023.0,Kepler,4.45814897,1.61,597.796,1212.0,6100.0,1.083,1.017,969.252,296.3586251,39.1152033
Kepler-580 b,Kepler-580,Transit,2016.0,Kepler,8.222419656,2.57,7.13,558.0,4298.0,0.64,0.67,323.899,283.4997537,40.5528053
Kepler-581 b,Kepler-581,Transit,2016.0,Kepler,40.6069821,2.63,7.41,521.0,5772.0,1.0,1.0,703.758,295.4326552,40.6481874
Kepler-582 b,Kepler-582,Transit,2016.0,Kepler,18.49235668,3.68,13.1,603.0,5564.0,0.91,0.93,613.179,297.503718,41.0570326
Kepler-583 b,Kepler-583,Transit,2016.0,Kepler,6.5100253,2.28,5.82,1017.0,5523.0,0.91,0.94,867.271,282.1113206,42.3545514
Kepler-584 b,Kepler-584,Transit,2016.0,Kepler,35.1810304,4.21,16.5,664.0,6195.0,1.24,1.17,1848.84,288.230615,42.4136181
Kepler-585 b,Kepler-585,Transit,2016.0,Kepler,2.752359753,2.83,8.4,1178.0,5593.0,0.93,0.96,585.187,286.5284924,43.8733751
Kepler-586 b,Kepler-586,Transit,2016.0,Kepler,2.104722184,2.79,8.2,1365.0,5575.0,0.92,0.94,693.766,293.0571982,45.5511266
Kepler-587 b,Kepler-587,Transit,2016.0,Kepler,10.94027841,2.23,5.6,764.0,5549.0,0.89,0.92,787.894,288.6706571,47.3991249
Kepler-588 b,Kepler-588,Transit,2016.0,Kepler,4.221625357,2.63,7.41,1176.0,5835.0,1.0,1.01,1209.4,284.2572531,47.6889081
Kepler-589 b,Kepler-589,Transit,2016.0,Kepler,16.54964934,2.27,5.77,656.0,5296.0,0.83,0.88,612.803,280.6414331,47.7520581
Kepler-589 c,Kepler-589,Transit,2021.0,Kepler,3.52466011,1.11727238,1.45,1098.0,5372.0,0.916,0.832,612.803,280.6414331,47.7520581
Kepler-59 b,Kepler-59,Transit,2012.0,Kepler,11.8681707,1.1,4.1,864.0,6074.0,0.94,1.04,1163.22,287.0394932,46.6401677
Kepler-59 c,Kepler-59,Transit,2012.0,Kepler,17.9801235,1.98,3.81,752.0,6074.0,0.94,1.04,1163.22,287.0394932,46.6401677
Kepler-590 b,Kepler-590,Transit,2016.0,Kepler,5.85296257,4.02,15.2,1056.0,6000.0,1.15,1.1,1421.81,296.3855467,48.2334177
Kepler-591 b,Kepler-591,Transit,2016.0,Kepler,81.1694299,3.39,11.4,436.0,5677.0,0.94,0.97,785.137,286.024052,48.431729
Kepler-592 b,Kepler-592,Transit,2016.0,Kepler,2.820192408,2.39,6.3,1367.0,5913.0,1.04,1.04,1153.13,285.7907395,48.6832431
Kepler-593 b,Kepler-593,Transit,2016.0,Kepler,21.21708973,2.87,8.6,706.0,5967.0,1.1,1.08,973.76,294.9513923,48.6511709
Kepler-594 b,Kepler-594,Transit,2016.0,Kepler,13.64618192,2.18,5.39,678.0,5485.0,0.87,0.91,769.2,288.9217259,49.7620237
Kepler-595 b,Kepler-595,Transit,2016.0,Kepler,25.3029092,3.708,17.4,535.0,5138.5,0.821,0.93,643.009,294.5703593,50.6730147
Kepler-595 c,Kepler-595,Transit,2020.0,Kepler,12.38602,1.009,3.3,679.0,5138.5,0.821,0.93,643.009,294.5703593,50.6730147
Kepler-596 b,Kepler-596,Transit,2016.0,Kepler,21.30022655,3.46,11.8,725.0,6267.0,1.32,1.21,1023.85,289.5006797,51.6857106
Kepler-597 b,Kepler-597,Transit,2016.0,Kepler,13.02365861,2.37,6.21,743.0,5683.0,0.95,0.97,663.418,293.4700919,39.2528182
Kepler-598 b,Kepler-598,Transit,2016.0,Kepler,3.70175428,1.5,2.86,1050.0,5307.0,0.86,0.87,681.086,293.1234493,40.9348005
Kepler-598 c,Kepler-598,Transit,2020.0,Kepler,86.4945,3.02420941,9.4,367.0,5245.0,0.900316,0.9,681.086,293.1234493,40.9348005
Kepler-599 b,Kepler-599,Transit,2016.0,Kepler,15.65562652,2.84,8.45,623.0,5127.0,0.79,0.83,558.517,285.9115968,41.0695091
Kepler-6 b,Kepler-6,Transit,2009.0,Kepler,3.2346996,14.616536,212.31044,1460.0,5647.0,1.391,1.209,587.039,296.8372475,48.2399695
Kepler-60 b,Kepler-60,Transit,2012.0,Kepler,7.1334,1.71,4.19,1102.0,5905.0,1.257,1.041,1025.1,288.9612535,42.2650472
Kepler-60 c,Kepler-60,Transit,2012.0,Kepler,8.9187,1.9,3.85,1023.0,5905.0,1.257,1.041,1025.1,288.9612535,42.2650472
Kepler-60 d,Kepler-60,Transit,2012.0,Kepler,11.8981,1.99,4.16,929.0,5905.0,1.257,1.041,1025.1,288.9612535,42.2650472
Kepler-600 b,Kepler-600,Transit,2016.0,Kepler,23.67517607,2.9,8.75,528.0,5279.0,0.81,0.84,619.723,283.8330588,41.9786358
Kepler-601 b,Kepler-601,Transit,2016.0,Kepler,5.378868441,1.9,4.27,833.0,5160.0,0.79,0.85,414.825,282.0046852,42.1764657
Kepler-602 b,Kepler-602,Transit,2016.0,Kepler,15.28469497,2.09,5.02,852.0,6062.0,1.13,1.08,1159.31,296.0318985,42.1418634
Kepler-603 b,Kepler-603,Transit,2016.0,Kepler,21.05358596,2.65,7.51,731.0,5808.0,1.01,1.01,1539.63,294.2809679,42.2909295
Kepler-603 c,Kepler-603,Transit,2016.0,Kepler,127.9075774,6.5,34.5,401.0,5808.0,1.01,1.01,1539.63,294.2809679,42.2909295
Kepler-603 d,Kepler-603,Transit,2016.0,Kepler,6.2171292,1.32,2.3,1098.0,5808.0,1.01,1.01,1539.63,294.2809679,42.2909295
Kepler-604 b,Kepler-604,Transit,2016.0,Kepler,25.85501786,2.59,7.22,637.0,5890.0,1.03,1.02,1026.49,292.3159795,42.6262429
Kepler-605 b,Kepler-605,Transit,2016.0,Kepler,3.383538066,1.44,2.67,1133.0,5462.0,0.88,0.91,556.58,287.2954015,43.2798677
Kepler-605 c,Kepler-605,Transit,2016.0,Kepler,2.358951515,0.86,0.566,1278.0,5462.0,0.88,0.91,556.58,287.2954015,43.2798677
Kepler-606 b,Kepler-606,Transit,2016.0,Kepler,24.31575992,3.31,11.0,683.0,6161.0,1.22,1.13,1215.11,292.42737,44.3812406
Kepler-607 b,Kepler-607,Transit,2016.0,Kepler,0.638163204,0.87,0.59,1874.0,5196.0,0.8,0.84,519.122,291.0571451,44.632306
Kepler-607 c,Kepler-607,Transit,2021.0,Kepler,39.67679977,2.76001201,8.05,473.0,5244.0,0.888,0.808,519.122,291.0571451,44.632306
Kepler-608 b,Kepler-608,Transit,2016.0,Kepler,6.412515037,3.64,12.9,1069.0,5820.0,1.01,1.0,946.683,293.882901,44.6380717
Kepler-609 b,Kepler-609,Transit,2016.0,Kepler,6.521210666,3.35,11.2,932.0,5971.0,1.14,1.09,1065.82,292.2203009,44.6999902
Kepler-61 b,Kepler-61,Transit,2013.0,Kepler,59.87756,2.15,5.27,273.0,4017.0,0.62,0.635,335.079,295.3044942,42.4753193
Kepler-610 b,Kepler-610,Transit,2016.0,Kepler,6.996926554,4.19,16.3,888.0,5943.0,1.13,1.1,845.824,293.1713241,45.0655934
Kepler-610 c,Kepler-610,Transit,2016.0,Kepler,151.86392,3.3,10.9,318.0,5943.0,1.13,1.1,845.824,293.1713241,45.0655934
Kepler-611 b,Kepler-611,Transit,2016.0,Kepler,2.437033302,1.65,3.36,1513.0,5761.0,1.01,1.01,1395.56,286.0049121,45.4803043
Kepler-612 b,Kepler-612,Transit,2016.0,Kepler,3.722156413,2.84,8.45,1046.0,5693.0,0.96,0.98,1445.53,291.3546278,45.7478551
Kepler-613 b,Kepler-613,Transit,2016.0,Kepler,15.77979614,2.29,5.86,713.0,5723.0,0.96,0.98,861.494,282.7868415,46.2449846
Kepler-614 b,Kepler-614,Transit,2016.0,Kepler,14.03491514,2.39,6.3,641.0,5268.0,0.81,0.85,527.995,298.3848866,46.2759867
Kepler-615 b,Kepler-615,Transit,2016.0,Kepler,10.35584657,1.74,3.68,620.0,4655.0,0.69,0.73,330.0,282.4506927,46.3213671
Kepler-616 b,Kepler-616,Transit,2016.0,Kepler,9.99761851,2.43,6.48,860.0,5753.0,0.97,0.98,945.775,294.989137,46.8383058
Kepler-616 c,Kepler-616,Transit,2016.0,Kepler,90.4113556,3.41,11.5,413.0,5753.0,0.97,0.98,945.775,294.989137,46.8383058
Kepler-616 d,Kepler-616,Transit,2021.0,Kepler,51.06740189,2.653,7.52,499.0,6004.0,0.977,1.061,945.775,294.989137,46.8383058
Kepler-617 b,Kepler-617,Transit,2016.0,Kepler,1.682696148,1.32,2.3,750.0,3712.0,0.48,0.51,173.354,283.7407247,47.5161237
Kepler-618 b,Kepler-618,Transit,2016.0,Kepler,3.595769645,2.6,7.27,1296.0,5860.0,1.08,1.05,1221.96,286.2498525,48.0609256
Kepler-619 b,Kepler-619,Transit,2016.0,Kepler,5.404272197,3.16,10.1,1073.0,5980.0,1.11,1.09,900.678,290.8490899,48.4159782
Kepler-619 c,Kepler-619,Transit,2016.0,Kepler,1.208465026,1.69,3.5,1767.0,5980.0,1.11,1.09,900.678,290.8490899,48.4159782
Kepler-619 d,Kepler-619,Transit,2023.0,Kepler,11.67894236,4.17,16.2,830.0,6122.0,0.964,1.041,900.678,290.8490899,48.4159782
Kepler-62 b,Kepler-62,Transit,2013.0,Kepler,5.714932,1.31,9.0,750.0,4925.0,0.64,0.69,300.874,283.2125621,45.3496992
Kepler-62 c,Kepler-62,Transit,2013.0,Kepler,12.4417,0.54,4.0,578.0,4925.0,0.64,0.69,300.874,283.2125621,45.3496992
Kepler-62 d,Kepler-62,Transit,2013.0,Kepler,18.16406,1.95,14.0,510.0,4925.0,0.64,0.69,300.874,283.2125621,45.3496992
Kepler-62 e,Kepler-62,Transit,2013.0,Kepler,122.3874,1.61,36.0,270.0,4925.0,0.64,0.69,300.874,283.2125621,45.3496992
Kepler-62 f,Kepler-62,Transit,2013.0,Kepler,267.291,1.41,35.0,208.0,4925.0,0.64,0.69,300.874,283.2125621,45.3496992
Kepler-620 b,Kepler-620,Transit,2016.0,Kepler,12.91375431,3.32,11.0,849.0,6155.0,1.22,1.15,1355.28,291.1593939,51.3348228
Kepler-621 b,Kepler-621,Transit,2016.0,Kepler,2.628113746,2.3,5.9,737.0,4521.0,0.68,0.72,389.0,290.927245,39.9141166
Kepler-622 b,Kepler-622,Transit,2016.0,Kepler,14.28226676,2.13,5.18,446.0,4201.0,0.61,0.64,284.761,284.4784454,40.9331723
Kepler-623 b,Kepler-623,Transit,2016.0,Kepler,9.07097734,3.01,9.32,825.0,5443.0,0.86,0.9,737.702,296.9867284,47.4773531
Kepler-624 b,Kepler-624,Transit,2016.0,Kepler,14.58649607,2.31,5.95,852.0,6117.0,1.18,1.1,748.188,295.1933631,39.5396946
Kepler-625 b,Kepler-625,Transit,2016.0,Kepler,7.75192492,1.99,4.62,852.0,5789.0,0.96,1.04,760.708,292.1504723,39.6375254
Kepler-625 c,Kepler-625,Transit,2016.0,Kepler,4.1653651,1.05,1.16,1048.0,5789.0,0.96,1.04,760.708,292.1504723,39.6375254
Kepler-626 b,Kepler-626,Transit,2016.0,Kepler,14.48585199,2.29,5.86,784.0,5813.0,1.05,1.01,635.643,288.6986828,39.7082044
Kepler-627 b,Kepler-627,Transit,2016.0,Kepler,40.6994443,3.73,13.4,685.0,6424.0,1.49,1.3,984.307,292.1042198,39.7678585
Kepler-629 b,Kepler-629,Transit,2016.0,Kepler,7.2385854,1.38,2.48,816.0,5444.0,0.84,0.93,372.05,289.4179128,39.9450757
Kepler-63 b,Kepler-63,Transit,2013.0,Kepler,9.4341505,6.11,120.0,791.0,5576.0,0.901,0.984,194.033,289.2262876,49.5482814
Kepler-630 b,Kepler-630,Transit,2016.0,Kepler,161.4743937,3.18,10.2,343.0,5829.0,1.04,1.02,839.784,293.4270647,39.9423967
Kepler-631 b,Kepler-631,Transit,2016.0,Kepler,17.97979059,2.9,8.75,828.0,6185.0,1.33,1.24,761.966,296.885724,40.2281717
Kepler-632 b,Kepler-632,Transit,2016.0,Kepler,30.99660733,2.21,5.52,500.0,5322.0,0.84,0.91,349.0,297.252613,40.288605
Kepler-633 b,Kepler-633,Transit,2016.0,Kepler,8.50340718,1.63,3.29,1021.0,5899.0,1.15,1.02,680.54,295.2173259,40.5921599
Kepler-633 c,Kepler-633,Transit,2021.0,Kepler,23.78319931,2.296,5.89,725.0,5877.0,1.265,0.997,680.54,295.2173259,40.5921599
Kepler-634 b,Kepler-634,Transit,2016.0,Kepler,5.16950177,1.89,4.23,1309.0,6075.0,1.24,1.03,888.027,291.19509,40.7027352
Kepler-635 b,Kepler-635,Transit,2016.0,Kepler,23.44971004,2.64,7.46,802.0,6174.0,1.51,1.33,1141.08,289.7732613,40.8007019
Kepler-636 b,Kepler-636,Transit,2016.0,Kepler,16.080661147,4.45,18.1,614.0,5203.0,0.8,0.85,310.301,293.5920614,41.0950891
Kepler-637 b,Kepler-637,Transit,2016.0,Kepler,23.20584623,4.75,20.2,1002.0,6096.0,2.56,1.64,786.091,292.4172566,41.4168384
Kepler-638 b,Kepler-638,Transit,2016.0,Kepler,6.07972888,1.83,4.01,1111.0,5382.0,0.93,0.88,991.214,284.9194213,41.6172093
Kepler-639 b,Kepler-639,Transit,2016.0,Kepler,10.21420496,2.38,6.26,957.0,5896.0,1.29,1.14,850.242,292.1868271,41.726944
Kepler-640 b,Kepler-640,Transit,2016.0,Kepler,22.24813967,2.56,7.08,609.0,5653.0,0.94,1.01,557.787,296.0322,42.1317392
Kepler-641 b,Kepler-641,Transit,2016.0,Kepler,9.48961571,1.85,4.08,926.0,5713.0,1.13,1.02,969.918,291.8235292,42.5161945
Kepler-642 b,Kepler-642,Transit,2016.0,Kepler,4.41745855,2.9,8.75,1810.0,6570.0,1.66,1.4,781.582,293.8345542,42.624948
Kepler-643 b,Kepler-643,Transit,2016.0,Kepler,16.33889626,10.16,321.0083,963.0,4908.0,2.52,1.0,1063.58,290.3272423,42.8982283
Kepler-644 b,Kepler-644,Transit,2016.0,Kepler,3.173917103,3.15,10.1,1655.0,6747.0,1.81,1.49,1318.05,295.4757022,43.4931119
Kepler-645 b,Kepler-645,Transit,2016.0,Kepler,3.275822621,2.1,5.06,1730.0,6170.0,1.21,1.13,1173.57,290.3227098,44.0358625
Kepler-646 b,Kepler-646,Transit,2016.0,Kepler,15.87364565,1.99,4.62,632.0,5634.0,0.91,0.93,451.794,290.4714596,44.3870422
Kepler-647 b,Kepler-647,Transit,2016.0,Kepler,16.2254649,1.17,1.71,788.0,6020.0,1.07,1.03,1087.87,284.7882977,44.5916225
Kepler-647 c,Kepler-647,Transit,2020.0,Kepler,29.6663,4.00135002,15.1,644.0,5906.74,1.54571,1.07,1087.87,284.7882977,44.5916225
Kepler-648 b,Kepler-648,Transit,2016.0,Kepler,17.4211749,3.22,10.5,674.0,5741.0,0.98,1.05,636.03,283.8996207,45.0169137
Kepler-649 b,Kepler-649,Transit,2016.0,Kepler,29.90722674,2.26,5.73,564.0,5871.0,0.94,0.97,513.748,285.6558336,45.0794516
Kepler-65 b,Kepler-65,Transit,2012.0,Kepler,2.15491,1.42,2.4,1740.0,6211.0,1.41,1.25,303.728,288.6887221,41.1511076
Kepler-65 c,Kepler-65,Transit,2012.0,Kepler,5.859944,2.58,5.4,1246.0,6211.0,1.41,1.25,303.728,288.6887221,41.1511076
Kepler-65 d,Kepler-65,Transit,2012.0,Kepler,8.13123,1.52,4.14,1117.0,6211.0,1.41,1.25,303.728,288.6887221,41.1511076
Kepler-65 e,Kepler-65,Radial Velocity,2019.0,W. M. Keck Observatory,258.8,13.9,260.0,,6220.0,1.437,1.248,303.728,288.6887221,41.1511076
Kepler-650 b,Kepler-650,Transit,2016.0,Kepler,3.032145588,2.96,9.06,1507.0,5849.0,1.35,1.08,884.378,289.0009451,45.1542968
Kepler-651 b,Kepler-651,Transit,2016.0,Kepler,21.38521506,2.37,6.21,574.0,5522.0,0.87,0.92,509.408,287.3327284,46.2034366
Kepler-652 b,Kepler-652,Transit,2016.0,Kepler,4.182002531,2.49,6.76,974.0,5490.0,0.88,0.97,394.55,288.0080899,46.4736108
Kepler-653 b,Kepler-653,Transit,2016.0,Kepler,14.70748976,1.95,4.46,819.0,5665.0,1.19,1.02,595.634,282.2130447,46.7177898
Kepler-653 c,Kepler-653,Transit,2016.0,Kepler,0.900376476,0.78,0.399,2078.0,5665.0,1.19,1.02,595.634,282.2130447,46.7177898
Kepler-654 b,Kepler-654,Transit,2016.0,Kepler,13.72465129,2.07,4.94,831.0,5865.0,1.11,1.04,974.124,297.0683931,46.8342497
Kepler-655 b,Kepler-655,Transit,2016.0,Kepler,46.4063358,2.71,7.8,588.0,6170.0,1.24,1.15,752.562,297.2590664,46.843165
Kepler-656 b,Kepler-656,Transit,2016.0,Kepler,1.260259094,3.12,9.91,1569.0,5281.0,0.82,0.86,890.352,288.3278778,47.381538
Kepler-656 c,Kepler-656,Transit,2023.0,Kepler,5.25449393,1.41,2.57,975.0,5550.0,0.954,1.05,890.352,288.3278778,47.381538
Kepler-657 b,Kepler-657,Transit,2016.0,Kepler,24.54350418,3.52,12.2,616.0,5808.0,1.01,1.01,1691.88,291.1973006,47.3077545
Kepler-658 b,Kepler-658,Transit,2016.0,Kepler,1.287076762,1.63,3.29,871.0,4103.0,0.6,0.63,388.384,282.983621,47.5783897
Kepler-659 b,Kepler-659,Transit,2016.0,Kepler,17.671796,2.5,6.8,513.0,4870.0,0.74,0.79,722.64,287.6081777,47.5096893
Kepler-66 b,Kepler-66,Transit,2013.0,Kepler,17.815815,2.8,8.25,699.0,5962.0,0.966,1.038,1202.96,293.9815378,46.687728
Kepler-660 b,Kepler-660,Transit,2016.0,Kepler,9.27358194,2.57,7.13,649.0,4779.0,0.71,0.75,568.431,288.1382985,47.7245642
Kepler-661 b,Kepler-661,Transit,2016.0,Kepler,6.029301321,3.07,9.64,678.0,4483.0,0.67,0.7,534.788,283.7107463,47.8631748
Kepler-662 b,Kepler-662,Transit,2016.0,Kepler,21.67697486,2.18,5.39,530.0,4897.0,0.74,0.79,815.637,290.4650801,47.9291252
Kepler-663 b,Kepler-663,Transit,2016.0,Kepler,4.99678284,2.6,7.27,917.0,5264.0,0.82,0.86,1063.09,297.8082232,47.9466342
Kepler-664 b,Kepler-664,Transit,2016.0,Kepler,2.525593315,2.66,7.56,1406.0,5754.0,1.02,1.01,1210.12,288.7549029,48.226203
Kepler-665 b,Kepler-665,Transit,2016.0,Kepler,16.01310205,2.6,7.27,593.0,4913.0,0.74,0.79,612.838,297.0255947,48.4785669
Kepler-666 b,Kepler-666,Transit,2016.0,Kepler,4.49876092,2.4,6.35,1133.0,5887.0,1.05,1.03,1508.71,298.4568899,48.7915925
Kepler-667 b,Kepler-667,Transit,2016.0,Kepler,41.43962808,4.73,20.1,516.0,5327.0,0.87,0.91,2302.45,295.5549918,49.0172956
Kepler-668 b,Kepler-668,Transit,2016.0,Kepler,8.35390639,2.7,7.75,790.0,5352.0,0.82,0.87,784.618,285.4992845,49.2772713
Kepler-669 b,Kepler-669,Transit,2016.0,Kepler,4.125546869,4.83,20.8,1243.0,6038.0,1.2,1.15,2063.41,291.9361615,49.2539473
Kepler-67 b,Kepler-67,Transit,2013.0,Kepler,15.7259,2.94,8.96,602.0,5331.0,0.778,0.865,1131.19,294.1533505,46.1663976
Kepler-670 b,Kepler-670,Transit,2016.0,Kepler,2.816504852,13.18,,1219.0,5709.0,0.99,0.99,939.744,297.0154644,49.2252988
Kepler-671 b,Kepler-671,Transit,2016.0,Kepler,4.280958588,2.69,7.7,1012.0,5624.0,0.95,0.97,1168.26,294.2657519,49.3140933
Kepler-672 b,Kepler-672,Transit,2016.0,Kepler,38.3774623,2.5,6.8,529.0,5627.0,0.92,0.95,1033.93,291.7219993,49.4808492
Kepler-673 b,Kepler-673,Transit,2016.0,Kepler,3.728731093,6.54,34.8,1023.0,5355.0,0.84,0.88,918.21,290.7857595,50.0540561
Kepler-674 b,Kepler-674,Transit,2016.0,Kepler,2.243381847,1.69,3.5,822.0,4192.0,0.57,0.6,342.254,285.1761864,50.1496897
Kepler-675 b,Kepler-675,Transit,2016.0,Kepler,2.33743801,2.44,6.53,1070.0,4945.0,0.75,0.79,665.68,293.8334488,50.2303479
Kepler-676 b,Kepler-676,Transit,2016.0,Kepler,11.59822172,3.04,9.48,396.0,3701.0,0.49,0.51,295.196,296.2220259,50.2873626
Kepler-677 b,Kepler-677,Transit,2016.0,Kepler,6.57531678,5.38,25.0,1015.0,5723.0,0.99,1.0,1954.08,290.0980478,50.3215731
Kepler-678 b,Kepler-678,Transit,2016.0,Kepler,7.27503724,5.14,23.1,833.0,5520.0,0.91,0.94,1826.15,295.4552577,50.4945093
Kepler-679 b,Kepler-679,Transit,2016.0,Kepler,12.39358604,3.01,9.32,677.0,5403.0,0.84,0.87,922.244,296.0213374,50.5678019
Kepler-68 b,Kepler-68,Transit,2013.0,Kepler,5.39875259,2.357,8.03,1275.0,5847.0,1.2564,1.057,144.166,291.0323102,49.0402129
Kepler-68 c,Kepler-68,Transit,2013.0,Kepler,9.605027,0.979,1.3,1052.0,5847.0,1.2564,1.057,144.166,291.0323102,49.0402129
Kepler-68 d,Kepler-68,Radial Velocity,2013.0,W. M. Keck Observatory,632.62,13.9,267.0,,5847.0,1.2564,1.057,144.166,291.0323102,49.0402129
Kepler-68 e,Kepler-68,Radial Velocity,2023.0,Roque de los Muchachos Observatory,3455.0,11.2,86.4493267,,5847.0,1.2564,1.057,144.166,291.0323102,49.0402129
Kepler-680 b,Kepler-680,Transit,2016.0,Kepler,3.689926291,2.42,6.44,1147.0,5890.0,1.11,1.08,1492.48,291.622381,50.6181793
Kepler-681 b,Kepler-681,Transit,2016.0,Kepler,26.39435646,3.08,9.69,489.0,5021.0,0.76,0.8,686.923,289.3997364,51.2502428
Kepler-682 b,Kepler-682,Transit,2016.0,Kepler,12.611906672,7.37,42.6,753.0,5559.0,0.89,0.92,1979.25,289.1122204,51.7373589
Kepler-683 b,Kepler-683,Transit,2016.0,Kepler,2.539183179,1.97,4.54,1332.0,5703.0,0.95,0.96,1023.07,291.4399598,37.9056293
Kepler-684 b,Kepler-684,Transit,2016.0,Kepler,6.770302008,3.36,11.2,812.0,5493.0,0.86,0.89,1731.27,290.8704935,38.2735978
Kepler-685 b,Kepler-685,Transit,2016.0,Kepler,1.6255222,10.58,78.8,1579.0,5963.0,1.16,1.11,938.715,293.8719143,38.4229184
Kepler-686 b,Kepler-686,Transit,2016.0,Kepler,1.594745463,12.15,,1539.0,5649.0,0.92,0.94,1490.94,285.213819,39.027466
Kepler-687 b,Kepler-687,Transit,2016.0,Kepler,20.50586978,3.52,12.2,518.0,4841.0,0.73,0.77,633.66,289.3154576,39.1532911
Kepler-688 b,Kepler-688,Transit,2016.0,Kepler,3.895936844,9.76,68.7,1005.0,5715.0,0.96,0.98,1357.75,294.6552312,39.3083446
Kepler-689 b,Kepler-689,Transit,2016.0,Kepler,22.36656079,2.89,8.7,536.0,5518.0,0.88,0.91,1131.73,294.7106347,39.5216975
Kepler-69 b,Kepler-69,Transit,2013.0,Kepler,13.722341,2.24,5.65,779.0,5638.0,0.93,0.81,730.625,293.2609013,44.8688656
Kepler-69 c,Kepler-69,Transit,2013.0,Kepler,242.4613,1.71,3.57,299.0,5638.0,0.93,0.81,730.625,293.2609013,44.8688656
Kepler-690 b,Kepler-690,Transit,2016.0,Kepler,7.748094374,5.95,29.6,964.0,5913.0,1.16,1.11,1665.31,294.4899225,39.7714758
Kepler-691 b,Kepler-691,Transit,2016.0,Kepler,8.114379,2.09,5.02,460.0,3715.0,0.5,0.53,279.115,288.8117314,40.0332311
Kepler-692 b,Kepler-692,Transit,2016.0,Kepler,21.81293494,3.11,9.85,639.0,5440.0,0.86,0.9,991.336,294.7768068,40.1537027
Kepler-693 b,Kepler-693,Transit,2016.0,Kepler,15.37563332,10.18,73.8,600.0,4881.0,0.72,0.76,1151.51,283.253527,40.3582155
Kepler-694 b,Kepler-694,Transit,2016.0,Kepler,6.365841612,2.8,8.25,914.0,5700.0,0.95,0.97,1023.06,291.1495269,40.4204569
Kepler-695 b,Kepler-695,Transit,2016.0,Kepler,3.040330424,9.21,62.3,1021.0,5181.0,0.8,0.84,842.947,299.3160934,40.8223815
Kepler-696 b,Kepler-696,Transit,2016.0,Kepler,4.190425575,6.14,31.3,1234.0,5903.0,1.08,1.06,1416.44,293.4965906,41.1375635
Kepler-697 b,Kepler-697,Transit,2016.0,Kepler,3.709870645,4.13,16.0,1151.0,5513.0,0.88,0.92,1277.33,283.8643937,41.3463859
Kepler-698 b,Kepler-698,Transit,2016.0,Kepler,16.32976218,3.68,13.1,727.0,5612.0,0.91,0.94,1995.57,288.5099994,41.3017465
Kepler-7 b,Kepler-7,Transit,2009.0,Kepler,4.8854892,18.180998,140.16303,1630.0,5933.0,1.966,1.359,922.562,288.5814928,41.0897335
Kepler-700 b,Kepler-700,Transit,2016.0,Kepler,80.8720639,5.99,30.0,452.0,5692.0,0.96,0.98,1491.76,287.154224,41.5657775
Kepler-701 b,Kepler-701,Transit,2016.0,Kepler,10.35533177,2.84,8.45,777.0,5343.0,0.84,0.88,774.152,288.99418,41.6333125
Kepler-702 b,Kepler-702,Transit,2016.0,Kepler,10.526294063,9.17,61.8,713.0,5419.0,0.86,0.9,992.071,293.8781041,41.6617245
Kepler-703 b,Kepler-703,Transit,2016.0,Kepler,4.583521756,8.2,51.1,1038.0,6185.0,1.27,1.18,1156.83,299.1868586,41.742699
Kepler-704 b,Kepler-704,Transit,2016.0,Kepler,3.76182115,2.61,7.32,1121.0,5616.0,0.96,0.97,1228.83,283.3163671,41.8370942
Kepler-705 b,Kepler-705,Transit,2016.0,Kepler,56.0560538,2.11,5.1,265.0,3722.0,0.51,0.53,276.881,289.5085612,41.8120234
Kepler-707 b,Kepler-707,Transit,2016.0,Kepler,2.237492751,1.33,2.33,1160.0,5099.0,0.76,0.8,591.776,290.007564,42.1164698
Kepler-708 b,Kepler-708,Transit,2016.0,Kepler,3.167891938,2.93,8.91,1221.0,5692.0,0.96,0.97,1394.22,293.8164588,42.2125159
Kepler-709 b,Kepler-709,Transit,2016.0,Kepler,16.08524954,2.92,8.85,613.0,5071.0,0.77,0.8,664.843,292.105272,42.3803077
Kepler-710 b,Kepler-710,Transit,2016.0,Kepler,4.347285527,1.88,4.19,1174.0,5611.0,0.91,0.94,1448.34,291.9641255,42.6961308
Kepler-711 b,Kepler-711,Transit,2016.0,Kepler,23.58914398,3.41,11.5,487.0,5222.0,0.8,0.84,624.575,297.4600468,42.8398172
Kepler-712 b,Kepler-712,Transit,2016.0,Kepler,21.02247699,3.41,11.5,521.0,5148.0,0.78,0.84,872.493,294.9096739,42.9351987
Kepler-712 c,Kepler-712,Transit,2016.0,Kepler,226.89047,4.85,21.0,236.0,5148.0,0.78,0.84,872.493,294.9096739,42.9351987
Kepler-713 b,Kepler-713,Transit,2016.0,Kepler,7.411141,2.48,6.71,905.0,5785.0,0.99,0.98,1089.87,295.6513819,43.0297781
Kepler-714 b,Kepler-714,Transit,2016.0,Kepler,8.098887986,9.67,67.6,986.0,5995.0,1.12,1.09,2083.37,282.6994685,43.2727437
Kepler-715 b,Kepler-715,Transit,2016.0,Kepler,10.00652995,3.75,13.5,876.0,5871.0,1.04,1.04,1327.44,283.6307971,43.3793638
Kepler-716 b,Kepler-716,Transit,2016.0,Kepler,10.37168453,2.9,8.75,720.0,5099.0,0.78,0.83,635.009,290.3931809,43.3638577
Kepler-716 c,Kepler-716,Transit,2020.0,Kepler,3.96999,1.39281536,2.52,992.0,5012.0,0.742183,0.83,635.009,290.3931809,43.3638577
Kepler-717 b,Kepler-717,Transit,2016.0,Kepler,4.40840023,2.42,6.44,1139.0,5485.0,0.85,0.88,2805.48,292.9655071,43.346345
Kepler-718 b,Kepler-718,Transit,2016.0,Kepler,2.052349905,16.56,,1497.0,6191.0,1.3,1.18,1302.33,299.5618676,43.5035173
Kepler-719 b,Kepler-719,Transit,2016.0,Kepler,5.007317779,8.52,54.5,998.0,5777.0,0.98,0.99,2497.51,295.5360628,43.8844116
Kepler-720 b,Kepler-720,Transit,2016.0,Kepler,4.708326542,8.41,53.4,1162.0,5618.0,0.92,0.95,1065.37,298.6356478,44.1709388
Kepler-721 b,Kepler-721,Transit,2016.0,Kepler,5.392025388,2.64,7.46,850.0,5075.0,0.78,0.82,926.598,284.4305132,44.4803776
Kepler-722 b,Kepler-722,Transit,2016.0,Kepler,4.093573252,2.63,7.41,1182.0,5863.0,1.05,1.03,1239.5,290.2632874,44.5564051
Kepler-722 c,Kepler-722,Transit,2016.0,Kepler,105.144749,2.82,8.35,401.0,5863.0,1.05,1.03,1239.5,290.2632874,44.5564051
Kepler-723 b,Kepler-723,Transit,2016.0,Kepler,4.082275068,12.19,,1016.0,5539.0,0.89,0.92,1071.8,284.8304434,44.6580932
Kepler-724 b,Kepler-724,Transit,2016.0,Kepler,3.314946338,3.29,10.8,1155.0,5437.0,0.86,0.9,853.119,293.4548441,44.7927823
Kepler-725 b,Kepler-725,Transit,2016.0,Kepler,39.64372,10.8,81.6,514.0,5395.0,0.88,0.95,758.469,283.9774949,44.8115613
Kepler-725 c,Kepler-725,Transit Timing Variations,2025.0,Kepler,207.541,3.08,9.7,268.0,5395.0,0.88,0.95,758.469,283.9774949,44.8115613
Kepler-726 b,Kepler-726,Transit,2016.0,Kepler,21.80451088,3.26,10.7,543.0,5452.0,0.85,0.88,762.081,291.7172776,44.8873466
Kepler-727 b,Kepler-727,Transit,2016.0,Kepler,5.154484417,2.53,6.94,964.0,5441.0,0.86,0.89,831.842,294.8469333,45.0344155
Kepler-728 b,Kepler-728,Transit,2016.0,Kepler,5.743477265,3.34,11.1,982.0,5660.0,0.93,0.95,1765.23,291.0923621,45.1155087
Kepler-729 b,Kepler-729,Transit,2016.0,Kepler,3.166353714,3.58,12.5,1273.0,5633.0,0.91,0.94,1921.15,286.3600604,45.4142664
Kepler-730 b,Kepler-730,Transit,2016.0,Kepler,6.491682808,12.3299,,1219.0,5620.0,1.411,1.047,1935.04,285.5547895,45.578842
Kepler-730 c,Kepler-730,Transit,2018.0,Kepler,2.85188338,1.56926,3.09,1607.0,5620.0,1.411,1.047,1935.04,285.5547895,45.578842
Kepler-731 b,Kepler-731,Transit,2016.0,Kepler,3.855603551,13.88,,1212.0,5849.0,1.06,1.03,1257.16,296.3931945,45.568533
Kepler-732 b,Kepler-732,Transit,2016.0,Kepler,9.467814048,2.18,5.39,407.0,3631.0,0.46,0.49,174.826,283.7317274,45.9585288
Kepler-732 c,Kepler-732,Transit,2016.0,Kepler,0.893041236,1.27,2.15,893.0,3631.0,0.46,0.49,174.826,283.7317274,45.9585288
Kepler-733 b,Kepler-733,Transit,2016.0,Kepler,20.83424726,2.82,8.35,595.0,5418.0,0.86,0.9,916.706,293.0181882,45.9147063
Kepler-734 b,Kepler-734,Transit,2016.0,Kepler,6.104852856,3.56,12.4,784.0,5326.0,0.78,0.85,1157.21,297.0456122,46.0273893
Kepler-735 b,Kepler-735,Transit,2016.0,Kepler,11.51516988,2.95,9.01,657.0,5107.0,0.8,0.85,695.059,284.6888328,46.1721391
Kepler-736 b,Kepler-736,Transit,2016.0,Kepler,3.60147201,2.93,8.91,996.0,5217.0,0.81,0.86,1005.43,285.3913092,46.1809293
Kepler-737 b,Kepler-737,Transit,2016.0,Kepler,28.59915399,1.96,4.5,298.0,3813.0,0.48,0.51,205.118,291.8629793,46.4291614
Kepler-738 b,Kepler-738,Transit,2016.0,Kepler,24.58721573,2.5,6.8,530.0,5327.0,0.82,0.86,1113.65,287.5696516,46.5679011
Kepler-739 b,Kepler-739,Transit,2016.0,Kepler,12.53248465,3.32,11.0,775.0,5601.0,0.9,0.93,1370.65,290.067994,46.5791535
Kepler-74 b,Kepler-74,Transit,2013.0,Kepler,7.340711,10.76,200.22,1078.0,6000.0,1.12,1.18,1177.55,293.0925275,41.3555095
Kepler-740 b,Kepler-740,Transit,2016.0,Kepler,3.584101216,4.57,18.9,1131.0,5438.0,0.87,0.91,1442.02,286.4822566,46.692456
Kepler-741 b,Kepler-741,Transit,2016.0,Kepler,7.03902374,2.97,9.11,1051.0,6129.0,1.24,1.16,1661.87,289.4317294,46.6174978
Kepler-742 b,Kepler-742,Transit,2016.0,Kepler,8.360868238,3.24,10.6,690.0,4642.0,0.71,0.76,489.253,283.8659676,46.7896522
Kepler-743 b,Kepler-743,Transit,2016.0,Kepler,3.179262921,1.21,1.92,1101.0,5486.0,0.85,0.94,278.987,295.57423,42.8064255
Kepler-744 b,Kepler-744,Transit,2016.0,Kepler,12.06222443,1.62,3.26,750.0,5594.0,0.93,0.94,449.964,296.4960493,47.1827848
Kepler-745 b,Kepler-745,Transit,2016.0,Kepler,9.93143556,2.16,5.31,931.0,5849.0,1.04,1.04,1780.38,291.4994412,37.0592571
Kepler-746 b,Kepler-746,Transit,2016.0,Kepler,3.48159251,1.11,1.41,1156.0,5418.0,0.93,0.91,450.0,290.6822097,37.3551593
Kepler-747 b,Kepler-747,Transit,2016.0,Kepler,35.61760587,5.27,24.1,456.0,5096.0,0.78,0.82,3347.16,288.4165196,41.0298175
Kepler-748 b,Kepler-748,Transit,2016.0,Kepler,7.40742793,2.52,6.9,938.0,5934.0,1.1,1.07,1705.99,292.2628779,37.2369732
Kepler-749 b,Kepler-749,Transit,2016.0,Kepler,17.31716585,3.1,9.8,454.0,5009.0,0.75,0.79,721.027,299.8973341,43.9040667
Kepler-75 b,Kepler-75,Transit,2013.0,Kepler,8.8849116,11.77,3209.9,767.0,5200.0,0.89,0.91,835.356,291.1376203,36.5773443
Kepler-750 b,Kepler-750,Transit,2016.0,Kepler,9.42887179,3.07,9.64,1163.0,6160.0,1.23,1.15,1296.02,289.0968274,44.004364
Kepler-750 c,Kepler-750,Transit,2016.0,Kepler,4.08899022,1.62,3.26,1537.0,6160.0,1.23,1.15,1296.02,289.0968274,44.004364
Kepler-751 b,Kepler-751,Transit,2016.0,Kepler,17.44490636,2.46,6.62,679.0,5387.0,0.84,0.87,760.43,294.8438103,44.0776872
Kepler-752 b,Kepler-752,Transit,2016.0,Kepler,18.82747265,2.81,8.3,632.0,5373.0,0.83,0.87,1232.29,292.2681469,37.955672
Kepler-753 b,Kepler-753,Transit,2016.0,Kepler,5.747725012,1.91,4.31,641.0,4346.0,0.65,0.68,274.767,291.9032411,37.9023677
Kepler-754 b,Kepler-754,Transit,2016.0,Kepler,14.5596237,2.01,4.7,758.0,5935.0,1.08,1.06,1770.27,293.2541121,37.8461519
Kepler-755 b,Kepler-755,Transit,2016.0,Kepler,1.269090374,1.76,3.75,1331.0,5043.0,0.77,0.82,399.034,296.8609348,41.0973178
Kepler-755 c,Kepler-755,Transit,2016.0,Kepler,2.853133644,1.26,2.13,1016.0,5043.0,0.77,0.82,399.034,296.8609348,41.0973178
Kepler-756 b,Kepler-756,Transit,2016.0,Kepler,1.224866322,1.12,1.46,1741.0,5282.0,0.79,0.82,852.0,290.6079736,41.201094
Kepler-757 b,Kepler-757,Transit,2016.0,Kepler,1.022678821,1.36,2.42,1734.0,6014.0,1.13,1.08,1068.68,296.6804876,41.3865279
Kepler-758 b,Kepler-758,Transit,2016.0,Kepler,12.1097104,2.48,6.71,1005.0,6228.0,1.42,1.16,1502.32,293.0846115,41.1354049
Kepler-758 c,Kepler-758,Transit,2016.0,Kepler,4.75793986,1.69,3.5,1372.0,6228.0,1.42,1.16,1502.32,293.0846115,41.1354049
Kepler-758 d,Kepler-758,Transit,2016.0,Kepler,20.4966197,2.12,5.14,843.0,6228.0,1.42,1.16,1502.32,293.0846115,41.1354049
Kepler-758 e,Kepler-758,Transit,2016.0,Kepler,8.1934719,1.53,2.96,1144.0,6228.0,1.42,1.16,1502.32,293.0846115,41.1354049
Kepler-759 b,Kepler-759,Transit,2016.0,Kepler,41.805985,2.27,5.77,533.0,5860.0,1.04,1.04,1073.48,290.1314231,41.3814345
Kepler-76 b,Kepler-76,Orbital Brightness Modulation,2013.0,Kepler,1.5449298,15.24424,638.8383,2140.0,6409.0,1.32,1.2,822.96,294.1921185,39.6189727
Kepler-760 b,Kepler-760,Transit,2016.0,Kepler,8.70419416,3.06,9.59,748.0,5322.0,0.85,0.89,792.336,287.5931997,44.1794278
Kepler-760 c,Kepler-760,Transit,2016.0,Kepler,2.46697439,1.48,2.79,1139.0,5322.0,0.85,0.89,792.336,287.5931997,44.1794278
Kepler-761 b,Kepler-761,Transit,2016.0,Kepler,10.12804789,2.03,4.78,767.0,5706.0,0.93,0.95,830.707,290.503599,44.1436249
Kepler-762 b,Kepler-762,Transit,2016.0,Kepler,3.770552098,12.68,,1302.0,5944.0,1.08,1.06,1898.26,291.2756631,47.3295107
Kepler-763 b,Kepler-763,Transit,2016.0,Kepler,1.19655156,1.22,1.98,1414.0,5166.0,0.8,0.84,962.459,292.1445534,47.1573604
Kepler-763 c,Kepler-763,Transit,2023.0,Kepler,4.09667624,1.42,2.6,938.0,4999.0,0.843,0.8,962.459,292.1445534,47.1573604
Kepler-763 d,Kepler-763,Transit,2023.0,Kepler,6.50327035,1.67,3.43,804.0,4999.0,0.843,0.8,962.459,292.1445534,47.1573604
Kepler-764 b,Kepler-764,Transit,2016.0,Kepler,7.33683936,1.64,3.33,875.0,5557.0,0.89,0.92,1047.84,297.3931183,47.1645814
Kepler-765 b,Kepler-765,Transit,2016.0,Kepler,27.6655226,2.43,6.48,641.0,5901.0,1.06,1.05,1076.28,283.1846044,47.1557114
Kepler-766 b,Kepler-766,Transit,2016.0,Kepler,6.10027804,3.39,11.4,990.0,5992.0,1.15,1.1,2297.62,293.1845144,37.9698357
Kepler-767 b,Kepler-767,Transit,2016.0,Kepler,161.5280101,6.64,35.7,366.0,5694.0,0.94,0.96,2251.03,291.5791562,38.0358066
Kepler-768 b,Kepler-768,Transit,2016.0,Kepler,11.3910025,1.79,3.86,618.0,5108.0,0.78,0.82,784.56,294.1156858,38.3934378
Kepler-769 b,Kepler-769,Transit,2016.0,Kepler,7.42608998,2.92,8.85,1037.0,6186.0,1.28,1.19,1169.57,292.7130925,38.3581685
Kepler-769 c,Kepler-769,Transit,2016.0,Kepler,15.9870174,1.79,3.86,803.0,6186.0,1.28,1.19,1169.57,292.7130925,38.3581685
Kepler-77 b,Kepler-77,Transit,2013.0,Kepler,3.57878087,10.761,136.661,1440.0,5520.0,0.99,0.95,639.411,289.6079433,44.3454347
Kepler-770 b,Kepler-770,Transit,2016.0,Kepler,18.92540274,2.3,5.9,1171.0,5598.0,0.92,0.94,930.457,286.4904589,38.374872
Kepler-770 c,Kepler-770,Transit,2016.0,Kepler,1.475322314,1.2,1.87,2740.0,5598.0,0.92,0.94,930.457,286.4904589,38.374872
Kepler-770 d,Kepler-770,Transit,2016.0,Kepler,4.15244722,1.4,2.54,1941.0,5598.0,0.92,0.94,930.457,286.4904589,38.374872
Kepler-771 b,Kepler-771,Transit,2016.0,Kepler,8.73485836,1.82,3.97,890.0,5906.0,1.05,1.03,1393.85,287.4441104,38.0884183
Kepler-772 b,Kepler-772,Transit,2016.0,Kepler,12.99207337,1.82,3.97,866.0,5714.0,1.11,0.98,1130.21,291.423582,38.2165603
Kepler-773 b,Kepler-773,Transit,2016.0,Kepler,3.749100061,1.43,2.63,1160.0,5850.0,1.01,1.04,547.026,290.8846217,38.0575539
Kepler-774 b,Kepler-774,Transit,2016.0,Kepler,11.0895723,3.17,10.2,1422.0,6403.0,2.42,1.57,917.804,291.0318604,38.211894
Kepler-775 b,Kepler-775,Transit,2016.0,Kepler,0.974868926,1.19,1.81,1612.0,5468.0,0.84,0.92,398.676,291.4332781,41.7033162
Kepler-776 b,Kepler-776,Transit,2016.0,Kepler,4.89718784,1.28,2.18,904.0,5071.0,0.78,0.83,727.904,287.2726117,41.6356009
Kepler-777 b,Kepler-777,Transit,2016.0,Kepler,5.72812599,1.47,2.76,569.0,4043.0,0.56,0.58,443.106,282.7241098,44.3465098
Kepler-778 b,Kepler-778,Transit,2016.0,Kepler,3.75574426,1.68,3.46,977.0,5102.0,0.77,0.81,938.168,287.4774867,44.2374702
Kepler-779 b,Kepler-779,Transit,2016.0,Kepler,7.09714223,0.92,0.721,425.0,3804.0,0.44,0.46,283.155,285.6285208,44.3107855
Kepler-78 b,Kepler-78,Transit,2013.0,Kepler,0.35500745,1.201,1.68,2223.0,5058.0,0.7475,0.779,124.376,293.7419543,44.4482521
Kepler-780 b,Kepler-780,Transit,2016.0,Kepler,0.677375164,0.89,0.64,2099.0,5769.0,1.02,1.01,557.652,281.7663511,44.2924898
Kepler-781 b,Kepler-781,Transit,2016.0,Kepler,13.2140732,2.89,8.7,629.0,5162.0,0.78,0.81,1064.47,287.6535874,47.4147762
Kepler-782 b,Kepler-782,Transit,2016.0,Kepler,158.6853308,3.21,10.4,350.0,5867.0,1.01,0.98,446.844,288.868246,47.75947
Kepler-783 b,Kepler-783,Transit,2016.0,Kepler,4.29264638,0.78,0.399,991.0,5521.0,0.89,0.93,516.09,291.0628615,47.484789
Kepler-783 c,Kepler-783,Transit,2020.0,Kepler,7.05395,2.33153725,6.04,840.0,5411.49,0.872088,0.94,516.09,291.0628615,47.484789
Kepler-784 b,Kepler-784,Transit,2016.0,Kepler,31.5922646,1.58,3.12,688.0,5674.0,1.32,1.0,1303.72,295.9206663,47.4486164
Kepler-784 c,Kepler-784,Transit,2023.0,Kepler,17.157236,1.55,3.02,844.0,5676.0,1.487,1.016,1303.72,295.9206663,47.4486164
Kepler-785 b,Kepler-785,Transit,2016.0,Kepler,1.973760926,13.02,,753.0,4739.0,0.71,0.77,642.051,292.0683108,38.8422004
Kepler-786 b,Kepler-786,Transit,2016.0,Kepler,53.5293487,2.43,6.48,348.0,4838.0,0.74,0.81,485.318,293.7439223,38.9392217
Kepler-787 b,Kepler-787,Transit,2016.0,Kepler,0.928310498,1.28,2.18,1115.0,4248.0,0.62,0.65,503.568,291.6924773,38.5729105
Kepler-788 b,Kepler-788,Transit,2016.0,Kepler,8.39846269,2.55,7.04,984.0,6159.0,1.23,1.16,1775.8,290.0004154,38.5398551
Kepler-789 b,Kepler-789,Transit,2016.0,Kepler,8.63847725,2.12,5.14,1419.0,5870.0,1.02,1.01,1480.16,295.9751549,38.9466396
Kepler-79 b,Kepler-79,Transit,2012.0,Kepler,13.4845,3.47,10.9,929.0,6174.0,1.302,1.165,1020.72,300.5171067,44.3815508
Kepler-79 c,Kepler-79,Transit,2012.0,Kepler,27.4029,3.72,5.9,734.0,6174.0,1.302,1.165,1020.72,300.5171067,44.3815508
Kepler-79 d,Kepler-79,Transit,2014.0,Kepler,52.0902,7.16,6.0,592.0,6174.0,1.302,1.165,1020.72,300.5171067,44.3815508
Kepler-79 e,Kepler-79,Transit,2014.0,Kepler,81.0659,3.49,4.1,511.0,6174.0,1.302,1.165,1020.72,300.5171067,44.3815508
Kepler-790 b,Kepler-790,Transit,2016.0,Kepler,13.73469807,2.18,5.39,634.0,5208.0,0.8,0.84,703.168,286.9171489,38.8722123
Kepler-791 b,Kepler-791,Transit,2016.0,Kepler,14.5539759,3.05,9.53,939.0,6383.0,1.47,1.3,1266.34,293.5958044,39.0294267
Kepler-792 b,Kepler-792,Transit,2016.0,Kepler,11.30119217,1.96,4.5,852.0,5971.0,1.12,1.09,1425.47,292.0068239,38.8207001
Kepler-793 b,Kepler-793,Transit,2016.0,Kepler,4.24153639,1.37,2.45,1177.0,5745.0,0.97,0.98,985.699,295.2167334,38.7744269
Kepler-794 b,Kepler-794,Transit,2016.0,Kepler,11.13125132,2.11,5.1,952.0,5839.0,1.38,1.19,931.192,288.1336793,38.9968923
Kepler-795 b,Kepler-795,Transit,2016.0,Kepler,29.6193421,1.68,3.46,580.0,5631.0,0.96,0.94,492.122,291.0189951,38.5455728
Kepler-796 b,Kepler-796,Transit,2016.0,Kepler,6.40087618,1.3,2.24,1109.0,5475.0,1.09,0.93,817.584,287.3078999,39.1447097
Kepler-797 b,Kepler-797,Transit,2016.0,Kepler,27.07237711,2.17,5.35,605.0,5680.0,0.95,0.96,1315.26,297.2089078,41.781645
Kepler-798 b,Kepler-798,Transit,2016.0,Kepler,13.71933369,2.39,6.3,864.0,6224.0,1.29,1.19,972.274,292.4782785,42.1422821
Kepler-799 b,Kepler-799,Transit,2016.0,Kepler,133.4605235,6.88,37.9,433.0,5681.0,0.93,0.95,1509.084,287.1748966,44.8784754
Kepler-799 c,Kepler-799,Transit,2021.0,Kepler,15.19419956,2.78068551,8.15,893.0,5588.0,1.593,1.031,1509.084,287.1748966,44.8784754
Kepler-8 b,Kepler-8,Transit,2010.0,Kepler,3.5224991,15.871944,187.5197,1680.0,6213.0,1.486,1.213,1021.87,281.2881335,42.4510975
Kepler-80 b,Kepler-80,Transit,2012.0,Kepler,7.05246,2.67,6.93,547.0,4540.0,0.678,0.73,369.451,296.1125759,39.9787451
Kepler-80 c,Kepler-80,Transit,2012.0,Kepler,9.52355,2.74,6.74,495.0,4540.0,0.678,0.73,369.451,296.1125759,39.9787451
Kepler-80 d,Kepler-80,Transit,2014.0,Kepler,3.07222,1.53,6.75,722.0,4540.0,0.678,0.73,369.451,296.1125759,39.9787451
Kepler-80 e,Kepler-80,Transit,2014.0,Kepler,4.64489,1.6,4.13,629.0,4540.0,0.678,0.73,369.451,296.1125759,39.9787451
Kepler-80 f,Kepler-80,Transit,2016.0,Kepler,0.9867873,1.21,4459.73,1054.0,4540.0,0.678,0.73,369.451,296.1125759,39.9787451
Kepler-80 g,Kepler-80,Transit,2017.0,Kepler,14.64558,1.13,0.065,418.0,4540.0,0.678,0.83,369.451,296.1125759,39.9787451
Kepler-800 b,Kepler-800,Transit,2016.0,Kepler,14.13176026,2.85,8.5,675.0,5315.0,0.82,0.85,1019.26,286.5747697,44.7951858
Kepler-801 b,Kepler-801,Transit,2016.0,Kepler,11.41928253,2.0,4.66,419.0,4435.0,0.63,0.67,440.426,286.0751815,44.6646277
Kepler-802 b,Kepler-802,Transit,2016.0,Kepler,40.0587473,3.54,12.3,489.0,5507.0,0.9,0.93,780.585,286.0157998,45.0077413
Kepler-803 b,Kepler-803,Transit,2016.0,Kepler,50.28638192,3.79,13.8,543.0,5919.0,1.12,1.05,639.771,299.2216728,44.6939033
Kepler-804 b,Kepler-804,Transit,2016.0,Kepler,14.37457351,1.94,4.42,779.0,5817.0,1.05,1.01,649.65,293.3722109,44.7851812
Kepler-804 c,Kepler-804,Transit,2016.0,Kepler,9.65185017,1.14,1.55,890.0,5817.0,1.05,1.01,649.65,293.3722109,44.7851812
Kepler-805 b,Kepler-805,Transit,2016.0,Kepler,30.8638931,2.89,8.7,743.0,6112.0,1.65,1.19,638.49,293.2300178,45.053364
Kepler-806 b,Kepler-806,Transit,2016.0,Kepler,8.09219642,1.14,1.55,1089.0,5770.0,1.16,0.99,361.896,296.0071956,44.8535698
Kepler-808 b,Kepler-808,Transit,2016.0,Kepler,0.631332353,1.46,2.73,1322.0,4653.0,0.71,0.76,321.0,291.5941514,48.4454907
Kepler-809 b,Kepler-809,Transit,2016.0,Kepler,55.63934,3.01,9.32,478.0,5734.0,0.98,0.99,961.405,289.0836324,48.0180689
Kepler-81 b,Kepler-81,Transit,2012.0,Kepler,5.955,2.42,17.2,635.0,4385.0,0.59,0.64,348.291,293.6369437,42.8248275
Kepler-81 c,Kepler-81,Transit,2012.0,Kepler,12.04,2.37,4.3,502.0,4385.0,0.59,0.64,348.291,293.6369437,42.8248275
Kepler-81 d,Kepler-81,Transit,2014.0,Kepler,20.837846,1.21,1.92,418.0,4500.0,0.595,0.648,348.291,293.6369437,42.8248275
Kepler-810 b,Kepler-810,Transit,2016.0,Kepler,4.59725385,1.93,4.38,1105.0,5803.0,1.04,1.03,1458.59,296.6148615,48.0825642
Kepler-811 b,Kepler-811,Transit,2016.0,Kepler,23.58447697,2.7,7.75,730.0,5747.0,1.24,1.01,985.041,285.4241593,47.8345586
Kepler-812 b,Kepler-812,Transit,2016.0,Kepler,10.11716531,3.55,12.3,1163.0,6761.0,1.71,1.45,1482.74,288.8552821,48.208517
Kepler-813 b,Kepler-813,Transit,2016.0,Kepler,19.12947337,2.14,5.22,817.0,5743.0,0.93,0.95,840.0,285.6626752,48.4353251
Kepler-814 b,Kepler-814,Transit,2016.0,Kepler,6.1469851,2.12,5.14,1164.0,6162.0,1.22,1.15,2055.77,284.9105256,48.4315896
Kepler-815 b,Kepler-815,Transit,2016.0,Kepler,8.57503552,4.11,15.8,1374.0,5028.0,3.42,1.25,1259.28,285.2211238,47.8813037
Kepler-816 b,Kepler-816,Transit,2016.0,Kepler,10.506825646,10.24,74.5,668.0,5286.0,0.85,0.9,983.697,293.3628165,39.2124394
Kepler-817 b,Kepler-817,Transit,2016.0,Kepler,3.990106229,9.03,60.2,1124.0,5861.0,1.03,1.03,1484.46,296.0818498,39.161614
Kepler-818 b,Kepler-818,Transit,2016.0,Kepler,10.035385814,5.11,22.9,786.0,5638.0,0.92,0.94,925.037,296.2351072,39.3702865
Kepler-819 b,Kepler-819,Transit,2016.0,Kepler,33.1995648,2.76,8.05,485.0,5279.0,0.81,0.86,664.306,295.3708312,39.1772925
Kepler-82 b,Kepler-82,Transit,2012.0,Kepler,26.44,4.07,12.15,562.0,5401.0,0.898,0.91,904.326,292.8733696,42.9661583
Kepler-82 c,Kepler-82,Transit,2012.0,Kepler,51.54,5.34,13.9,450.0,5401.0,0.898,0.91,904.326,292.8733696,42.9661583
Kepler-82 d,Kepler-82,Transit,2014.0,Kepler,2.382961,1.77,885.098,1253.0,5428.0,0.945,0.946,904.326,292.8733696,42.9661583
Kepler-82 e,Kepler-82,Transit,2014.0,Kepler,5.902206,2.47,254.02,926.0,5428.0,0.945,0.946,904.326,292.8733696,42.9661583
Kepler-82 f,Kepler-82,Transit Timing Variations,2019.0,KOINet,75.732,4.84,20.9,,5401.0,0.898,0.91,904.326,292.8733696,42.9661583
Kepler-820 b,Kepler-820,Transit,2016.0,Kepler,127.8338098,6.09,30.8,554.0,6260.0,1.36,1.23,1387.2,291.0201523,39.2206091
Kepler-821 b,Kepler-821,Transit,2016.0,Kepler,1.92279873,1.31,2.27,1215.0,5191.0,0.8,0.84,614.571,285.6173937,39.3794684
Kepler-822 b,Kepler-822,Transit,2016.0,Kepler,3.222969273,1.77,3.78,1239.0,5928.0,1.08,1.06,860.391,292.2760929,39.5501136
Kepler-823 b,Kepler-823,Transit,2016.0,Kepler,4.16809082,1.57,3.09,1277.0,5643.0,0.96,0.98,1389.27,284.5825682,39.2201737
Kepler-824 b,Kepler-824,Transit,2016.0,Kepler,4.51436633,1.87,4.16,1231.0,6035.0,1.22,1.15,1201.4,290.477406,39.7319975
Kepler-825 b,Kepler-825,Transit,2016.0,Kepler,3.77360059,1.53,2.96,1270.0,5976.0,1.08,1.03,807.85,294.769825,39.3984081
Kepler-825 c,Kepler-825,Transit,2016.0,Kepler,8.1818246,1.84,4.04,981.0,5976.0,1.08,1.03,807.85,294.769825,39.3984081
Kepler-826 b,Kepler-826,Transit,2016.0,Kepler,4.48758907,1.25,2.1,1305.0,6079.0,1.15,1.05,779.596,284.8601128,39.2405076
Kepler-827 b,Kepler-827,Transit,2016.0,Kepler,51.92927591,5.63,27.0,574.0,5602.0,0.91,0.93,2046.68,294.9660027,42.7085608
Kepler-828 b,Kepler-828,Transit,2016.0,Kepler,0.567857136,1.51,2.89,1848.0,5039.0,0.77,0.81,575.322,286.8872555,42.4712271
Kepler-829 b,Kepler-829,Transit,2016.0,Kepler,6.88337562,2.11,5.1,857.0,5698.0,0.97,0.98,1073.76,282.3328312,42.4638125
Kepler-83 b,Kepler-83,Transit,2012.0,Kepler,9.77,2.83,2.94,460.0,4082.0,0.61,0.66,400.409,282.2325197,43.6655662
Kepler-83 c,Kepler-83,Transit,2012.0,Kepler,20.09,2.36,2.03,362.0,4082.0,0.61,0.66,400.409,282.2325197,43.6655662
Kepler-83 d,Kepler-83,Transit,2014.0,Kepler,5.169796,1.94,4.1,569.0,4648.0,0.594,0.58,400.409,282.2325197,43.6655662
Kepler-830 b,Kepler-830,Transit,2016.0,Kepler,11.29695137,1.7,3.53,907.0,6037.0,1.11,1.07,1122.0,295.054238,42.7568316
Kepler-831 b,Kepler-831,Transit,2016.0,Kepler,5.62153941,1.27,2.15,992.0,5732.0,0.97,0.99,593.54,294.9855607,42.7277355
Kepler-832 b,Kepler-832,Transit,2016.0,Kepler,7.1396941,2.06,4.9,965.0,5596.0,0.9,0.92,1688.12,295.9261101,45.383869
Kepler-833 b,Kepler-833,Transit,2016.0,Kepler,18.7546998,2.02,4.74,382.0,4339.0,0.62,0.64,467.37,290.4799052,45.6005798
Kepler-834 b,Kepler-834,Transit,2016.0,Kepler,13.32388301,2.02,4.74,378.0,4554.0,0.66,0.7,633.937,287.0544674,45.1803351
Kepler-835 b,Kepler-835,Transit,2016.0,Kepler,11.41909375,2.79,8.2,921.0,5954.0,1.11,1.08,2406.33,283.5742181,45.7348003
Kepler-836 b,Kepler-836,Transit,2016.0,Kepler,11.36112327,2.73,7.9,869.0,5895.0,1.04,1.03,980.035,287.4527659,45.7043964
Kepler-837 b,Kepler-837,Transit,2016.0,Kepler,16.56059504,2.56,7.08,701.0,5403.0,0.81,0.85,901.907,285.2467607,45.95011
Kepler-838 b,Kepler-838,Transit,2016.0,Kepler,15.74957994,2.73,7.9,777.0,5770.0,0.96,0.98,1104.04,285.4354695,45.975959
Kepler-839 b,Kepler-839,Transit,2016.0,Kepler,37.8144514,2.57,7.13,626.0,6058.0,1.31,1.22,944.561,291.074684,45.242544
Kepler-84 b,Kepler-84,Transit,2012.0,Kepler,8.726,2.23,40.0,985.0,6039.0,1.43,1.0,1023.9,298.2520208,40.4960842
Kepler-84 c,Kepler-84,Transit,2012.0,Kepler,12.883,2.36,20.2,865.0,6039.0,1.43,1.0,1023.9,298.2520208,40.4960842
Kepler-84 d,Kepler-84,Transit,2014.0,Kepler,4.224537,1.38,2.48,1254.0,6031.0,1.169,1.06,1023.9,298.2520208,40.4960842
Kepler-84 e,Kepler-84,Transit,2014.0,Kepler,27.434389,2.6,7.27,672.0,6031.0,1.169,1.06,1023.9,298.2520208,40.4960842
Kepler-84 f,Kepler-84,Transit,2014.0,Kepler,44.552169,2.2,5.48,572.0,6031.0,1.169,1.06,1023.9,298.2520208,40.4960842
Kepler-841 b,Kepler-841,Transit,2016.0,Kepler,124.4198398,5.23,23.8,416.0,5324.0,0.81,0.85,998.961,284.2513637,48.8095962
Kepler-842 b,Kepler-842,Transit,2016.0,Kepler,1.21956827,1.6,3.19,1252.0,4848.0,0.73,0.78,532.726,292.3285976,49.6535171
Kepler-843 b,Kepler-843,Transit,2016.0,Kepler,2.053879821,2.59,7.22,1523.0,5830.0,1.03,1.02,1165.66,296.3219786,48.9714373
Kepler-844 b,Kepler-844,Transit,2016.0,Kepler,2.613020856,1.68,3.46,713.0,4128.0,0.57,0.59,431.776,287.8578541,48.7739646
Kepler-845 b,Kepler-845,Transit,2016.0,Kepler,0.927859821,2.04,4.82,1361.0,4913.0,0.75,0.79,431.051,290.9576363,49.2037262
Kepler-846 b,Kepler-846,Transit,2016.0,Kepler,19.80792185,2.48,6.71,624.0,5579.0,0.91,0.94,1127.12,287.0570731,49.0460112
Kepler-847 b,Kepler-847,Transit,2016.0,Kepler,2.343231895,1.18,1.76,1054.0,4940.0,0.77,0.83,513.103,283.5048144,49.4509371
Kepler-848 b,Kepler-848,Transit,2016.0,Kepler,6.91134416,1.7,3.53,1086.0,5695.0,1.2,1.01,1378.47,293.2882949,48.8116114
Kepler-849 b,Kepler-849,Transit,2016.0,Kepler,394.62508,8.08167508,298.75870258,362.7,5950.0,1.822,1.259,822.134,290.8517961,48.5213243
Kepler-85 b,Kepler-85,Transit,2012.0,Kepler,8.3,1.778,1.84,809.0,5505.2,0.875,0.928,765.025,290.9734395,45.2902761
Kepler-85 c,Kepler-85,Transit,2012.0,Kepler,12.51,1.978,2.15,706.0,5505.2,0.875,0.928,765.025,290.9734395,45.2902761
Kepler-85 d,Kepler-85,Transit,2014.0,Kepler,17.91323,1.2,8.69679,626.0,5436.0,0.893,0.947,765.025,290.9734395,45.2902761
Kepler-85 e,Kepler-85,Transit,2014.0,Kepler,25.216751,1.27,0.6,559.0,5436.0,0.893,0.947,765.025,290.9734395,45.2902761
Kepler-850 b,Kepler-850,Transit,2016.0,Kepler,7.19303878,1.78,3.82,995.0,5932.0,1.09,1.06,1661.28,293.0844515,48.5753645
Kepler-851 b,Kepler-851,Transit,2016.0,Kepler,8.50699658,1.68,3.46,900.0,5455.0,0.85,0.89,839.255,294.6802199,49.1401106
Kepler-852 b,Kepler-852,Transit,2016.0,Kepler,44.9309804,2.54,6.99,565.0,6100.0,1.16,1.19,1619.03,297.3915863,48.5606875
Kepler-853 b,Kepler-853,Transit,2016.0,Kepler,7.16892463,1.69,3.5,1187.0,6350.0,1.55,1.3,568.676,283.936781,49.1102748
Kepler-855 b,Kepler-855,Transit,2016.0,Kepler,7.886631104,8.35,52.7,996.0,5835.0,1.03,1.03,1506.58,295.0949565,43.537565
Kepler-856 b,Kepler-856,Transit,2016.0,Kepler,8.027680595,9.3,63.3,824.0,5535.0,0.93,0.96,1351.17,289.6038379,46.3149097
Kepler-857 b,Kepler-857,Transit,2016.0,Kepler,85.35129427,6.8,37.2,390.0,5773.0,0.99,0.99,983.502,294.6323978,43.4004526
Kepler-858 b,Kepler-858,Transit,2016.0,Kepler,76.13602028,4.87,21.1,399.0,5653.0,0.91,0.96,298.532,288.8488552,51.2090375
Kepler-859 b,Kepler-859,Transit,2016.0,Kepler,20.38177573,3.09,9.75,528.0,5020.0,0.77,0.81,839.903,286.7418337,43.1901197
Kepler-860 b,Kepler-860,Transit,2016.0,Kepler,5.101379454,3.24,10.6,1050.0,5836.0,1.06,1.04,1056.36,295.5772681,46.2547028
Kepler-861 b,Kepler-861,Transit,2016.0,Kepler,3.949631375,2.28,5.82,966.0,5047.0,0.78,0.82,850.327,292.3539624,46.2262465
Kepler-862 b,Kepler-862,Transit,2016.0,Kepler,3.148664534,2.21,5.52,1097.0,5333.0,0.84,0.88,1039.03,297.7792466,46.4926688
Kepler-863 b,Kepler-863,Transit,2016.0,Kepler,15.59461874,2.9,8.75,718.0,5678.0,0.95,0.96,1499.66,297.6644677,43.2489903
Kepler-864 b,Kepler-864,Transit,2016.0,Kepler,5.83376092,2.4,6.35,1143.0,5754.0,1.0,1.0,2022.9,285.0570943,46.3206074
Kepler-864 c,Kepler-864,Transit,2023.0,Kepler,2.42150341,1.62,3.26,1532.0,6213.0,1.195,1.27,2022.9,285.0570943,46.3206074
Kepler-865 b,Kepler-865,Transit,2016.0,Kepler,14.16399294,2.49,6.76,694.0,5570.0,0.92,0.93,586.137,297.7242257,43.5272796
Kepler-865 c,Kepler-865,Transit,2023.0,Kepler,6.20920207,0.89,0.64,914.0,5440.0,0.885,0.782,586.137,297.7242257,43.5272796
Kepler-866 b,Kepler-866,Transit,2016.0,Kepler,2.617032536,1.63,3.29,996.0,4751.0,0.71,0.75,646.667,290.1222112,43.085407
Kepler-867 b,Kepler-867,Transit,2016.0,Kepler,150.242127,4.64,19.4,327.0,5541.0,0.91,0.92,1195.54,287.2852554,51.2499499
Kepler-868 b,Kepler-868,Transit,2016.0,Kepler,5.03251791,2.05,4.86,1047.0,5614.0,0.89,0.93,1593.13,282.3635315,46.6752384
Kepler-869 b,Kepler-869,Transit,2016.0,Kepler,40.4287755,3.61,12.7,494.0,5664.0,0.95,0.97,939.455,289.4245955,50.9941198
Kepler-87 b,Kepler-87,Transit,2013.0,Kepler,114.73635,13.49,324.2,478.0,5600.0,1.82,1.1,1232.9,297.9168433,46.9651146
Kepler-87 c,Kepler-87,Transit,2013.0,Kepler,191.2318,6.14,6.4,403.0,5600.0,1.82,1.1,1232.9,297.9168433,46.9651146
Kepler-870 b,Kepler-870,Transit,2016.0,Kepler,21.3587621,2.78,8.15,691.0,5857.0,1.02,1.01,1259.46,295.4025625,50.4785992
Kepler-871 b,Kepler-871,Transit,2016.0,Kepler,22.0459018,3.74,13.5,640.0,5993.0,1.14,1.11,1976.05,294.5270634,43.3681317
Kepler-872 b,Kepler-872,Transit,2016.0,Kepler,2.578855068,1.99,4.62,1230.0,5902.0,1.08,1.05,879.683,295.4174725,43.6056117
Kepler-873 b,Kepler-873,Transit,2016.0,Kepler,20.5533844,3.75,13.5,749.0,6163.0,1.27,1.18,1182.22,296.4031319,51.2712773
Kepler-874 b,Kepler-874,Transit,2016.0,Kepler,40.0686727,3.94,14.7,560.0,6020.0,1.13,1.09,1082.16,294.9568477,43.0142991
Kepler-875 b,Kepler-875,Transit,2016.0,Kepler,27.5073799,2.9,8.75,569.0,5958.0,1.11,1.06,1242.62,297.3012497,43.1418313
Kepler-876 b,Kepler-876,Transit,2016.0,Kepler,5.14438011,1.43,2.63,923.0,5060.0,0.77,0.81,820.913,283.4781717,43.3837235
Kepler-877 b,Kepler-877,Transit,2016.0,Kepler,18.45847097,2.12,5.14,632.0,5261.0,0.81,0.85,602.176,289.8591023,46.5227429
Kepler-878 b,Kepler-878,Transit,2016.0,Kepler,25.9422033,1.93,4.38,501.0,5044.0,0.77,0.81,791.625,285.2962562,46.6034497
Kepler-879 b,Kepler-879,Transit,2016.0,Kepler,33.3855938,2.57,7.13,580.0,5792.0,1.02,1.02,802.672,295.8065515,50.9097521
Kepler-879 c,Kepler-879,Transit,2024.0,Kepler,0.646716,0.4,0.0364,,5456.75,1.022,0.974,802.672,295.8065515,50.9097521
Kepler-88 d,KOI-142,Radial Velocity,2020.0,W. M. Keck Observatory,1403.0,13.1,965.14699656,,5466.0,0.897,0.99,376.863,291.1481028,40.669413
Kepler-880 b,Kepler-880,Transit,2016.0,Kepler,7.71468975,2.66,7.56,1622.0,6761.0,1.74,1.46,601.324,281.9712347,43.6727839
Kepler-880 c,Kepler-880,Transit,2023.0,Kepler,11.8061737,2.87,8.6,1407.0,6900.0,2.599,1.714,601.324,281.9712347,43.6727839
Kepler-881 b,Kepler-881,Transit,2016.0,Kepler,4.44448017,1.78,3.82,1217.0,5961.0,1.09,1.06,1375.18,288.9925529,46.6706513
Kepler-882 b,Kepler-882,Transit,2016.0,Kepler,3.989539666,1.23,2.04,903.0,5476.0,0.87,0.9,504.605,294.6500256,43.3356106
Kepler-883 b,Kepler-883,Transit,2016.0,Kepler,12.98495573,1.78,3.82,818.0,6116.0,1.09,1.06,627.455,286.433726,50.3002266
Kepler-884 b,Kepler-884,Transit,2016.0,Kepler,5.69919514,1.23,2.04,964.0,5715.0,0.94,1.0,476.733,292.5844328,49.9232012
Kepler-885 b,Kepler-885,Transit,2016.0,Kepler,18.11472949,2.5,6.8,830.0,6187.0,1.35,1.21,651.318,288.6615682,49.7371538
Kepler-886 b,Kepler-886,Transit,2016.0,Kepler,6.24146367,1.52,2.92,1111.0,6098.0,1.16,1.1,711.297,286.2717162,43.5952037
Kepler-887 b,Kepler-887,Transit,2016.0,Kepler,20.42228798,1.84,4.04,785.0,6194.0,1.29,1.19,886.588,290.0907893,39.8169085
Kepler-887 c,Kepler-887,Transit,2016.0,Kepler,7.63846023,1.13,1.51,1089.0,6194.0,1.29,1.19,886.588,290.0907893,39.8169085
Kepler-888 b,Kepler-888,Transit,2016.0,Kepler,70.6979061,1.76,3.75,417.0,5875.0,0.9,0.97,420.817,295.5212866,49.7386804
Kepler-889 b,Kepler-889,Transit,2016.0,Kepler,3.744439,1.09,1.32,1328.0,5961.0,1.25,1.14,598.313,291.467454,50.7595597
Kepler-890 b,Kepler-890,Transit,2016.0,Kepler,52.75875577,8.89,58.6,540.0,5954.0,1.13,1.09,1712.12,288.435718,43.7634712
Kepler-891 b,Kepler-891,Transit,2016.0,Kepler,53.44945593,6.41,33.6,486.0,5887.0,1.07,1.06,2340.58,291.0837644,40.3552252
Kepler-892 b,Kepler-892,Transit,2016.0,Kepler,13.7521072,2.81,8.3,556.0,4747.0,0.72,0.75,570.727,283.1296399,43.8880983
Kepler-893 b,Kepler-893,Transit,2016.0,Kepler,6.33855761,3.03,9.43,1034.0,5820.0,0.99,1.0,1285.59,284.9630591,43.9130282
Kepler-894 b,Kepler-894,Transit,2016.0,Kepler,9.803224,2.78,8.15,896.0,5603.0,0.85,0.87,1162.91,288.7340513,46.939363
Kepler-895 b,Kepler-895,Transit,2016.0,Kepler,2.806242328,1.54,2.99,771.0,4315.0,0.61,0.65,540.134,289.2906978,51.4089936
Kepler-896 b,Kepler-896,Transit,2016.0,Kepler,144.547396,2.53,6.94,303.0,5262.0,0.81,0.84,2334.93,282.4391402,43.7344291
Kepler-896 c,Kepler-896,Transit,2023.0,Kepler,29.5422566,3.15,10.1,515.0,5510.0,0.803,0.877,2334.93,282.4391402,43.7344291
Kepler-897 b,Kepler-897,Transit,2016.0,Kepler,8.0472642,2.39,6.3,855.0,5839.0,1.04,1.03,1519.25,290.5867992,51.6957731
Kepler-898 b,Kepler-898,Transit,2016.0,Kepler,5.8706191,1.49,2.83,616.0,4223.0,0.62,0.65,484.891,286.5854116,46.8708877
Kepler-899 b,Kepler-899,Transit,2016.0,Kepler,19.17891293,2.68,7.65,640.0,5595.0,0.91,0.93,1246.43,297.4825612,40.6807412
Kepler-9 b,Kepler-9,Transit,2010.0,Kepler,19.23891,8.29,43.4,661.0,5774.0,0.958,1.022,628.257,285.5739904,38.4008192
Kepler-9 c,Kepler-9,Transit,2010.0,Kepler,38.9853,8.08,29.9,523.0,5774.0,0.958,1.022,628.257,285.5739904,38.4008192
Kepler-9 d,Kepler-9,Transit,2010.0,Kepler,1.592851,1.64,8.41466053,2026.0,5777.0,1.02,1.07,628.257,285.5739904,38.4008192
Kepler-90 i,KOI-351,Transit,2017.0,Kepler,14.44912,1.32,2.3,709.0,6015.0,1.29,1.12,848.254,284.4334642,49.3051239
Kepler-900 b,Kepler-900,Transit,2016.0,Kepler,6.9913086,2.08,4.98,716.0,4836.0,0.73,0.78,487.525,296.177272,46.9989635
Kepler-901 b,Kepler-901,Transit,2016.0,Kepler,3.517494394,1.37,2.45,704.0,4184.0,0.57,0.59,253.867,291.1528056,40.8876814
Kepler-902 b,Kepler-902,Transit,2016.0,Kepler,40.1099547,2.54,6.99,556.0,5647.0,0.93,0.95,1165.34,289.7317067,46.953875
Kepler-903 b,Kepler-903,Transit,2016.0,Kepler,10.3507721,2.01,4.7,842.0,5682.0,0.97,0.98,1369.24,288.7710137,40.6641771
Kepler-903 c,Kepler-903,Transit,2016.0,Kepler,62.9228557,2.53,6.94,462.0,5682.0,0.97,0.98,1369.24,288.7710137,40.6641771
Kepler-904 b,Kepler-904,Transit,2016.0,Kepler,3.021668632,1.77,3.78,1332.0,6160.0,1.25,1.16,978.125,288.8229001,40.38901
Kepler-905 b,Kepler-905,Transit,2016.0,Kepler,5.082746517,1.41,2.57,928.0,5461.0,0.86,0.95,529.268,290.0511468,46.7134077
Kepler-906 b,Kepler-906,Transit,2016.0,Kepler,41.6979976,2.11,5.1,537.0,6035.0,1.02,1.06,757.791,291.4055614,40.1254254
Kepler-907 b,Kepler-907,Transit,2016.0,Kepler,15.86621821,1.2,1.87,879.0,6106.0,1.38,1.08,352.0,285.4764959,41.6326615
Kepler-908 b,Kepler-908,Transit,2016.0,Kepler,1.340597468,1.22,1.98,1783.0,5973.0,1.12,1.11,290.843,295.3225434,39.3764624
Kepler-909 b,Kepler-909,Transit,2016.0,Kepler,13.93290318,1.47,2.76,852.0,6154.0,1.23,1.17,309.596,289.5063796,45.3709728
Kepler-91 b,Kepler-91,Transit,2013.0,Kepler,6.24658,15.322703,257.4423,2040.0,4550.0,6.3,1.31,1294.69,285.6729033,44.1167513
Kepler-910 b,Kepler-910,Transit,2016.0,Kepler,2.364369015,0.82,0.477,1752.0,6230.0,1.5,1.26,400.289,296.0472937,42.7429414
Kepler-911 b,Kepler-911,Transit,2016.0,Kepler,20.310501,2.6,7.27,931.0,6112.0,1.99,1.34,556.168,298.5891948,40.7506921
Kepler-912 b,Kepler-912,Transit,2016.0,Kepler,2.534756273,2.8,8.25,1218.0,5998.0,1.11,1.07,2004.72,298.1111779,41.758324
Kepler-913 b,Kepler-913,Transit,2016.0,Kepler,10.29672521,2.06,4.9,1129.0,4687.0,0.61,0.63,991.618,297.5830564,41.9523531
Kepler-913 c,Kepler-913,Transit,2021.0,Kepler,5.939119816,3.8580709,14.2,1357.0,6068.0,1.797,1.294,991.618,297.5830564,41.9523531
Kepler-914 b,Kepler-914,Transit,2016.0,Kepler,4.40966548,1.38,2.48,1192.0,5877.0,1.15,1.1,753.723,290.4120774,44.8993227
Kepler-915 b,Kepler-915,Transit,2016.0,Kepler,4.59489604,1.5,2.86,1319.0,6173.0,1.38,1.21,849.036,290.5921293,45.7372184
Kepler-916 b,Kepler-916,Transit,2016.0,Kepler,32.2968798,1.76,3.75,503.0,5248.0,0.81,0.85,830.712,290.9833818,45.9733334
Kepler-917 b,Kepler-917,Transit,2016.0,Kepler,2.970414375,1.91,4.31,991.0,5418.0,0.76,0.8,3460.51,299.0512562,47.9492677
Kepler-918 b,Kepler-918,Transit,2016.0,Kepler,4.85386933,1.74,3.68,1052.0,6028.0,1.14,1.11,1025.03,298.2007268,48.2677925
Kepler-919 b,Kepler-919,Transit,2016.0,Kepler,11.04603384,2.25,5.69,869.0,6113.0,1.21,1.15,1119.87,298.1147862,48.4943834
Kepler-92 b,Kepler-92,Transit,2013.0,Kepler,13.749,3.51,64.3,975.0,5883.0,1.7,1.21,477.992,289.0860607,41.5630224
Kepler-92 c,Kepler-92,Transit,2013.0,Kepler,26.723,2.6,6.1,781.0,5883.0,1.7,1.21,477.992,289.0860607,41.5630224
Kepler-92 d,Kepler-92,Transit,2015.0,Kepler,49.3568,2.067,11.8666806,637.0,5904.34,1.81719,1.07,477.992,289.0860607,41.5630224
Kepler-920 b,Kepler-920,Transit,2016.0,Kepler,6.53192704,2.42,6.44,907.0,5403.0,0.85,0.89,1001.68,284.2969363,49.1585983
Kepler-920 c,Kepler-920,Transit,2016.0,Kepler,100.8274113,3.8,13.8,364.0,5403.0,0.85,0.89,1001.68,284.2969363,49.1585983
Kepler-921 b,Kepler-921,Transit,2016.0,Kepler,51.300634,2.87,8.6,492.0,5663.0,0.91,0.93,934.49,284.6162253,49.1907438
Kepler-922 b,Kepler-922,Transit,2016.0,Kepler,0.938466832,1.42,2.6,1876.0,5671.0,0.93,0.95,536.323,284.7316084,49.533149
Kepler-923 b,Kepler-923,Transit,2016.0,Kepler,6.93366476,1.38,2.48,1104.0,5988.0,1.26,1.11,1000.28,294.1710831,40.0551372
Kepler-924 b,Kepler-924,Transit,2016.0,Kepler,61.0370117,3.07,9.64,610.0,6167.0,1.23,1.14,1053.04,290.6685136,40.3977086
Kepler-925 b,Kepler-925,Transit,2016.0,Kepler,33.8678531,2.34,6.08,394.0,4673.0,0.72,0.77,611.115,290.1065581,40.4906242
Kepler-926 b,Kepler-926,Transit,2016.0,Kepler,52.0688601,2.31,5.95,524.0,5806.0,1.01,1.01,921.361,289.6793396,40.7004265
Kepler-927 b,Kepler-927,Transit,2016.0,Kepler,9.1149903,1.72,3.61,906.0,5743.0,0.99,0.99,831.685,289.3834807,41.3926651
Kepler-928 b,Kepler-928,Transit,2016.0,Kepler,3.932461302,1.59,3.15,894.0,4700.0,0.7,0.73,508.809,289.920676,41.5427758
Kepler-929 b,Kepler-929,Transit,2016.0,Kepler,0.921032135,1.11,1.41,2362.0,5869.0,1.02,1.01,1311.23,298.4811022,41.6152603
Kepler-93 b,Kepler-93,Transit,2014.0,Kepler,4.72673978,1.478,4.66,1133.0,5669.0,0.919,0.911,95.9115,291.4181275,38.6723124
Kepler-93 c,Kepler-93,Radial Velocity,2014.0,W. M. Keck Observatory,1460.0,,954.0,,5669.0,0.92,0.91,95.9115,291.4181275,38.6723124
Kepler-930 b,Kepler-930,Transit,2016.0,Kepler,71.4517775,2.13,5.18,561.0,6335.0,1.4,1.25,848.396,298.3144494,42.2473698
Kepler-931 b,Kepler-931,Transit,2016.0,Kepler,8.03755877,1.33,2.33,744.0,5241.0,0.81,0.86,490.0,297.1326937,42.7682885
Kepler-932 b,Kepler-932,Transit,2016.0,Kepler,1.921437396,1.37,2.45,1276.0,5331.0,0.84,0.87,465.612,296.9520797,43.2720233
Kepler-933 b,Kepler-933,Transit,2016.0,Kepler,14.20443009,2.46,6.62,602.0,5346.0,0.84,0.87,1017.2,289.5685257,43.5385438
Kepler-934 b,Kepler-934,Transit,2016.0,Kepler,55.6738309,2.09,5.02,384.0,5001.0,0.77,0.81,608.738,290.2884494,43.7552623
Kepler-935 b,Kepler-935,Transit,2016.0,Kepler,4.88083852,1.35,2.39,879.0,4830.0,0.73,0.78,471.782,295.0217193,46.6192011
Kepler-936 b,Kepler-936,Transit,2016.0,Kepler,10.56134221,1.45,2.7,867.0,5482.0,0.89,0.92,823.399,293.5777958,46.7362953
Kepler-937 b,Kepler-937,Transit,2016.0,Kepler,67.668827,3.72,13.4,495.0,6095.0,1.22,1.15,1571.46,294.1688142,46.7146161
Kepler-937 c,Kepler-937,Transit,2016.0,Kepler,153.343364,2.67,7.61,377.0,6095.0,1.22,1.15,1571.46,294.1688142,46.7146161
Kepler-938 b,Kepler-938,Transit,2016.0,Kepler,52.6298417,2.22,5.56,544.0,5533.0,0.89,0.92,1182.05,294.7890593,46.9839352
Kepler-939 b,Kepler-939,Transit,2016.0,Kepler,14.878296,1.75,3.71,692.0,5471.0,0.85,0.88,2093.62,293.8656181,47.0268148
Kepler-94 b,Kepler-94,Transit,2014.0,Kepler,2.50806,3.51,10.84,997.0,4781.0,0.76,0.81,191.904,281.1947316,47.4972606
Kepler-94 c,Kepler-94,Radial Velocity,2014.0,W. M. Keck Observatory,820.3,12.5,3126.0,,4781.0,0.76,0.81,191.904,281.1947316,47.4972606
Kepler-940 b,Kepler-940,Transit,2016.0,Kepler,59.6225257,3.34,11.1,486.0,5769.0,0.96,0.97,1260.78,294.2413053,47.2759642
Kepler-941 b,Kepler-941,Transit,2016.0,Kepler,17.42395198,3.08,9.69,722.0,5539.0,0.86,0.89,1088.36,294.3262617,47.2175461
Kepler-942 b,Kepler-942,Transit,2016.0,Kepler,44.96417488,2.13,5.18,379.0,4861.0,0.75,0.81,216.354,294.9550809,44.1499518
Kepler-943 b,Kepler-943,Transit,2016.0,Kepler,49.7701438,5.93,29.5,455.0,5612.0,0.91,0.93,2300.53,284.2739322,41.5349809
Kepler-944 b,Kepler-944,Transit,2016.0,Kepler,43.3167737,2.63,7.41,459.0,5409.0,0.83,0.86,1349.43,293.6012911,42.379791
Kepler-945 b,Kepler-945,Transit,2016.0,Kepler,31.0033814,2.63,7.41,616.0,5718.0,0.97,0.97,1651.25,291.2697354,42.0960305
Kepler-946 b,Kepler-946,Transit,2016.0,Kepler,11.79162572,1.93,4.38,857.0,5665.0,0.93,0.94,1137.29,300.9295551,44.028671
Kepler-947 b,Kepler-947,Transit,2016.0,Kepler,26.9644317,2.28,5.82,573.0,5508.0,0.87,0.9,1730.78,294.3667312,42.2526408
Kepler-948 b,Kepler-948,Transit,2016.0,Kepler,7.76846622,1.85,4.08,841.0,5679.0,0.94,0.96,868.017,293.3002774,41.5233244
Kepler-949 b,Kepler-949,Transit,2016.0,Kepler,8.689307296,2.91,8.8,782.0,5403.0,0.86,0.89,486.105,298.6079128,46.45366
Kepler-949 c,Kepler-949,Transit,2023.0,Kepler,20.99757968,2.97,9.11,582.0,5211.0,0.895,0.817,486.105,298.6079128,46.45366
Kepler-95 b,Kepler-95,Transit,2014.0,Kepler,11.5231,3.42,13.0,927.0,5699.0,1.41,1.08,445.656,284.4824281,44.397891
Kepler-950 b,Kepler-950,Transit,2016.0,Kepler,98.7180406,8.98,59.6,360.0,5857.0,1.02,1.02,2161.6,287.9565768,41.1302834
Kepler-951 b,Kepler-951,Transit,2016.0,Kepler,71.52530845,5.59,26.7,340.0,4834.0,0.73,0.77,382.509,287.7375794,38.1146488
Kepler-952 b,Kepler-952,Transit,2016.0,Kepler,130.3546919,7.65,45.4,369.0,5730.0,0.99,1.0,1304.25,285.3718781,41.9938697
Kepler-953 b,Kepler-953,Transit,2016.0,Kepler,88.40655258,4.21,16.5,410.0,5416.0,0.99,0.95,258.893,288.9716297,44.6246451
Kepler-953 c,Kepler-953,Transit,2016.0,Kepler,9.10967112,1.19,1.81,873.0,5416.0,0.99,0.95,258.893,288.9716297,44.6246451
Kepler-954 b,Kepler-954,Transit,2016.0,Kepler,16.78176602,2.32,5.99,545.0,4990.0,0.76,0.82,215.814,295.8594318,47.9396001
Kepler-955 b,Kepler-955,Transit,2016.0,Kepler,14.53244172,3.13,9.96,664.0,5350.0,0.84,0.89,550.383,288.4714969,40.2698157
Kepler-956 b,Kepler-956,Transit,2016.0,Kepler,5.248672631,3.0,9.27,1056.0,6040.0,1.15,1.1,544.939,292.5308289,49.0616555
Kepler-957 b,Kepler-957,Transit,2016.0,Kepler,5.907413537,5.5,25.9,769.0,4963.0,0.75,0.81,824.688,290.1563633,48.818971
Kepler-958 b,Kepler-958,Transit,2016.0,Kepler,9.7678805,2.06,4.9,749.0,5421.0,0.86,0.91,449.773,287.2566578,46.0667247
Kepler-959 b,Kepler-959,Transit,2016.0,Kepler,14.80074836,4.38,17.6,1912.0,7005.0,2.01,1.6,807.729,292.171185,40.8113849
Kepler-96 b,Kepler-96,Transit,2014.0,Kepler,16.2385,2.67,8.46,711.0,5690.0,1.02,1.0,122.881,297.0698263,40.5252039
Kepler-960 b,Kepler-960,Transit,2016.0,Kepler,3.12686223,2.29,5.86,1391.0,4755.0,0.72,0.77,284.916,281.4572217,46.7465538
Kepler-961 b,Kepler-961,Transit,2016.0,Kepler,16.87727414,2.55,7.04,642.0,5582.0,0.9,0.96,574.314,282.0354942,43.6312491
Kepler-962 b,Kepler-962,Transit,2016.0,Kepler,12.05707239,1.97,4.54,689.0,5478.0,0.86,0.93,411.486,295.3131906,46.2375024
Kepler-963 b,Kepler-963,Transit,2016.0,Kepler,9.97683705,2.66,7.56,802.0,5461.0,0.87,0.91,771.494,296.7529742,45.0411049
Kepler-963 c,Kepler-963,Transit,2024.0,Kepler,0.919783,0.6,0.156,,5169.47,0.928,0.821,771.494,296.7529742,45.0411049
Kepler-964 b,Kepler-964,Transit,2016.0,Kepler,13.5225106,2.12,5.14,652.0,5427.0,0.84,0.93,454.626,295.300065,40.5565792
Kepler-965 b,Kepler-965,Transit,2016.0,Kepler,134.2527298,3.38,11.4,393.0,5886.0,1.15,1.05,582.828,298.5153169,41.8912305
Kepler-966 b,Kepler-966,Transit,2016.0,Kepler,99.747622,4.13,16.0,391.0,5840.0,1.02,1.02,1027.8,297.270576,50.1218365
Kepler-967 b,Kepler-967,Transit,2016.0,Kepler,13.22713379,2.35,6.12,638.0,5178.0,0.8,0.84,568.546,286.5580128,38.4052418
Kepler-967 c,Kepler-967,Transit,2016.0,Kepler,198.7112502,3.65,12.9,258.0,5178.0,0.8,0.84,568.546,286.5580128,38.4052418
Kepler-968 b,Kepler-968,Transit,2016.0,Kepler,3.692983728,2.0,4.66,745.0,4598.0,0.7,0.76,290.324,285.6025889,50.1120401
Kepler-968 c,Kepler-968,Transit,2016.0,Kepler,5.709404918,1.69,3.5,644.0,4598.0,0.7,0.76,290.324,285.6025889,50.1120401
Kepler-969 b,Kepler-969,Transit,2016.0,Kepler,34.1731714,2.07,4.94,465.0,5214.0,0.82,0.92,390.354,288.3724989,47.9335642
Kepler-969 c,Kepler-969,Transit,2016.0,Kepler,1.682934604,0.99,0.937,1270.0,5214.0,0.82,0.92,390.354,288.3724989,47.9335642
Kepler-97 b,Kepler-97,Transit,2014.0,Kepler,2.58664,1.48,3.51,1328.0,5779.0,0.98,0.94,400.907,287.3265292,48.6733443
Kepler-97 c,Kepler-97,Radial Velocity,2014.0,W. M. Keck Observatory,789.0,,344.0,,5779.0,0.98,0.94,400.907,287.3265292,48.6733443
Kepler-970 b,Kepler-970,Transit,2016.0,Kepler,16.736525,2.609,7.31,464.0,4290.0,0.71,0.67,331.545,289.6252192,40.7087351
Kepler-971 b,Kepler-971,Transit,2016.0,Kepler,9.59070716,2.13,5.18,1087.0,5431.0,0.85,0.88,338.522,284.0945699,41.1828131
Kepler-972 b,Kepler-972,Transit,2016.0,Kepler,7.03932553,4.65,19.5,1060.0,6146.0,1.22,1.15,1198.03,295.828679,43.4254371
Kepler-973 b,Kepler-973,Transit,2016.0,Kepler,49.6077331,1.96,4.5,402.0,5213.0,0.78,0.86,328.52,290.1653203,49.9238126
Kepler-974 b,Kepler-974,Transit,2016.0,Kepler,4.194496514,1.57,3.09,577.0,3687.0,0.5,0.52,134.311,285.0131082,40.2209547
Kepler-975 b,Kepler-975,Transit,2016.0,Kepler,1.970342457,1.48,2.79,1599.0,4897.0,0.75,0.8,426.088,290.54851,38.4952415
Kepler-975 c,Kepler-975,Transit,2023.0,Kepler,5.05821338,10.69,80.2,1168.0,4883.0,1.667,0.951,426.088,290.54851,38.4952415
Kepler-976 b,Kepler-976,Transit,2016.0,Kepler,105.9564148,3.96,14.9,324.0,5232.0,0.83,0.87,1012.41,289.8696232,46.7296855
Kepler-977 b,Kepler-977,Transit,2016.0,Kepler,26.85328322,2.62,7.37,544.0,5315.0,0.83,0.87,568.751,291.5161959,42.2480736
Kepler-978 b,Kepler-978,Transit,2016.0,Kepler,49.6221509,2.99,9.22,546.0,6002.0,1.09,1.07,682.522,286.7107166,43.0433585
Kepler-979 b,Kepler-979,Transit,2016.0,Kepler,8.0880135,2.72,7.85,792.0,5310.0,0.83,0.87,576.503,300.3712023,46.4081872
Kepler-98 b,Kepler-98,Transit,2014.0,Kepler,1.54168,1.99,3.55,1592.0,5539.0,1.11,0.99,350.315,285.6616933,37.9645672
Kepler-980 b,Kepler-980,Transit,2016.0,Kepler,11.55102504,2.67,7.61,845.0,5935.0,1.06,1.05,961.468,294.6129869,45.060174
Kepler-981 b,Kepler-981,Transit,2016.0,Kepler,4.469757736,2.31,5.95,1103.0,5718.0,0.96,0.98,878.082,289.2489051,47.6501141
Kepler-982 b,Kepler-982,Transit,2016.0,Kepler,15.7738221,2.25,5.69,955.0,6139.0,1.29,1.16,801.479,288.4176803,46.5904531
Kepler-983 b,Kepler-983,Transit,2016.0,Kepler,60.0855082,2.36,6.17,485.0,6052.0,1.08,1.13,714.437,285.1042243,45.0080745
Kepler-984 b,Kepler-984,Transit,2016.0,Kepler,43.0342272,2.12,5.14,484.0,5610.0,0.93,0.96,460.188,296.9588566,46.3940661
Kepler-985 b,Kepler-985,Transit,2016.0,Kepler,116.331901,2.98,9.17,323.0,5434.0,0.85,0.91,679.361,290.144339,44.0498808
Kepler-986 b,Kepler-986,Transit,2016.0,Kepler,56.4349938,2.36,6.17,465.0,5642.0,0.98,0.96,548.364,293.0940391,42.8964457
Kepler-987 b,Kepler-987,Transit,2016.0,Kepler,105.3033148,3.26,10.7,351.0,5637.0,0.91,0.97,914.126,289.4110582,46.1308443
Kepler-988 b,Kepler-988,Transit,2016.0,Kepler,17.76080053,2.07,4.94,368.0,4005.0,0.53,0.55,304.889,290.7082585,42.2372245
Kepler-989 b,Kepler-989,Transit,2016.0,Kepler,7.964315352,2.21,5.52,805.0,5074.0,0.78,0.82,491.978,281.5827983,47.2334674
Kepler-99 b,Kepler-99,Transit,2014.0,Kepler,4.60358,1.48,6.15,810.0,4782.0,0.73,0.79,208.369,297.3539994,41.3000452
Kepler-990 b,Kepler-990,Transit,2016.0,Kepler,9.91723428,2.6,7.27,903.0,5948.0,1.08,1.05,802.163,297.9381813,46.8813194
Kepler-990 c,Kepler-990,Transit,2016.0,Kepler,0.538354308,1.53,2.96,2386.0,5948.0,1.08,1.05,802.163,297.9381813,46.8813194
Kepler-991 b,Kepler-991,Transit,2016.0,Kepler,82.5342519,2.54,6.99,260.0,4392.0,0.61,0.64,389.561,297.0905543,49.6264867
Kepler-992 b,Kepler-992,Transit,2016.0,Kepler,20.16034462,1.62,3.26,510.0,4944.0,0.74,0.8,259.639,284.4304085,47.6416613
Kepler-993 b,Kepler-993,Transit,2016.0,Kepler,22.08557563,2.97,9.11,352.0,3843.0,0.54,0.57,324.423,292.6141076,44.3946644
Kepler-994 b,Kepler-994,Transit,2016.0,Kepler,1.151166506,1.6,3.19,957.0,3934.0,0.54,0.56,188.158,289.0720752,47.406918
Kepler-995 b,Kepler-995,Transit,2016.0,Kepler,28.26731672,2.7,7.75,517.0,5206.0,0.8,0.83,609.638,284.6157154,39.130998
Kepler-996 b,Kepler-996,Transit,2016.0,Kepler,3.770590584,1.98,4.58,1272.0,6014.0,1.14,1.09,1216.58,291.9127633,41.5335891
Kepler-997 b,Kepler-997,Transit,2016.0,Kepler,2.707306716,1.36,2.42,1709.0,6150.0,1.56,1.22,467.568,289.2333767,49.9388952
Kepler-998 b,Kepler-998,Transit,2016.0,Kepler,5.65377733,2.32,5.99,1020.0,6058.0,1.18,1.12,986.364,296.7541629,49.2087085
Kepler-999 b,Kepler-999,Transit,2016.0,Kepler,5.991857017,2.34,6.08,1355.0,6237.0,1.65,1.29,545.063,299.6604865,46.1984679
L 168-9 b,L 168-9,Transit,2020.0,Transiting Exoplanet Survey Satellite (TESS),1.40152604,1.63,4.07,998.0,3842.0,0.604,0.614,25.1496,350.0285917,-60.0657292
L 363-38 b,L 363-38,Radial Velocity,2023.0,Paranal Observatory,8.781,2.0,4.67,330.0,3129.0,0.274,0.21,10.2295,10.8555443,-41.2952926
L 98-59 b,L 98-59,Transit,2019.0,Transiting Exoplanet Survey Satellite (TESS),2.253114,0.837,0.46,620.0,3415.0,0.3155,0.2923,10.6194,124.5328604,-68.3144658
L 98-59 c,L 98-59,Transit,2019.0,Transiting Exoplanet Survey Satellite (TESS),3.6906764,1.329,2.0,526.0,3415.0,0.3155,0.2923,10.6194,124.5328604,-68.3144658
L 98-59 d,L 98-59,Transit,2019.0,Transiting Exoplanet Survey Satellite (TESS),7.450729,1.627,1.64,416.0,3415.0,0.3155,0.2923,10.6194,124.5328604,-68.3144658
L 98-59 e,L 98-59,Radial Velocity,2021.0,Multiple Observatories,12.8278,1.49,2.82,347.0,3415.0,0.3155,0.2923,10.6194,124.5328604,-68.3144658
L 98-59 f,L 98-59,Radial Velocity,2025.0,Multiple Facilities,23.064,1.48,2.8,285.0,3415.0,0.3155,0.2923,10.6194,124.5328604,-68.3144658
LHS 1140 b,LHS 1140,Transit,2017.0,MEarth Project,24.73723,1.73,5.6,226.0,3096.0,0.2159,0.1844,14.9861,11.248632,-15.2741085
LHS 1140 c,LHS 1140,Transit,2018.0,Multiple Observatories,3.77794,1.272,1.91,422.0,3096.0,0.2159,0.1844,14.9861,11.248632,-15.2741085
LHS 1478 b,LHS 1478,Transit,2021.0,Transiting Exoplanet Survey Satellite (TESS),1.9495378,1.242,2.33,595.0,3381.0,0.246,0.236,18.2276,44.3388743,76.5514045
LHS 1678 b,LHS 1678,Transit,2021.0,Transiting Exoplanet Survey Satellite (TESS),0.8602325,0.685,0.35,830.44,3490.0,0.329,0.345,19.8782,68.1789866,-39.7908744
LHS 1678 c,LHS 1678,Transit,2021.0,Transiting Exoplanet Survey Satellite (TESS),3.694284,0.941,1.4,510.9,3490.0,0.329,0.345,19.8782,68.1789866,-39.7908744
LHS 1678 d,LHS 1678,Transit,2024.0,Transiting Exoplanet Survey Satellite (TESS),4.9652229,0.981,0.907,462.95,3490.0,0.329,0.345,19.8782,68.1789866,-39.7908744
LHS 1815 b,LHS 1815,Transit,2020.0,Transiting Exoplanet Survey Satellite (TESS),3.814334,1.088,1.58,617.0,3643.0,0.501,0.502,29.8424,91.0899861,-55.3115376
LHS 1903 b,LHS 1903,Transit,2026.0,Transiting Exoplanet Survey Satellite (TESS),2.1555098,1.382,3.28,796.0,3664.0,0.539,0.538,35.6917,107.865826,48.3279327
LHS 1903 c,LHS 1903,Transit,2026.0,Transiting Exoplanet Survey Satellite (TESS),6.226185,2.046,4.55,559.0,3664.0,0.539,0.538,35.6917,107.865826,48.3279327
LHS 1903 d,LHS 1903,Transit,2026.0,Transiting Exoplanet Survey Satellite (TESS),12.566287,2.5,5.96,442.0,3664.0,0.539,0.538,35.6917,107.865826,48.3279327
LHS 1903 e,LHS 1903,Transit,2026.0,CHaracterising ExOPlanets Satellite (CHEOPS),29.31773,1.732,5.79,333.0,3664.0,0.539,0.538,35.6917,107.865826,48.3279327
LHS 3154 b,LHS 3154,Radial Velocity,2023.0,McDonald Observatory,3.71778,3.69,13.15,,2861.0,0.1405,0.1118,15.7606,241.6367309,40.9068221
LHS 3844 b,LHS 3844,Transit,2019.0,Transiting Exoplanet Survey Satellite (TESS),0.462929709,1.286,2.37,816.0,3080.0,0.189,0.151,14.8846,340.4962038,-69.1721081
LHS 475 b,LHS 475,Transit,2023.0,Transiting Exoplanet Survey Satellite (TESS),2.029088,0.991,0.941,586.0,3300.0,0.2789,0.262,12.4814,290.2379403,-82.5597883
LP 261-75 b,LP 261-75 A,Imaging,2006.0,Apache Point Observatory,,12.1,6674.396547,1500.0,3138.0,0.308,0.22,33.928,147.7685281,35.9685562
LP 714-47 b,LP 714-47,Transit,2020.0,Transiting Exoplanet Survey Satellite (TESS),4.052037,4.7,30.8,700.0,3950.0,0.584,0.59,52.616,64.1902212,-12.0848643
LP 791-18 b,LP 791-18,Transit,2019.0,Transiting Exoplanet Survey Satellite (TESS),0.9479981,1.212,1.94,564.3,2960.0,0.182,0.139,26.4927,165.6904843,-16.4064445
LP 791-18 c,LP 791-18,Transit,2019.0,Transiting Exoplanet Survey Satellite (TESS),4.98991,2.488,7.16,324.4,2960.0,0.182,0.139,26.4927,165.6904843,-16.4064445
LP 791-18 d,LP 791-18,Transit,2023.0,Spitzer Space Telescope,2.75485,1.032,0.91,395.5,2960.0,0.182,0.139,26.4927,165.6904843,-16.4064445
LP 890-9 b,LP 890-9,Transit,2022.0,Transiting Exoplanet Survey Satellite (TESS),2.7299025,1.32,13.2,396.0,2850.0,0.1556,0.118,32.4298,64.1309096,-28.3157909
LP 890-9 c,LP 890-9,Transit,2022.0,SPECULOOS Southern Observatory,8.457463,1.367,25.3,272.0,2850.0,0.1556,0.118,32.4298,64.1309096,-28.3157909
LSPM J2116+0234 b,LSPM J2116+0234,Radial Velocity,2019.0,Calar Alto Observatory,14.4399,3.71,13.3,,3475.0,0.431,0.43,17.6297,319.1147513,2.5807711
LTT 1445 A b,LTT 1445 A,Transit,2019.0,Transiting Exoplanet Survey Satellite (TESS),5.3587635,1.34,2.73,431.0,3562.0,0.271,0.257,6.86929,45.4624781,-16.5944956
LTT 1445 A c,LTT 1445 A,Transit,2022.0,Transiting Exoplanet Survey Satellite (TESS),3.1239035,1.147,1.54,508.0,3340.0,0.265,0.257,6.86929,45.4624781,-16.5944956
LTT 3780 b,LTT 3780,Transit,2020.0,Transiting Exoplanet Survey Satellite (TESS),0.76837931,1.325,2.46,903.0,3358.0,0.38,0.381,21.9814,154.6449033,-11.717801
LTT 3780 c,LTT 3780,Transit,2020.0,Transiting Exoplanet Survey Satellite (TESS),12.252284,2.39,8.04,359.0,3358.0,0.38,0.381,21.9814,154.6449033,-11.717801
LTT 9779 b,LTT 9779,Transit,2020.0,Transiting Exoplanet Survey Satellite (TESS),0.792052,4.72,29.32,1978.0,5443.0,0.949,1.02,80.4373,358.6688767,-37.6282237
LkCa 15 b,LkCa 15,Imaging,2015.0,Large Binocular Telescope Observatory,,,,,4194.0,1.60711,,158.152,69.8241791,22.3508662
LkCa 15 c,LkCa 15,Imaging,2015.0,Large Binocular Telescope Observatory,,,,,4194.0,1.60711,,158.152,69.8241791,22.3508662
Luhman 16 b,Luhman 16 A,Imaging,2017.0,Multiple Observatories,9697.0,11.9,9344.1551658,,,,0.0338,,162.3282594,-53.3193715
Lupus-TR-3 b,Lupus-TR-3,Transit,2007.0,Multiple Observatories,3.91405,9.976,257.431,,5000.0,0.82,0.87,773.409,232.5774696,-42.9799461
M62H b,M62H,Pulsar Timing,2024.0,South African Radio Astronomy Observatory (SAR,0.132935028,,785.03616529,,,,1.4,,255.3074504,-30.1069833
MASCARA-1 b,MASCARA-1,Transit,2017.0,Multiple Observatories,2.14877381,17.90074218,1175.971,2594.3,7490.0,2.082,1.9,182.273,317.5515264,10.7388967
MASCARA-4 b,MASCARA-4,Transit,2020.0,Multiple Observatories,2.8240932,16.98160576,532.36258173,2250.0,7800.0,1.79,1.75,170.696,147.5800667,-66.1139253
MOA-2007-BLG-192L b,MOA-2007-BLG-192L,Microlensing,2008.0,MOA,,3.58,12.49,,,,0.28,2160.0,272.0158333,-27.150075
MOA-2007-BLG-400L b,MOA-2007-BLG-400L,Microlensing,2008.0,MOA,,13.5,540.3082919,34.0,,,0.69,6890.0,272.4249167,-29.2241528
MOA-2008-BLG-310L b,MOA-2008-BLG-310L,Microlensing,2009.0,MOA,,5.18,23.4,,,,0.21,7700.0,268.560542,-34.7780528
MOA-2008-BLG-379L b,MOA-2008-BLG-379L,Microlensing,2013.0,MOA,,13.0,1300.0,,,,0.56,3300.0,269.706,-30.1969306
MOA-2009-BLG-266L b,MOA-2009-BLG-266L,Microlensing,2011.0,MOA,2800.0,3.21,10.4,,,,0.56,3040.0,267.008125,-35.0054111
MOA-2009-BLG-319L b,MOA-2009-BLG-319L,Microlensing,2010.0,MOA,,9.64,67.3,,,,0.524,7050.0,271.742208,-26.8196917
MOA-2009-BLG-387L b,MOA-2009-BLG-387L,Microlensing,2010.0,MOA,1980.0,13.2,830.0,,,,0.19,5690.0,268.461625,-33.9903333
MOA-2010-BLG-073L b,MOA-2010-BLG-073L,Microlensing,2012.0,MOA,,12.4,3500.0,,,,0.16,2800.0,272.547258,-26.5229319
MOA-2010-BLG-117L b,MOA-2010-BLG-117L,Microlensing,2018.0,MOA,,14.2,170.0,,,,0.58,3500.0,271.95697,-25.3446388
MOA-2010-BLG-328L b,MOA-2010-BLG-328L,Microlensing,2013.0,MOA,,2.99,9.2,,,,0.11,810.0,269.496333,-30.715175
MOA-2010-BLG-353L b,MOA-2010-BLG-353L,Microlensing,2015.0,MOA,,11.1,86.0,,,,0.18,6430.0,271.303917,-27.2932333
MOA-2010-BLG-477L b,MOA-2010-BLG-477L,Microlensing,2012.0,MOA,,13.6,480.0,,5950.0,,0.67,2300.0,271.531006,-31.4544773
MOA-2011-BLG-028L b,MOA-2011-BLG-028L,Microlensing,2016.0,MOA,,5.99,30.0,,,,0.75,7380.0,270.854,-29.2134167
MOA-2011-BLG-262L b,MOA-2011-BLG-262L,Microlensing,2014.0,MOA,,4.29,17.0,,,,0.11,7200.0,270.097833,-31.2452583
MOA-2011-BLG-291L b,MOA-2011-BLG-291L,Microlensing,2018.0,MOA,,4.43,18.0,,,,0.15,4400.0,268.867889,-29.1706657
MOA-2011-BLG-293L b,MOA-2011-BLG-293L,Microlensing,2012.0,MOA,3000.0,12.9,1500.0,,,,0.86,7720.0,268.913958,-28.4768472
MOA-2011-BLG-322L b,MOA-2011-BLG-322L,Microlensing,2013.0,MOA,,12.4,3690.0,,,,0.39,7560.0,271.223333,-27.2209444
MOA-2012-BLG-006L b,MOA-2012-BLG-006L,Microlensing,2017.0,Multiple Observatories,,12.6,2700.0,,,,0.49,5300.0,270.442963,-29.108778
MOA-2012-BLG-505L b,MOA-2012-BLG-505L,Microlensing,2017.0,MOA,,2.48,6.7,,,,0.1,7210.0,268.143097,-32.0400925
MOA-2013-BLG-220L b,MOA-2013-BLG-220L,Microlensing,2014.0,MOA,,13.2,871.0,,,,0.88,6720.0,270.985417,-29.5447222
MOA-2013-BLG-605L b,MOA-2013-BLG-605L,Microlensing,2016.0,MOA,,1.62,3.24,,,,0.024,850.0,272.019257,-29.7315826
MOA-2015-BLG-337L b,MOA-2015-BLG-337L,Microlensing,2018.0,MOA,,6.42,33.7,,,,0.0094,7100.0,271.9487,-28.1702785
MOA-2016-BLG-227L b,MOA-2016-BLG-227L,Microlensing,2017.0,MOA,,13.2,890.0,,,,0.29,6500.0,271.473755,-27.7142868
MOA-2016-BLG-319L b,MOA-2016-BLG-319L,Microlensing,2018.0,MOA,,14.1,200.0,,,,0.15,6800.0,268.742218,-29.7504635
MOA-2016-BLG-526L b,MOA-2016-BLG-526L,Microlensing,2024.0,MOA,,3.97,14.93793513,,,,0.37,6930.0,266.6682917,-34.3860806
MOA-2019-BLG-008L b,MOA-2019-BLG-008L,Microlensing,2022.0,MOA,,12.2,5720.911326,,,,0.9,2700.0,267.982875,-29.9897306
MOA-2020-BLG-135L b,MOA-2020-BLG-135L,Microlensing,2022.0,MOA,,3.37,11.3,,,,0.23,7900.0,268.4235,-29.8075667
MOA-2020-BLG-208L b,MOA-2020-BLG-208L,Microlensing,2023.0,MOA,,7.71,46.0,,,,0.43,7490.0,268.4325,-32.5893111
MOA-2022-BLG-033L b,MOA-2022-BLG-033L,Microlensing,2025.0,MOA,,3.52,12.15,,,,0.51,1840.0,272.8756667,-25.0530806
MOA-2022-BLG-091L b,MOA-2022-BLG-091L,Microlensing,2025.0,MOA,,13.0,1141.00398113,,,,0.75,4250.0,268.9422083,-32.3414389
MOA-2022-BLG-249L b,MOA-2022-BLG-249L,Microlensing,2023.0,MOA,,2.04,4.83,,,,0.18,2000.0,268.8655417,-28.3060611
MOA-2022-BLG-563L b,MOA-2022-BLG-563L,Microlensing,2024.0,MOA,,14.0,127.1313628,,,,0.48,6530.0,270.3002083,-27.8358306
MOA-bin-1L b,MOA-bin-1L,Microlensing,2012.0,MOA,,13.0,1200.0,,,,0.75,5100.0,261.7925,-29.7939722
MOA-bin-29 b,MOA-bin-29,Microlensing,2019.0,MOA,,14.1,190.0,,,,0.03,7120.0,269.3759583,-29.7365639
MWC 758 c,MWC 758,Imaging,2023.0,Large Binocular Telescope Observatory,,,,500.0,7314.0,2.01446,1.5,159.537,82.6147199,25.3324076
MXB 1658-298 b,MXB 1658-298,Eclipse Timing Variations,2017.0,Multiple Observatories,760.0,12.0,7532.571,,,,1.98,,255.5272522,-29.9455833
NGC 2682 Sand 1429 b,NGC 2682 Sand 1429,Radial Velocity,2024.0,Multiple Observatories,77.48,13.4,572.0911326,683.0,6000.0,2.13,1.26,852.793,133.0147781,11.6899626
NGC 2682 Sand 978 b,NGC 2682 Sand 978,Radial Velocity,2017.0,Multiple Observatories,511.21,13.3,692.8694,,4200.0,21.017414,1.37,821.918,132.8228085,11.7562959
NGC 2682 YBP 1194 b,NGC 2682 YBP 1194,Radial Velocity,2014.0,Multiple Observatories,6.959,12.3,101.7056,,5780.0,0.99,1.01,872.92,132.7533077,11.8146537
NGC 2682 YBP 1514 b,NGC 2682 YBP 1514,Radial Velocity,2014.0,Multiple Observatories,5.118,14.0,127.132,,5725.0,0.89,0.96,914.221,132.7531307,11.8865128
NGC 2682 YBP 401 b,NGC 2682 YBP 401,Radial Velocity,2016.0,La Silla Observatory,4.087,14.3,146.2018,,6165.0,1.215821,1.14,830.822,132.8293081,11.6710271
NGTS-1 b,NGTS-1,Transit,2017.0,Next-Generation Transit Survey (NGTS),2.647298,14.90797,258.07796,790.0,3916.0,0.573,0.617,218.121,82.7142134,-36.6309812
NGTS-10 b,NGTS-10,Transit,2020.0,Next-Generation Transit Survey (NGTS),0.7668944,13.506845,687.14846,1332.0,4600.0,0.697,0.696,324.69865036,91.8722801,-25.5948963
NGTS-11 b,NGTS-11,Transit,2020.0,Transiting Exoplanet Survey Satellite (TESS),35.45533,9.157753,109.33352,435.0,5050.0,0.832,0.862,190.422,23.5214497,-14.4191493
NGTS-12 b,NGTS-12,Transit,2020.0,Next-Generation Transit Survey (NGTS),7.532806,11.747032,66.10864,1257.0,5690.0,1.589,1.021,446.442,176.2499418,-35.640563
NGTS-13 b,NGTS-13,Transit,2021.0,Next-Generation Transit Survey (NGTS),4.119027,12.800678,1538.2972,1605.0,5819.0,1.788,1.3,647.595,176.2402326,-38.1397158
NGTS-14 A b,NGTS-14 A,Transit,2021.0,Next-Generation Transit Survey (NGTS),3.5357173,4.976796,29.24036,1143.0,5187.0,0.842,0.898,322.148,328.5174799,-38.3774193
NGTS-15 b,NGTS-15,Transit,2021.0,Next-Generation Transit Survey (NGTS),3.27623,12.32987877,238.68913366,1146.0,5600.0,0.954,0.995,786.485,73.3553101,-32.8003484
NGTS-16 b,NGTS-16,Transit,2021.0,Next-Generation Transit Survey (NGTS),4.84532,14.57167491,211.99154747,1177.0,5550.0,1.213,1.002,898.168,58.2639299,-30.8046405
NGTS-17 b,NGTS-17,Transit,2021.0,Next-Generation Transit Survey (NGTS),3.24253,13.89913607,242.82090295,1457.0,5650.0,1.337,1.025,1040.28,72.9005729,-34.2262128
NGTS-18 b,NGTS-18,Transit,2021.0,Next-Generation Transit Survey (NGTS),3.05125,13.56286665,129.99181846,1381.0,5610.0,1.392,1.003,1096.19,180.5462193,-35.5486091
NGTS-2 b,NGTS-2,Transit,2018.0,Next-Generation Transit Survey (NGTS),4.511164,17.878355,235.1942,1468.0,6478.0,1.702,1.64,356.391,215.1227617,-31.2020698
NGTS-20 b,NGTS-20,Transit,2022.0,Transiting Exoplanet Survey Satellite (TESS),54.18915,11.99360935,947.12865286,688.0,5980.0,1.78,1.47,382.898,46.2926368,-21.9336472
NGTS-21 b,NGTS-21,Transit,2022.0,Next-Generation Transit Survey (NGTS),1.5433897,14.90794433,750.07504052,1357.0,4660.0,0.86,0.72,592.891,311.2583112,-35.4278412
NGTS-23 b,NGTS-23,Transit,2022.0,Next-Generation Transit Survey (NGTS),4.0764326,14.20177855,194.82881349,1327.0,6057.0,1.24,1.01,1074.95,70.4322947,-40.0445299
NGTS-24 b,NGTS-24,Transit,2022.0,Next-Generation Transit Survey (NGTS),3.4678796,13.60770257,165.27077164,1499.0,5820.0,1.64,1.26,683.062,168.5638892,-37.9101328
NGTS-25 b,NGTS-25,Transit,2022.0,Next-Generation Transit Survey (NGTS),2.823093,11.46678726,203.09235207,1101.0,5321.0,0.86,0.91,521.233,307.4182976,-39.0323568
NGTS-26 b,NGTS-26,Transit,2024.0,Next-Generation Transit Survey (NGTS),4.5199279,14.88552637,92.80589484,1331.0,5550.0,1.16,0.96,1093.69,217.6832961,-31.7324526
NGTS-27 b,NGTS-27,Transit,2024.0,Transiting Exoplanet Survey Satellite (TESS),3.3704181,15.64773706,188.47224535,1783.0,5700.0,1.77,1.07,942.122,206.0265266,-32.5229747
NGTS-3 A b,NGTS-3 A,Transit,2018.0,Next-Generation Transit Survey (NGTS),1.6753728,16.58932,756.4354,1434.44,5600.0,0.93,1.017,743.972,94.4447595,-35.706364
NGTS-30 b,NGTS-30,Transit,2024.0,Transiting Exoplanet Survey Satellite (TESS),98.29838,10.40193409,305.11527072,500.0,5455.0,0.913,0.94,238.377,173.714867,-24.6054801
NGTS-31 b,NGTS-31,Transit,2025.0,Transiting Exoplanet Survey Satellite (TESS),4.162734,18.04645893,355.96781584,1410.0,5710.0,1.7,0.96,497.376,80.4212533,-38.656827
NGTS-32 b,NGTS-32,Transit,2025.0,Next-Generation Transit Survey (NGTS),3.31211,15.91675259,181.16219199,1750.0,5680.0,1.85,1.07,837.457,223.8576228,-18.4323191
NGTS-33 b,NGTS-33,Transit,2024.0,Transiting Exoplanet Survey Satellite (TESS),2.827972,18.38272835,1153.71711741,1991.0,7437.0,1.47,1.6,437.855,107.8333348,-35.8505185
NGTS-34 b,NGTS-34,Transit,2025.0,Transiting Exoplanet Survey Satellite (TESS),43.12655,3.65,19.1,624.0,6134.0,1.367,1.266,120.475,162.4997176,-44.5478575
NGTS-35 b,NGTS-35,Transit,2025.0,Transiting Exoplanet Survey Satellite (TESS),25.241192,10.9,152.0,451.0,4717.0,0.753,0.789,183.078,170.276336,-26.0666162
NGTS-4 b,NGTS-4,Transit,2019.0,Next-Generation Transit Survey (NGTS),1.3373508,3.18,20.6,1650.0,5143.0,0.84,0.75,280.555,89.5988945,-30.8117992
NGTS-5 b,NGTS-5,Transit,2019.0,Next-Generation Transit Survey (NGTS),3.3569866,12.733424,72.78307,952.0,4987.0,0.739,0.661,306.779,221.0582692,5.6053735
NGTS-6 b,NGTS-6,Transit,2019.0,Next-Generation Transit Survey (NGTS),0.882059,14.863134,425.57437,1283.9,4730.0,0.754,0.767,308.262,75.795382,-30.3994612
NGTS-8 b,NGTS-8,Transit,2019.0,Next-Generation Transit Survey (NGTS),2.4997,12.21781,295.5819,1345.0,5241.0,0.98,0.89,428.976,328.9759206,-14.0684399
NGTS-9 b,NGTS-9,Transit,2019.0,Next-Generation Transit Survey (NGTS),4.43527,11.99363,921.707,1448.0,6330.0,1.38,1.34,609.128,141.9206435,-19.3476477
NN Ser c,NN Ser,Eclipse Timing Variations,2010.0,Multiple Observatories,6987.0,12.6,2329.6,,57000.0,,0.535,515.818,238.2337015,12.9120871
NN Ser d,NN Ser,Eclipse Timing Variations,2010.0,Multiple Observatories,2880.0,13.3,724.622,,57000.0,,0.535,515.818,238.2337015,12.9120871
NSVS 14256825 b,NSVS 14256825,Eclipse Timing Variations,2019.0,Multiple Observatories,3225.0,12.3,4497.2945,,40000.0,0.188,0.419,820.877,305.001946,4.6323715
NY Vir b,NY Vir,Eclipse Timing Variations,2011.0,Multiple Observatories,3160.0,13.3,730.978,,32780.0,0.151,0.459,544.024,204.7005847,-2.0303873
NY Vir c,NY Vir,Eclipse Timing Variations,2019.0,Winer Observatory,8799.0,12.8,1760.7782,,32780.0,0.151,0.459,544.024,204.7005847,-2.0303873
OGLE-2003-BLG-235L b,OGLE-2003-BLG-235L,Microlensing,2004.0,OGLE,,13.2,830.0,,,,0.63,5800.0,271.318125,-28.895
OGLE-2005-BLG-071L b,OGLE-2005-BLG-071L,Microlensing,2005.0,OGLE,,13.0,1200.0,55.0,,,0.46,3200.0,267.540708,-34.6731944
OGLE-2005-BLG-169L b,OGLE-2005-BLG-169L,Microlensing,2006.0,OGLE,,3.84,14.1,,,,0.69,4100.0,271.522167,-30.7326389
OGLE-2005-BLG-390L b,OGLE-2005-BLG-390L,Microlensing,2005.0,OGLE,3285.0,2.21,5.5,50.0,,,0.22,6600.0,268.579958,-30.3773056
OGLE-2006-BLG-109L b,OGLE-2006-BLG-109L,Microlensing,2008.0,OGLE,1788.5,14.0,231.0,82.0,,,0.51,1510.0,268.143792,-30.0877778
OGLE-2006-BLG-109L c,OGLE-2006-BLG-109L,Microlensing,2008.0,OGLE,4927.5,11.1,86.0,59.0,,,0.51,1510.0,268.143792,-30.0877778
OGLE-2006-BLG-284L A b,OGLE-2006-BLG-284L A,Microlensing,2020.0,OGLE,,14.3,144.0,,,,0.35,4000.0,269.65925,-29.1366667
OGLE-2007-BLG-349L AB c,OGLE-2007-BLG-349L A,Microlensing,2016.0,OGLE,2557.0,10.7,80.0,,,,0.41,2760.0,271.351807,-26.4219437
OGLE-2007-BLG-368L b,OGLE-2007-BLG-368L,Microlensing,2009.0,OGLE,,4.72,20.0,,,,0.64,5900.0,269.108167,-32.2374167
OGLE-2008-BLG-092L b,OGLE-2008-BLG-092L,Microlensing,2014.0,OGLE,,8.74,57.0,,,,0.71,8100.0,267.540708,-34.6731944
OGLE-2008-BLG-355L b,OGLE-2008-BLG-355L,Microlensing,2014.0,OGLE,,12.9,1500.0,,,,0.37,6800.0,269.786708,-30.7594722
OGLE-2011-BLG-0173L b,OGLE-2011-BLG-0173L,Microlensing,2018.0,OGLE,,9.01,60.0,,,,0.41,6100.0,269.315735,-28.2338619
OGLE-2011-BLG-0251L b,OGLE-2011-BLG-0251L,Microlensing,2012.0,OGLE,,14.2,170.0,,,,0.26,2570.0,264.559083,-27.1361389
OGLE-2011-BLG-0265L b,OGLE-2011-BLG-0265L,Microlensing,2015.0,OGLE,,13.9,280.0,,,,0.211,4380.0,269.448833,-27.3945278
OGLE-2012-BLG-0026L b,OGLE-2012-BLG-0026L,Microlensing,2012.0,OGLE,,7.72,46.1,,,,1.06,4019.0,263.577917,-27.14275
OGLE-2012-BLG-0026L c,OGLE-2012-BLG-0026L,Microlensing,2012.0,OGLE,,13.9,270.0,,,,1.06,4019.0,263.577917,-27.14275
OGLE-2012-BLG-0358L b,OGLE-2012-BLG-0358L,Microlensing,2013.0,OGLE,,13.4,588.0,,,,0.022,1760.0,265.694875,-24.261
OGLE-2012-BLG-0406L b,OGLE-2012-BLG-0406L,Microlensing,2013.0,OGLE,,13.2,868.0,,,,0.44,4970.0,268.325708,-30.4711667
OGLE-2012-BLG-0563L b,OGLE-2012-BLG-0563L,Microlensing,2015.0,OGLE,,13.6,120.0,,,,0.34,1300.0,271.4905,-27.712
OGLE-2012-BLG-0724L b,OGLE-2012-BLG-0724L,Microlensing,2016.0,OGLE,,14.3,150.0,,,,0.29,6700.0,268.9682917,-29.8185278
OGLE-2012-BLG-0838L b,OGLE-2012-BLG-0838L,Microlensing,2020.0,OGLE,,8.39,53.1,,,,0.4,6320.0,273.003083,-25.7116111
OGLE-2012-BLG-0950L b,OGLE-2012-BLG-0950L,Microlensing,2016.0,OGLE,,6.56,35.0,,,,0.57,2600.0,272.019257,-29.7315826
OGLE-2013-BLG-0102L b,OGLE-2013-BLG-0102L,Microlensing,2014.0,OGLE,,12.3,4100.0,,,,0.096,3040.0,268.0295,-31.6905833
OGLE-2013-BLG-0132L b,OGLE-2013-BLG-0132L,Microlensing,2017.0,OGLE,,11.6,92.0,,,,0.54,3900.0,269.764618,-28.4210281
OGLE-2013-BLG-0341L B b,OGLE-2013-BLG-0341L B,Microlensing,2014.0,OGLE,,1.16,1.66,,,,0.1127,911.0,268.031208,-29.8461111
OGLE-2013-BLG-0911L b,OGLE-2013-BLG-0911L,Microlensing,2019.0,OGLE,,12.5,3020.0,,,,0.29,3220.0,268.88325,-29.2538333
OGLE-2013-BLG-1721L b,OGLE-2013-BLG-1721L,Microlensing,2017.0,OGLE,,14.1,200.0,,,,0.46,6300.0,268.126556,-30.2926941
OGLE-2013-BLG-1761L b,OGLE-2013-BLG-1761L,Microlensing,2017.0,OGLE,,13.2,860.0,,,,0.33,6900.0,268.409485,-28.8952713
OGLE-2014-BLG-0124L b,OGLE-2014-BLG-0124L,Microlensing,2015.0,OGLE,,14.1,206.58846455,,,,0.9,3500.0,270.6217083,-28.39625
OGLE-2014-BLG-0221L b,OGLE-2014-BLG-0221L,Microlensing,2024.0,OGLE,,12.9,1382.55357045,,,,0.69,3680.0,270.30375,-27.4267639
OGLE-2014-BLG-0319L b,OGLE-2014-BLG-0319L,Microlensing,2022.0,OGLE,,14.1,181.16219199,,,,0.52,7730.0,266.9611667,-33.9350444
OGLE-2014-BLG-0676L b,OGLE-2014-BLG-0676L,Microlensing,2016.0,OGLE,,13.0,1169.60853776,,,,0.73,2670.0,268.1020833,-30.5483889
OGLE-2014-BLG-1722L b,OGLE-2014-BLG-1722L,Microlensing,2018.0,OGLE,,8.59,55.3,,,,0.4,6400.0,268.75238,-31.4690552
OGLE-2014-BLG-1722L c,OGLE-2014-BLG-1722L,Microlensing,2018.0,OGLE,,11.0,83.7,,,,0.4,6400.0,268.75238,-31.4690552
OGLE-2014-BLG-1760L b,OGLE-2014-BLG-1760L,Microlensing,2016.0,OGLE,,13.8,295.89824692,,,,0.803,7056.0,269.409,-28.9620472
OGLE-2015-BLG-0051L b,OGLE-2015-BLG-0051L,Microlensing,2016.0,OGLE,,14.0,230.0,,,,0.1,8200.0,269.662537,-28.0316944
OGLE-2015-BLG-0954L b,OGLE-2015-BLG-0954L,Microlensing,2016.0,KMTNet,,13.1,1100.0,,,,0.3,1200.0,270.184333,-28.6608889
OGLE-2015-BLG-0966L b,OGLE-2015-BLG-0966L,Microlensing,2016.0,OGLE,,4.86,21.0,,,,0.38,3300.0,268.75425,-29.0471111
OGLE-2015-BLG-1609L b,OGLE-2015-BLG-1609L,Microlensing,2025.0,OGLE,,10.4,76.27881768,,,,0.17,3300.0,270.8237917,-26.9071111
OGLE-2015-BLG-1649L b,OGLE-2015-BLG-1649L,Microlensing,2019.0,OGLE,,13.2,807.0,,,,0.34,4230.0,271.2050417,-32.6330278
OGLE-2015-BLG-1670L b,OGLE-2015-BLG-1670L,Microlensing,2019.0,OGLE,,4.42,17.9,,,,0.55,6700.0,268.1587917,-28.5519167
OGLE-2015-BLG-1771L b,OGLE-2015-BLG-1771L,Microlensing,2020.0,OGLE,,14.3,138.0,,,,0.077,7070.0,268.799,-28.86275
OGLE-2016-BLG-0007L b,OGLE-2016-BLG-0007L,Microlensing,2025.0,OGLE,14200.0,1.09,1.32,,,,0.59,4300.0,268.3560417,-29.64225
OGLE-2016-BLG-0263L b,OGLE-2016-BLG-0263L,Microlensing,2017.0,OGLE,,13.0,1300.0,,,,0.13,6500.0,269.895416,-31.8186111
OGLE-2016-BLG-0613L AB b,OGLE-2016-BLG-0613L AB,Microlensing,2017.0,OGLE,,13.0,1330.0,,,,0.72,3410.0,269.260406,-28.1161671
OGLE-2016-BLG-1067L b,OGLE-2016-BLG-1067L,Microlensing,2019.0,OGLE,,14.3,140.0,,,,0.3,3730.0,273.2045,-27.0126389
OGLE-2016-BLG-1093L b,OGLE-2016-BLG-1093L,Microlensing,2022.0,OGLE,,14.0,225.65816897,,,,0.46,8120.0,269.0042917,-32.7134722
OGLE-2016-BLG-1190L b,OGLE-2016-BLG-1190L,Microlensing,2017.0,OGLE,1220.0,12.3,4253.0,,,,0.88,6770.0,269.717926,-27.6135559
OGLE-2016-BLG-1195L b,OGLE-2016-BLG-1195L,Microlensing,2017.0,OGLE,,1.11,1.43,,,,0.078,3910.0,268.847931,-30.2072506
OGLE-2016-BLG-1227L b,OGLE-2016-BLG-1227L,Microlensing,2020.0,OGLE,,13.9,250.0,,,,0.1,,265.597125,-33.7597778
OGLE-2016-BLG-1266L b,OGLE-2016-BLG-1266L,Microlensing,2018.0,OGLE,,12.4,3813.940884,,,,0.015,3080.0,267.8535833,-29.74225
OGLE-2016-BLG-1598L b,OGLE-2016-BLG-1598L,Microlensing,2024.0,OGLE,,13.6,120.77479466,,,,0.55,5910.0,270.19075,-29.1754389
OGLE-2016-BLG-1800L b,OGLE-2016-BLG-1800L,Microlensing,2024.0,OGLE,,13.2,823.17557413,,,,0.41,6480.0,269.9032083,-30.8653611
OGLE-2017-BLG-0173L b,OGLE-2017-BLG-0173L,Microlensing,2018.0,OGLE,,1.62,3.269,,,,0.396,4705.0,267.970612,-29.2713604
OGLE-2017-BLG-0364L b,OGLE-2017-BLG-0364L,Microlensing,2024.0,OGLE,,10.3,75.8,,,,0.49,7860.0,265.227875,-34.6175833
OGLE-2017-BLG-0373L b,OGLE-2017-BLG-0373L,Microlensing,2018.0,OGLE,,14.0,127.0,,,,0.248,5915.0,269.3294067,-31.9517231
OGLE-2017-BLG-0406L b,OGLE-2017-BLG-0406L,Microlensing,2020.0,OGLE,,14.2,130.0,,,,0.56,5200.0,268.999667,-29.8631389
OGLE-2017-BLG-0448L b,OGLE-2017-BLG-0448L,Microlensing,2024.0,OGLE,,4.08,15.6,,,,0.5,7530.0,268.668625,-31.0319167
OGLE-2017-BLG-0482L b,OGLE-2017-BLG-0482L,Microlensing,2018.0,OGLE,,2.95,9.0,,,,0.2,5800.0,269.048889,-30.5283604
OGLE-2017-BLG-0604L b,OGLE-2017-BLG-0604L,Microlensing,2020.0,OGLE,,14.2,160.0,,,,0.7,3950.0,267.891667,-30.9465556
OGLE-2017-BLG-0640L b,OGLE-2017-BLG-0640L,Microlensing,2024.0,OGLE,,13.5,514.88201934,,,,0.32,6630.0,267.465125,-29.4615
OGLE-2017-BLG-1049L b,OGLE-2017-BLG-1049L,Microlensing,2020.0,OGLE,,12.8,1760.0,,,,0.55,5670.0,269.533542,-27.1442222
OGLE-2017-BLG-1099L b,OGLE-2017-BLG-1099L,Microlensing,2021.0,OGLE,,13.1,959.84178914,,,,0.45,7250.0,263.96425,-29.5858611
OGLE-2017-BLG-1140L b,OGLE-2017-BLG-1140L,Microlensing,2018.0,OGLE,,13.5,505.0,,,,0.211,,266.883057,-24.5226669
OGLE-2017-BLG-1237L b,OGLE-2017-BLG-1237L,Microlensing,2024.0,OGLE,,13.0,1207.7479466,,,,0.46,6030.0,271.6499583,-28.3288306
OGLE-2017-BLG-1275L b,OGLE-2017-BLG-1275L,Microlensing,2024.0,OGLE,,12.8,1875.1876013,,,,0.63,7690.0,267.9154167,-29.4979694
OGLE-2017-BLG-1375L b,OGLE-2017-BLG-1375L,Microlensing,2020.0,OGLE,,12.4,3585.0,,,,0.81,3930.0,269.154875,-30.3114167
OGLE-2017-BLG-1434L b,OGLE-2017-BLG-1434L,Microlensing,2018.0,OGLE,,1.94,4.43,,,,0.234,860.0,268.2804667,-30.2456583
OGLE-2017-BLG-1522L b,OGLE-2017-BLG-1522L,Microlensing,2018.0,OGLE,,14.0,240.0,,,,0.045,7490.0,270.319366,-28.4619713
OGLE-2017-BLG-1691L b,OGLE-2017-BLG-1691L,Microlensing,2022.0,OGLE,,3.92,14.62010672,,,,0.45,7290.0,263.5938333,-29.2848306
OGLE-2017-BLG-1806L b,OGLE-2017-BLG-1806L,Microlensing,2023.0,OGLE,,2.15,5.27,,,,0.38,6400.0,266.62325,-24.2722694
OGLE-2018-BLG-0298L b,OGLE-2018-BLG-0298L,Microlensing,2022.0,OGLE,,7.56,44.49597698,,,,0.69,6540.0,264.2845,-29.7091111
OGLE-2018-BLG-0383L b,OGLE-2018-BLG-0383L,Microlensing,2022.0,OGLE,,2.41,6.4,,,,0.1,7700.0,268.68075,-28.7392778
OGLE-2018-BLG-0506L b,OGLE-2018-BLG-0506L,Microlensing,2022.0,OGLE,,4.18,16.3,,,,0.63,5600.0,267.6298333,-31.9240556
OGLE-2018-BLG-0516L b,OGLE-2018-BLG-0516L,Microlensing,2022.0,OGLE,,4.73,20.1,,,,0.47,7000.0,269.640125,-31.2623889
OGLE-2018-BLG-0532L b,OGLE-2018-BLG-0532L,Microlensing,2020.0,OGLE,,2.37,6.228,,,,0.195,773.0,269.9834167,-28.99775
OGLE-2018-BLG-0567L b,OGLE-2018-BLG-0567L,Microlensing,2021.0,OGLE,,12.3,101.70509024,,,,0.25,7060.0,269.0184167,-27.9871111
OGLE-2018-BLG-0596L b,OGLE-2018-BLG-0596L,Microlensing,2019.0,OGLE,,3.81,13.93,,,,0.231,5650.0,269.0555417,-29.1990833
OGLE-2018-BLG-0677L b,OGLE-2018-BLG-0677L,Microlensing,2020.0,OGLE,,1.82,3.96,,,,0.12,7580.0,268.751125,-32.0165306
OGLE-2018-BLG-0740L b,OGLE-2018-BLG-0740L,Microlensing,2019.0,OGLE,5480.0,12.9,1500.0,,5912.0,,1.0,3200.0,272.1769583,-29.8358056
OGLE-2018-BLG-0799L b,OGLE-2018-BLG-0799L,Microlensing,2022.0,OGLE,,10.9,82.63538582,,,,0.093,4050.0,273.459,-25.4857222
OGLE-2018-BLG-0932L b,OGLE-2018-BLG-0932L,Microlensing,2022.0,KMTNet,,13.9,282.86728223,,,,0.72,6620.0,268.3512083,-29.0218056
OGLE-2018-BLG-0962L b,OGLE-2018-BLG-0962L,Microlensing,2021.0,OGLE,,13.6,425.89006538,,,,0.54,6500.0,268.1747917,-32.30925
OGLE-2018-BLG-0977L b,OGLE-2018-BLG-0977L,Microlensing,2022.0,OGLE,,2.41,6.4,,,,0.47,6500.0,268.506125,-30.6048056
OGLE-2018-BLG-1011L b,OGLE-2018-BLG-1011L,Microlensing,2019.0,OGLE,,13.5,570.0,,,,0.18,7100.0,269.014,-29.0828889
OGLE-2018-BLG-1011L c,OGLE-2018-BLG-1011L,Microlensing,2019.0,OGLE,,13.2,890.0,,,,0.18,7100.0,269.014,-29.0828889
OGLE-2018-BLG-1119L b,OGLE-2018-BLG-1119L,Microlensing,2022.0,OGLE,,13.9,289.22385037,,,,0.48,5760.0,270.02925,-32.3752778
OGLE-2018-BLG-1126L b,OGLE-2018-BLG-1126L,Microlensing,2022.0,KMTNet,,4.41,17.79839079,,,,0.69,5700.0,268.355875,-31.7247194
OGLE-2018-BLG-1185L b,OGLE-2018-BLG-1185L,Microlensing,2021.0,OGLE,,2.83,8.4,,,,0.37,7400.0,269.79275,-27.8350833
OGLE-2018-BLG-1212L b,OGLE-2018-BLG-1212L,Microlensing,2022.0,KMTNet,,9.32,63.5656814,,,,0.16,1550.0,271.077625,-28.1940833
OGLE-2018-BLG-1269L b,OGLE-2018-BLG-1269L,Microlensing,2020.0,OGLE,,14.1,210.0,,,,1.11,2510.0,269.693417,-27.6179444
OGLE-2018-BLG-1367L b,OGLE-2018-BLG-1367L,Microlensing,2022.0,KMTNet,,13.8,301.93698665,,,,0.28,5370.0,269.755625,-29.1683611
OGLE-2018-BLG-1428L b,OGLE-2018-BLG-1428L,Microlensing,2021.0,OGLE,,14.0,240.0,,,,0.43,6220.0,265.548708,-26.1378889
OGLE-2018-BLG-1647L b,OGLE-2018-BLG-1647L,Microlensing,2022.0,KMTNet,,13.8,308.29355479,,,,0.092,7880.0,268.962375,-31.817
OGLE-2018-BLG-1700L b,OGLE-2018-BLG-1700L,Microlensing,2020.0,OGLE,,12.9,1400.0,,,,0.42,7600.0,269.956042,-28.5286389
OGLE-2019-BLG-0249L b,OGLE-2019-BLG-0249L,Microlensing,2023.0,OGLE,,12.7,2262.93825784,,,,0.91,6370.0,265.4035,-34.70175
OGLE-2019-BLG-0299L b,OGLE-2019-BLG-0299L,Microlensing,2021.0,OGLE,,12.7,1976.89269154,,,,0.59,5830.0,266.6794583,-23.5843111
OGLE-2019-BLG-0304L b,OGLE-2019-BLG-0304L,Microlensing,2021.0,OGLE,,14.2,162.09248757,,,,0.27,6980.0,264.0267083,-26.1459889
OGLE-2019-BLG-0362L b,OGLE-2019-BLG-0362L,Microlensing,2022.0,OGLE,,13.1,1036.12060682,,,,0.42,5830.0,263.46525,-24.8103611
OGLE-2019-BLG-0468L b,OGLE-2019-BLG-0468L,Microlensing,2022.0,OGLE,,13.1,1090.15143601,,,,0.92,4400.0,266.406,-24.4472778
OGLE-2019-BLG-0468L c,OGLE-2019-BLG-0468L,Microlensing,2022.0,OGLE,,12.5,3248.20631954,,,,0.92,4400.0,266.406,-24.4472778
OGLE-2019-BLG-0679L b,OGLE-2019-BLG-0679L,Microlensing,2023.0,OGLE,,13.1,1061.54687938,,,,0.66,5630.0,265.7404167,-27.7728806
OGLE-2019-BLG-0954L b,OGLE-2019-BLG-0954L,Microlensing,2021.0,OGLE,,12.3,4513.1633794,,,,0.8,3630.0,267.91325,-29.611
OGLE-2019-BLG-0960L b,OGLE-2019-BLG-0960L,Microlensing,2021.0,OGLE,,1.39,2.5,,,,0.5,980.0,274.0142917,-25.7746667
OGLE-2019-BLG-1053L b,OGLE-2019-BLG-1053L,Microlensing,2021.0,KMTNet,,1.38,2.48,,,,0.61,6800.0,270.166375,-27.3415833
OGLE-2019-BLG-1180L b,OGLE-2019-BLG-1180L,Microlensing,2023.0,OGLE,,13.5,555.24622703,,,,0.545,6070.0,269.2465417,-27.9754444
OGLE-2019-BLG-1470L AB c,OGLE-2019-BLG-1470L A,Microlensing,2022.0,OGLE,,13.3,699.2224954,,,,0.57,5900.0,271.9492083,-27.0335556
OGLE-2019-BLG-1492L b,OGLE-2019-BLG-1492L,Microlensing,2022.0,OGLE,,6.79,37.1,,,,0.68,5600.0,270.0964583,-28.6311389
OGLE-2023-BLG-0836L b,OGLE-2023-BLG-0836L,Microlensing,2024.0,OGLE,,12.9,1385.73185452,,,,0.71,5120.0,267.186875,-23.7415194
OGLE-TR-10 b,OGLE-TR-10,Transit,2004.0,OGLE,3.101278,14.011,197.046,1702.0,5950.0,1.17,1.14,1344.97,267.8677483,-29.8764758
OGLE-TR-111 b,OGLE-TR-111,Transit,2004.0,OGLE,4.0144463,11.421971,174.799,1019.0,5040.0,0.83,0.82,1068.33,163.324115,-61.4056976
OGLE-TR-113 b,OGLE-TR-113,Transit,2004.0,OGLE,1.4324752,12.251,400.449,1342.0,4790.0,0.774,0.779,566.459,163.1010355,-61.4468591
OGLE-TR-132 b,OGLE-TR-132,Transit,2004.0,OGLE,1.689868,13.45,375.02,2013.0,6210.0,1.32,1.305,2012.62,162.6440933,-61.9572476
OGLE-TR-182 b,OGLE-TR-182,Transit,2007.0,OGLE,3.9791,12.666,320.995,1550.0,5924.0,1.14,1.14,2501.75,167.3279228,-61.0952624
OGLE-TR-211 b,OGLE-TR-211,Transit,2007.0,OGLE,3.67724,15.244,327.351,1686.0,6325.0,1.64,1.33,1515.26,160.0598236,-62.4555353
OGLE-TR-56 b,OGLE-TR-56,Transit,2002.0,OGLE,1.2119189,15.278,441.77,2212.0,6050.0,1.363,1.228,282.83913869,269.1479583,-29.5392222
OGLE2-TR-L9 b,OGLE2-TR-L9,Transit,2008.0,OGLE,2.4855335,18.046,1430.175,2034.0,6933.0,1.53,1.52,1627.63,166.9798793,-61.1462496
Oph 11 b,Oph 11,Imaging,2006.0,Gemini Observatory,7300000.0,12.3,4449.62,2175.0,2375.0,0.232692,0.016,136.16559197,245.604961,-24.0872219
PDS 70 b,PDS 70,Imaging,2018.0,Paranal Observatory,43500.0,21.96960217,1017.0509024,1392.0,4109.0,1.26,0.982,113.064,212.0421402,-41.3980405
PDS 70 c,PDS 70,Imaging,2019.0,European Southern Observatory,,22.19378179,2383.7130525,1054.0,4109.0,1.26,0.982,113.064,212.0421402,-41.3980405
PH1 b,PH1,Transit,2012.0,Kepler,138.317,6.18,169.0,481.0,6407.0,1.734,1.528,1033.16,298.2150641,39.9550863
PH2 b,PH2,Transit,2013.0,Kepler,282.52542,9.33708092,87.08498352,295.1,5734.0,0.949,0.966,343.863,289.7636212,51.962683
POTS-1 b,POTS-1,Transit,2013.0,La Silla Observatory,3.1606296,10.548,734.16,,4400.0,0.588,0.695,747.959,203.6087259,-66.5811639
PSR B0329+54 b,PSR B0329+54,Pulsar Timing,2017.0,Multiple Facilities,10140.0,1.22,1.97,,,,1.44,504.93312058,53.2472749,54.5791636
PSR B1257+12 b,PSR B1257+12,Pulsar Timing,1994.0,Arecibo Observatory,25.262,0.338,0.02,,,,1.4,600.0,195.0149029,12.6823534
PSR B1257+12 c,PSR B1257+12,Pulsar Timing,1992.0,Arecibo Observatory,66.5419,1.91,4.3,,,,1.4,600.0,195.0149029,12.6823534
PSR B1257+12 d,PSR B1257+12,Pulsar Timing,1992.0,Arecibo Observatory,98.2114,1.8,3.9,,,,1.4,600.0,195.0149029,12.6823534
PSR B1620-26 b,PSR B1620-26,Pulsar Timing,2003.0,Hubble Space Telescope,,13.3,794.575,,,,1.35,,245.9092617,-26.5315944
PSR J1719-1438 b,PSR J1719-1438,Pulsar Timing,2011.0,Parkes Observatory,0.090706293,,382.8,,4500.0,,1.4,1200.0,259.7919708,-14.6336
PSR J2322-2650 b,PSR J2322-2650,Pulsar Timing,2017.0,Parkes Observatory,0.322963997,13.9,252.643067,,,,1.4,230.0,350.6443481,-26.8495331
PZ Tel b,PZ Tel,Imaging,2023.0,W. M. Keck Observatory,44000.0,11.9,8581.366989,,5169.0,1.25646,1.36,47.0648,283.2745823,-50.1808952
Pr0201 b,Pr0201,Radial Velocity,2012.0,Fred Lawrence Whipple Observatory,4.4264,14.2,171.6282,,6174.0,1.15,1.24,180.64,130.4324005,20.2268164
Pr0211 b,Pr0211,Radial Velocity,2012.0,Fred Lawrence Whipple Observatory,2.1461,13.4,597.5204,,5300.0,0.827,0.935,182.714,130.547744,19.276957
Pr0211 c,Pr0211,Radial Velocity,2016.0,Roque de los Muchachos Observatory,4850.0,12.6,2475.8957,,5300.0,0.827,0.935,182.714,130.547744,19.276957
Proxima Cen b,Proxima Cen,Radial Velocity,2016.0,European Southern Observatory,11.18465,1.02,1.055,218.0,2900.0,0.141,0.1221,1.30119,217.3934657,-62.6761821
Proxima Cen d,Proxima Cen,Radial Velocity,2025.0,La Silla Observatory,5.12338,0.692,0.26,282.0,2900.0,0.141,0.1221,1.30119,217.3934657,-62.6761821
Qatar-1 b,Qatar-1,Transit,2010.0,Qatar,1.4200242,12.811887,411.27202,1418.0,5013.0,0.803,0.838,185.615,303.3818697,65.1623313
Qatar-10 b,Qatar-10,Transit,2019.0,Qatar,1.645321,17.295487,233.92288,1955.0,6124.0,1.254,1.156,559.068,284.4439052,69.5708373
Qatar-2 b,Qatar-2,Transit,2011.0,Qatar,1.33711647,14.056,792.635,1344.0,4645.0,0.776,0.743,181.374,207.6554928,-6.8040714
Qatar-3 b,Qatar-3,Transit,2017.0,Qatar,2.5079204,12.285064,1369.8473,1681.0,6007.0,1.272,1.145,735.601,359.1519716,36.2129562
Qatar-4 b,Qatar-4,Transit,2017.0,Qatar,1.8053564,12.722215,1938.763,1385.0,5215.0,0.849,0.896,329.036,4.859275,44.0275965
Qatar-5 b,Qatar-5,Transit,2017.0,Qatar,2.8792319,12.408363,1373.0256,1415.0,5747.0,1.076,1.128,367.658,7.0539375,42.0613451
Qatar-6 b,Qatar-6,Transit,2017.0,Qatar,3.506195,11.903958,212.31044,1006.0,5052.0,0.722,0.822,100.848,222.2100773,22.1526136
Qatar-7 b,Qatar-7,Transit,2019.0,Qatar,2.032046,19.0553,597.5204,2053.0,6387.0,1.564,1.409,705.981,358.5151344,37.0218242
Qatar-8 b,Qatar-8,Transit,2019.0,Qatar,3.71495,14.403565,117.91493,1457.0,5738.0,1.315,1.029,281.498,157.4123405,70.5270835
Qatar-9 b,Qatar-9,Transit,2019.0,Qatar,1.540731,11.309881,378.2177,1134.0,4309.0,0.696,0.719,213.771,160.748095,60.9641194
ROXs 12 b,ROXs 12,Imaging,2013.0,W. M. Keck Observatory,,12.2,5085.0,,3850.0,1.06627,0.87,136.65,246.6167993,-25.446695
ROXs 42 B b,ROXs 42 B,Imaging,2013.0,Multiple Observatories,,12.5,2860.0,1975.0,3433.0,1.33658,1.0,143.59,247.8125493,-24.545577
RR Cae b,RR Cae,Eclipse Timing Variations,2012.0,Leoncito Astronomical Complex,4343.5,13.0,1334.886,,3904.0,0.193119,0.44,21.1916,65.2733756,-48.6542601
Ross 128 b,Ross 128,Radial Velocity,2017.0,La Silla Observatory,9.8658,1.11,1.4,301.0,3192.0,0.1967,0.168,3.37454,176.9376036,0.7992898
Ross 176 b,Ross 176,Transit,2025.0,Transiting Exoplanet Survey Satellite (TESS),5.0066338,1.84,4.57,682.0,4041.0,0.569,0.577,46.4488,305.6897438,47.3086191
Ross 458 c,Ross 458,Imaging,2010.0,Las Campanas Observatory,,14.01125,1906.98,,3965.42,0.562566,0.556419,11.5094,195.1912147,12.3755996
Ross 508 b,Ross 508,Radial Velocity,2022.0,Subaru Telescope,10.77,1.83,4.0,,3071.0,0.2113,0.1774,11.2103,230.9613022,17.4605347
SPECULOOS-3 b,SPECULOOS-3,Transit,2024.0,SPECULOOS Southern Observatory,0.71912603,0.977,0.894,553.0,2800.0,0.123,0.1009,,312.3632611,33.6123832
SR 12 AB c,SR 12 AB,Imaging,2010.0,Infrared Survey Facility,,12.3,4131.62,,3828.93,1.103075,,112.31721584,246.8312363,-24.6946687
SWEEPS-11 b,SWEEPS-11,Transit,2006.0,Hubble Space Telescope,1.796,12.666,3082.82,,,1.45,1.1,8500.0,269.7583333,-29.1981944
SWEEPS-4 b,SWEEPS-4,Transit,2006.0,Hubble Space Telescope,4.2,9.079,1207.7,,,1.18,1.24,8500.0,269.7246667,-29.1890556
TAP 26 b,TAP 26,Radial Velocity,2017.0,Multiple Facilities,10.79,13.5,527.5978,,4620.0,1.17,1.04,121.402,64.715445,17.3878826
TCP J05074264+2447555 b,TCP J05074264+2447555,Microlensing,2018.0,Multiple Observatories,,4.72,20.0,,5805.0,1.42487,0.586,505.0,76.928,24.7989611
TIC 117642575 b,TIC 117642575,Transit,2026.0,Transiting Exoplanet Survey Satellite (TESS),4.94459060181,2.82716337,8.38,,5719.98,1.08102,1.06,188.758,9.4800698,-37.0662905
TIC 139270665 b,TIC 139270665,Transit,2024.0,Transiting Exoplanet Survey Satellite (TESS),23.624,7.22979255,147.15455244,703.0,5844.0,1.016,1.035,189.875,124.0338967,33.2914532
TIC 139270665 c,TIC 139270665,Radial Velocity,2024.0,Lick Observatory,1010.0,12.9,1554.18091023,200.0,5844.0,1.016,1.035,189.875,124.0338967,33.2914532
TIC 139702105 b,TIC 139702105,Transit,2026.0,Transiting Exoplanet Survey Satellite (TESS),6.83601903383,2.45316949,6.59,,5742.35,1.25423,0.9,91.7884,66.498034,-18.214545
TIC 142589416 b,TIC 142589416,Transit,2026.0,Transiting Exoplanet Survey Satellite (TESS),2.09518466313,2.67899519,7.65,,4396.27,0.713832,0.641,168.933,168.2439697,73.8301439
TIC 147027702 b,TIC 147027702,Transit,2026.0,Transiting Exoplanet Survey Satellite (TESS),44.40523,10.92875618,346.43296363,863.0,6410.0,2.136,1.406,457.186,161.7728559,-43.9317971
TIC 153919886 b,TIC 153919886,Transit,2026.0,Transiting Exoplanet Survey Satellite (TESS),2.10510492329,2.70601108,7.78,,4137.16,0.591697,0.581261,132.33,171.8440734,68.1810449
TIC 154870955 b,TIC 154870955,Transit,2026.0,Transiting Exoplanet Survey Satellite (TESS),7.9698747128,3.09467466,9.77,,4739.58,0.724328,0.828,226.463,191.7456685,88.8298759
TIC 160113658 b,TIC 160113658,Transit,2026.0,Transiting Exoplanet Survey Satellite (TESS),6.72952262077,3.49015778,12.0,,4817.31,0.789834,0.76,200.156,59.4555606,-41.6320332
TIC 161045582 b,TIC 161045582,Transit,2026.0,Transiting Exoplanet Survey Satellite (TESS),8.85577189959,2.24566738,5.67,,5683.87,1.07976,1.04,162.246,223.6258514,49.097725
TIC 172900988 b,TIC 172900988 Aa,Transit,2021.0,Transiting Exoplanet Survey Satellite (TESS),200.452,11.25,942.0,,6050.0,1.3842,1.2384,250.956,128.6616644,31.5539793
TIC 178172313 b,TIC 178172313,Transit,2026.0,Transiting Exoplanet Survey Satellite (TESS),4.3731816136,2.80405322,8.27,,5405.59,0.84345,0.91,178.137,43.4062672,-32.077048
TIC 183374187 b,TIC 183374187,Transit,2026.0,Transiting Exoplanet Survey Satellite (TESS),5.05907,14.03364384,177.98390792,1379.0,5768.0,1.344,0.853,1208.75,357.6160382,-41.4124228
TIC 188624430 b,TIC 188624430,Transit,2026.0,Transiting Exoplanet Survey Satellite (TESS),6.21860433132,3.64811843,12.9,,5369.46,0.786574,0.929,300.743,258.5566927,53.7060189
TIC 18942729 b,TIC 18942729,Transit,2026.0,Transiting Exoplanet Survey Satellite (TESS),0.99817838064,2.00021315,4.66,,4360.11,0.825257,0.652,115.169,119.2150697,16.6772341
TIC 198190129 b,TIC 198190129,Transit,2026.0,Transiting Exoplanet Survey Satellite (TESS),7.94804910667,2.92284949,8.87,,4377.53,0.640675,0.638,130.035,246.3322839,60.3771414
TIC 206466666 b,TIC 206466666,Transit,2026.0,Transiting Exoplanet Survey Satellite (TESS),9.10486865159,2.14817673,5.26,,4620.3,0.667193,0.76,127.837,56.7694828,-52.3667509
TIC 231949697 b,TIC 231949697,Transit,2026.0,Transiting Exoplanet Survey Satellite (TESS),0.90720448719,1.52831855,2.95,982.91,3451.32,0.492584,0.490679,50.2408,94.2576817,-43.3661845
TIC 237913194 b,TIC 237913194,Transit,2020.0,Transiting Exoplanet Survey Satellite (TESS),15.168865,12.520453,617.22586,974.0,5788.0,1.088,1.026,306.063,22.4458116,-60.7399096
TIC 241249530 b,TIC 241249530,Transit,2024.0,Transiting Exoplanet Survey Satellite (TESS),165.7719,13.29385111,1582.78546686,,6166.0,1.397,1.271,324.448,95.3088995,53.2950203
TIC 245076932 b,TIC 245076932,Transit,2026.0,Transiting Exoplanet Survey Satellite (TESS),21.61389,10.87271128,162.09248757,845.0,6130.0,1.288,1.117,303.96,198.0634857,-51.214433
TIC 24750448 b,TIC 24750448,Transit,2026.0,Transiting Exoplanet Survey Satellite (TESS),3.59159193029,2.43722231,6.51,,4545.43,0.713599,0.69,178.146,26.1958598,-68.6447552
TIC 24750448 c,TIC 24750448,Transit,2026.0,Transiting Exoplanet Survey Satellite (TESS),10.14385270726,3.09028272,9.75,,4545.43,0.713599,0.69,178.146,26.1958598,-68.6447552
TIC 249022743 b,TIC 249022743,Transit,2026.0,Transiting Exoplanet Survey Satellite (TESS),2.25719681538,4.79568155,20.6,,5567.58,1.2084,1.0,396.46,78.5762192,-3.4466123
TIC 257060897 b,TIC 257060897,Transit,2021.0,Transiting Exoplanet Survey Satellite (TESS),3.66003639,17.26183028,201.50321004,1775.0,5993.0,1.863,1.187,505.703,227.5321527,72.7103128
TIC 260969020 b,TIC 260969020,Transit,2026.0,Transiting Exoplanet Survey Satellite (TESS),8.48584501953,2.22686612,5.59,,4572.94,0.68988,0.75,121.222,74.9407148,-79.5859489
TIC 270471727 b,TIC 270471727,Transit,2026.0,Transiting Exoplanet Survey Satellite (TESS),10.45623256647,2.75029559,8.0,1147.1,5271.39,0.997091,0.9,182.104,97.2114071,-78.4730589
TIC 279401253 b,TIC 279401253,Transit,2023.0,Transiting Exoplanet Survey Satellite (TESS),76.8,11.2089807,1951.46641898,,5951.0,1.06,1.13,285.584,57.6572277,-15.0262251
TIC 279401253 c,TIC 279401253,Transit,2023.0,Multiple Observatories,155.3,12.6,2548.98382414,,5951.0,1.06,1.13,285.584,57.6572277,-15.0262251
TIC 290487717 b,TIC 290487717,Transit,2026.0,Transiting Exoplanet Survey Satellite (TESS),3.400818229,6.63777941,35.7,,5328.97,0.943767,0.92,395.574,139.0870563,2.5508053
TIC 294329732 b,TIC 294329732,Transit,2026.0,Transiting Exoplanet Survey Satellite (TESS),9.7565876181,2.07692266,4.97,,5201.93,0.920172,0.89,189.333,109.1177907,-58.2371507
TIC 32032563 b,TIC 32032563,Transit,2026.0,Transiting Exoplanet Survey Satellite (TESS),13.83460487791,3.47739942,11.9,,5567.93,1.00188,1.05,507.858,56.0905221,-68.8580554
TIC 320419023 b,TIC 320419023,Transit,2026.0,Transiting Exoplanet Survey Satellite (TESS),5.26375651589,2.77280763,8.11,,5703.36,0.952319,1.056,288.893,118.0726215,11.8241773
TIC 34085383 b,TIC 34085383,Transit,2026.0,Transiting Exoplanet Survey Satellite (TESS),3.47793368523,3.91982296,14.6,,4694.84,0.809951,0.733,149.12,59.235363,-7.3757198
TIC 349520724 b,TIC 349520724,Transit,2026.0,Transiting Exoplanet Survey Satellite (TESS),7.94044635021,2.82626313,8.38,,5098.6,0.818771,0.89,241.105,111.2314215,-64.6398433
TIC 356227008 b,TIC 356227008,Transit,2026.0,Transiting Exoplanet Survey Satellite (TESS),2.96147448702,2.39024009,6.3,,5731.86,0.959792,1.02,387.609,267.2508238,50.130808
TIC 365102760 b,TIC 365102760,Transit,2024.0,Transiting Exoplanet Survey Satellite (TESS),4.21285367,6.21,19.2,,4900.0,3.13,1.17,555.546,305.8398236,54.3943194
TIC 38825265 b,TIC 38825265,Transit,2026.0,Transiting Exoplanet Survey Satellite (TESS),3.31336980985,2.18869476,5.43,,4375.52,0.664503,0.64,165.638,68.2492759,-65.2039666
TIC 38828280 b,TIC 38828280,Transit,2026.0,Transiting Exoplanet Survey Satellite (TESS),4.85558984762,2.62701629,7.4,,5046.63,0.741147,0.84,286.415,68.3926457,-62.1697135
TIC 390586021 b,TIC 390586021,Transit,2026.0,Transiting Exoplanet Survey Satellite (TESS),2.74703755819,2.86009388,8.55,,4434.81,0.726565,0.648,114.558,199.8225789,-31.4655097
TIC 393818343 b,TIC 393818343,Transit,2024.0,Transiting Exoplanet Survey Satellite (TESS),16.24921,12.18416202,1379.37528638,805.5,5756.0,1.086,1.082,93.7345,310.2917002,3.6382967
TIC 423703298 b,TIC 423703298,Transit,2026.0,Transiting Exoplanet Survey Satellite (TESS),4.03712711976,2.77230429,8.11,,4540.37,0.729825,0.691,136.191,22.9360486,-17.0135676
TIC 434398831 b,TIC 434398831,Transit,2025.0,Transiting Exoplanet Survey Satellite (TESS),3.685504,3.51,12.1,1250.0,5638.0,0.909,0.992,217.011,93.9592639,16.0238459
TIC 434398831 c,TIC 434398831,Transit,2025.0,Transiting Exoplanet Survey Satellite (TESS),6.210291,5.63,27.0,1050.0,5638.0,0.909,0.992,217.011,93.9592639,16.0238459
TIC 437041147 b,TIC 437041147,Transit,2026.0,Transiting Exoplanet Survey Satellite (TESS),3.82301421497,2.21526814,5.54,,5224.36,0.961092,0.931,246.6,132.9480195,6.7648369
TIC 445839811 b,TIC 445839811,Transit,2026.0,Transiting Exoplanet Survey Satellite (TESS),11.1086260318,2.47771211,6.7,,5408.25,0.850041,0.95,235.655,200.1188173,48.4072699
TIC 46432937 b,TIC 46432937,Transit,2024.0,Transiting Exoplanet Survey Satellite (TESS),1.44044527,13.31626907,1017.0509024,872.0,3572.0,0.5299,0.563,90.5369,83.8689794,-14.5971909
TIC 4672985 b,TIC 4672985,Transit,2024.0,Transiting Exoplanet Survey Satellite (TESS),69.048,11.5004142,4049.13390518,517.2,5757.0,1.15,1.01,253.385,38.4706782,-10.6573827
TIC 62895484 b,TIC 62895484,Transit,2026.0,Transiting Exoplanet Survey Satellite (TESS),2.83985434327,3.49391667,12.0,,5520.79,0.874291,0.98,294.857,116.6385519,22.5903733
TIC 65612701 b,TIC 65612701,Transit,2026.0,Transiting Exoplanet Survey Satellite (TESS),10.22467974953,5.07802804,22.7,,5692.29,1.73709,1.06,151.624,310.4738195,36.3388288
TIC 67686059 b,TIC 67686059,Transit,2026.0,Transiting Exoplanet Survey Satellite (TESS),3.52163529551,2.59125922,7.23,,5090.09,0.820458,0.86,249.203,19.884337,-35.2930148
TIC 77319217 b,TIC 77319217,Transit,2026.0,Transiting Exoplanet Survey Satellite (TESS),7.54830765124,3.10879526,9.85,,5961.52,1.18439,1.16,267.62,71.0406969,-39.8976018
TIC 77552382 b,TIC 77552382,Transit,2026.0,Transiting Exoplanet Survey Satellite (TESS),3.51025904942,5.69176189,27.5,,4981.07,0.886956,0.83,373.415,152.5133767,-4.903525
TIC 86380416 b,TIC 86380416,Transit,2026.0,Transiting Exoplanet Survey Satellite (TESS),6.0408643461,2.4123612,6.4,,5723.74,0.989724,1.07,244.68,145.160376,65.7327948
TIC 87422071 b,TIC 87422071,Transit,2026.0,Transiting Exoplanet Survey Satellite (TESS),11.364929,10.8615023,409.99864503,1110.0,6150.0,1.489,1.239,384.758,273.0346013,-44.2434042
TIC 88692598 b,TIC 88692598,Transit,2026.0,Transiting Exoplanet Survey Satellite (TESS),2.64909436758,1.81295951,3.94,,3483.17,0.532473,0.529218,73.5258,149.2109097,47.7706699
TIC 88785435 b,TIC 88785435,Transit,2025.0,Transiting Exoplanet Survey Satellite (TESS),10.508843,5.03,22.3,635.0,3998.0,0.911,0.724,122.386,224.2838576,-30.8800273
TOI-1011 b,TOI-1011,Transit,2025.0,Transiting Exoplanet Survey Satellite (TESS),2.470498,1.45,4.04,1364.0,5475.0,0.92,0.91,52.62,113.9847611,-32.8419988
TOI-1036 b,TOI-1036,Transit,2026.0,Transiting Exoplanet Survey Satellite (TESS),3.77952125496,6.28499593,32.5,1294.0,5664.68,1.17554,1.03,184.015,157.8671116,-42.2404483
TOI-1052 b,TOI-1052,Transit,2023.0,Transiting Exoplanet Survey Satellite (TESS),9.139703,2.87,16.9,1135.0,6146.0,1.264,1.204,129.804,337.5102738,-75.6465606
TOI-1052 c,TOI-1052,Radial Velocity,2023.0,Multiple Observatories,35.806,6.48,34.3,719.0,6146.0,1.264,1.204,129.804,337.5102738,-75.6465606
TOI-1054.01,TOI-1054,Transit,2021.0,Transiting Exoplanet Survey Satellite (TESS),15.5077855,2.43432,6.5,853.0,6122.0,1.17,1.14,88.4343,302.1141738,-54.3175014
TOI-1062 b,TOI-1062,Transit,2021.0,Transiting Exoplanet Survey Satellite (TESS),4.11296,2.265,10.15,1077.0,5328.0,0.84,0.94,82.1733,38.1209678,-78.0236828
TOI-1062 c,TOI-1062,Radial Velocity,2021.0,La Silla Observatory,7.972,3.1,9.78,859.0,5328.0,0.84,0.94,82.1733,38.1209678,-78.0236828
TOI-1064 b,TOI-1064,Transit,2022.0,Transiting Exoplanet Survey Satellite (TESS),6.443868,2.587,13.5,784.0,4734.0,0.726,0.748,68.0726,296.0039349,-47.5620305
TOI-1064 c,TOI-1064,Transit,2022.0,Transiting Exoplanet Survey Satellite (TESS),12.226574,2.651,2.5,634.0,4734.0,0.726,0.748,68.0726,296.0039349,-47.5620305
TOI-1075 b,TOI-1075,Transit,2022.0,Transiting Exoplanet Survey Satellite (TESS),0.6047328,1.791,9.95,1323.0,3875.0,0.581,0.604,61.4592,309.9712091,-65.4496994
TOI-1080 b,TOI-1080,Transit,2026.0,Transiting Exoplanet Survey Satellite (TESS),3.9652482,1.2,10.7,368.0,3065.0,0.2019,0.1667,25.559,276.3683249,-52.214573
TOI-1105 b,TOI-1105,Transit,2026.0,Transiting Exoplanet Survey Satellite (TESS),10.86818410933,3.05823658,9.58,594.0,4678.46,0.755833,0.74,79.5225,146.0539694,-89.4715133
TOI-1107 b,TOI-1107,Transit,2022.0,Transiting Exoplanet Survey Satellite (TESS),4.0782387,14.57167491,1064.72516345,1728.0,6311.0,1.81,1.35,281.314,155.6078632,-82.2188693
TOI-1117 b,TOI-1117,Transit,2025.0,Transiting Exoplanet Survey Satellite (TESS),2.22816,2.46,8.9,1538.0,5635.0,1.05,0.97,167.598,273.6020606,-66.4199742
TOI-1117 c,TOI-1117,Radial Velocity,2025.0,La Silla Observatory,4.579,2.91,8.78,1210.0,5635.0,1.05,0.97,167.598,273.6020606,-66.4199742
TOI-1117 d,TOI-1117,Radial Velocity,2025.0,La Silla Observatory,8.665,3.27,10.71,978.0,5635.0,1.05,0.97,167.598,273.6020606,-66.4199742
TOI-1130 b,TOI-1130,Transit,2020.0,Transiting Exoplanet Survey Satellite (TESS),4.074554,3.66,19.8,825.0,4360.0,0.697,0.745,58.2609,286.3760037,-41.4376399
TOI-1130 c,TOI-1130,Transit,2020.0,Transiting Exoplanet Survey Satellite (TESS),8.3501898,13.0,336.0,650.0,4360.0,0.697,0.745,58.2609,286.3760037,-41.4376399
TOI-1135 b,TOI-1135,Transit,2024.0,Transiting Exoplanet Survey Satellite (TESS),8.0277327,9.91994792,58.79825529,1171.0,6320.0,1.202,1.119,114.048,193.3963704,85.1294952
TOI-1136 b,TOI-1136,Transit,2022.0,Transiting Exoplanet Survey Satellite (TESS),4.1727,1.9,3.5,1216.0,5770.0,0.968,1.022,84.5362,192.1848981,64.8552755
TOI-1136 c,TOI-1136,Transit,2022.0,Transiting Exoplanet Survey Satellite (TESS),6.2574,2.879,6.32,1062.0,5770.0,0.968,1.022,84.5362,192.1848981,64.8552755
TOI-1136 d,TOI-1136,Transit,2022.0,Transiting Exoplanet Survey Satellite (TESS),12.5199,4.627,8.35,843.0,5770.0,0.968,1.022,84.5362,192.1848981,64.8552755
TOI-1136 e,TOI-1136,Transit,2022.0,Transiting Exoplanet Survey Satellite (TESS),18.801,2.639,6.07,737.0,5770.0,0.968,1.022,84.5362,192.1848981,64.8552755
TOI-1136 f,TOI-1136,Transit,2022.0,Transiting Exoplanet Survey Satellite (TESS),26.321,3.73591482,9.7,658.0,5770.0,0.968,1.022,84.5362,192.1848981,64.8552755
TOI-1136 g,TOI-1136,Transit,2022.0,Transiting Exoplanet Survey Satellite (TESS),39.545,2.53,5.6,574.0,5770.0,0.968,1.022,84.5362,192.1848981,64.8552755
TOI-1173 b,TOI-1173,Transit,2024.0,Transiting Exoplanet Survey Satellite (TESS),7.06466,9.19,27.4,868.0,5350.0,0.934,0.911,132.353,197.6830975,70.7680117
TOI-1174 b,TOI-1174,Transit,2024.0,Transiting Exoplanet Survey Satellite (TESS),8.953487683,2.562,32.0,713.83,5030.0,0.76,0.85,94.6375,209.2171751,68.6182106
TOI-1180 b,TOI-1180,Transit,2024.0,Transiting Exoplanet Survey Satellite (TESS),9.686760378,3.072,10.0,638.18,4738.0,0.73,0.75,72.0238,214.5557741,82.1937642
TOI-1181 b,TOI-1181,Transit,2022.0,Transiting Exoplanet Survey Satellite (TESS),2.103189,17.02644168,374.71969185,1942.12,6054.0,1.961,1.467,302.819,297.2158166,64.3543506
TOI-1184 b,TOI-1184,Transit,2024.0,Transiting Exoplanet Survey Satellite (TESS),5.748433803,2.39,6.8,715.47,4534.0,0.69,0.71,58.5946,272.2045196,60.6787845
TOI-1194 b,TOI-1194,Transit,2023.0,Transiting Exoplanet Survey Satellite (TESS),2.3106446,8.71664516,120.0,1264.29,5394.0,0.9608,0.9835,149.667,167.8214811,69.9647749
TOI-1199 b,TOI-1199,Transit,2024.0,Transiting Exoplanet Survey Satellite (TESS),3.671463,10.5140239,75.96098927,1486.0,5710.0,1.45,1.23,248.427,166.8806581,61.3525723
TOI-1201 b,TOI-1201,Transit,2021.0,Transiting Exoplanet Survey Satellite (TESS),2.4919863,2.415,6.28,703.0,3476.0,0.508,0.512,37.8871,42.2476999,-14.5372835
TOI-1203 b,TOI-1203,Radial Velocity,2025.0,La Silla Observatory,4.1572888,1.52,3.51,1361.2,5737.0,1.179,0.886,64.9943,168.2267358,-34.4069371
TOI-1203 c,TOI-1203,Radial Velocity,2025.0,La Silla Observatory,13.0766,2.2,5.46,,5737.0,1.179,0.886,64.9943,168.2267358,-34.4069371
TOI-1203 e,TOI-1203,Radial Velocity,2025.0,La Silla Observatory,204.59,7.31,42.1,,5737.0,1.179,0.886,64.9943,168.2267358,-34.4069371
TOI-1203.01,TOI-1203,Transit,2021.0,Transiting Exoplanet Survey Satellite (TESS),25.502672,2.918,7.39,743.6,5737.0,1.179,0.886,64.9943,168.2267358,-34.4069371
TOI-122 b,TOI-122,Transit,2020.0,Transiting Exoplanet Survey Satellite (TESS),5.07803,2.72,7.85,471.0,3403.0,0.334,0.312,62.118,332.9482355,-58.946085
TOI-1221 b,TOI-1221,Transit,2023.0,Transiting Exoplanet Survey Satellite (TESS),91.68278,2.91,1112.3994245,440.0,5592.0,1.031,0.93,138.411,107.9210254,-65.5088568
TOI-1224 b,TOI-1224,Transit,2024.0,Transiting Exoplanet Survey Satellite (TESS),4.1782745,2.104,5.08,541.0,3326.0,0.404,0.4,37.3312,37.1978356,-80.8991053
TOI-1224 c,TOI-1224,Transit,2024.0,Transiting Exoplanet Survey Satellite (TESS),17.945466,2.884,8.67,303.12,3326.0,0.404,0.4,37.3312,37.1978356,-80.8991053
TOI-1226 b,TOI-1226,Transit,2026.0,Transiting Exoplanet Survey Satellite (TESS),3.92880881576,2.4101112,6.39,1123.44,5434.91,0.986943,1.01,257.93,103.7548364,-69.8671293
TOI-1227 b,TOI-1227,Transit,2022.0,Transiting Exoplanet Survey Satellite (TESS),27.36397,9.57246952,66.5,243.77,3072.0,0.56,0.17,100.641,186.7673635,-72.4518501
TOI-1230.01,TOI-1230,Transit,2021.0,Transiting Exoplanet Survey Satellite (TESS),25.05713123288,3.23968384,10.6,688.61,5696.0,1.15281,1.14,143.138,118.1295936,-83.8250629
TOI-1231 b,TOI-1231,Transit,2021.0,Transiting Exoplanet Survey Satellite (TESS),24.245586,3.65,15.4,329.6,3553.0,0.476,0.485,27.6227,156.74726,-52.4678724
TOI-1232 b,TOI-1232,Transit,2026.0,Transiting Exoplanet Survey Satellite (TESS),14.256,10.92875618,220.57291446,785.71,5823.0,1.072,1.058,328.604,116.501399,-61.8797935
TOI-1232 c,TOI-1232,Transit Timing Variations,2026.0,Transiting Exoplanet Survey Satellite (TESS),30.356,8.88,58.48042689,,5823.0,1.072,1.058,328.604,116.501399,-61.8797935
TOI-1233.01,HD 108236,Transit,2021.0,Transiting Exoplanet Survey Satellite (TESS),14.175685,2.539,6.98,708.0,5660.0,0.877,0.869,64.5978,186.5740627,-51.3630519
TOI-1235 b,TOI-1235,Transit,2020.0,Transiting Exoplanet Survey Satellite (TESS),3.444714,1.69,6.69,775.0,3997.0,0.619,0.63,39.6345,152.2182549,69.2766204
TOI-1238 b,TOI-1238,Transit,2022.0,Transiting Exoplanet Survey Satellite (TESS),0.764597,1.21,3.76,1133.0,4089.0,0.58,0.59,70.7145,201.3823387,68.8360678
TOI-1238 c,TOI-1238,Transit,2022.0,Transiting Exoplanet Survey Satellite (TESS),3.294736,2.11,8.32,695.0,4089.0,0.58,0.59,70.7145,201.3823387,68.8360678
TOI-1243 b,TOI-1243,Transit,2026.0,Transiting Exoplanet Survey Satellite (TESS),4.6594779,2.33,7.7,450.0,3515.0,0.511,0.515,43.1865,135.7326412,71.6364158
TOI-1244 b,TOI-1244,Transit,2024.0,Transiting Exoplanet Survey Satellite (TESS),6.400316483,2.467,6.6,714.86,4599.0,0.721,0.73,102.551,256.279559,69.519093
TOI-1246 b,TOI-1246,Transit,2022.0,Transiting Exoplanet Survey Satellite (TESS),4.30744,3.01,8.1,955.0,5151.0,0.86,0.87,169.422,251.1158702,70.4299917
TOI-1246 c,TOI-1246,Transit,2022.0,Transiting Exoplanet Survey Satellite (TESS),5.904137,2.45109846,9.1,862.49,5213.0,0.8649,0.8889,169.422,251.1158702,70.4299917
TOI-1246 d,TOI-1246,Transit,2022.0,Transiting Exoplanet Survey Satellite (TESS),18.654874,3.43139739,5.4,587.77,5213.0,0.8649,0.8889,169.422,251.1158702,70.4299917
TOI-1246 e,TOI-1246,Transit,2022.0,Transiting Exoplanet Survey Satellite (TESS),37.92548,3.5141875,14.5,463.98,5213.0,0.8649,0.8889,169.422,251.1158702,70.4299917
TOI-1248 b,TOI-1248,Transit,2024.0,Transiting Exoplanet Survey Satellite (TESS),4.3601561,6.8084859,27.4,952.09,5205.0,0.8686,0.9042,168.735,259.0235918,63.1056072
TOI-1249 b,TOI-1249,Transit,2024.0,Transiting Exoplanet Survey Satellite (TESS),13.079151,3.2710301,11.9,726.89,5497.0,0.9785,1.0062,139.49,200.5615762,66.3085331
TOI-125 b,TOI-125,Transit,2019.0,Transiting Exoplanet Survey Satellite (TESS),4.65382,2.726,9.5,1037.0,5320.0,0.848,0.859,111.059,23.5934253,-66.6763495
TOI-125 c,TOI-125,Transit,2019.0,Transiting Exoplanet Survey Satellite (TESS),9.15059,2.759,6.63,827.8,5320.0,0.848,0.859,111.059,23.5934253,-66.6763495
TOI-125 d,TOI-125,Transit,2020.0,Transiting Exoplanet Survey Satellite (TESS),19.98,2.93,13.6,638.1,5320.0,0.848,0.859,111.059,23.5934253,-66.6763495
TOI-1259 A b,TOI-1259 A,Transit,2021.0,Transiting Exoplanet Survey Satellite (TESS),3.477978,11.45557828,140.16232749,963.0,4775.0,0.711,0.744,118.106,282.1001665,79.2564761
TOI-1260 b,TOI-1260,Transit,2021.0,Transiting Exoplanet Survey Satellite (TESS),3.127463,2.41,8.56,871.0,4227.0,0.672,0.679,73.5977,157.1440712,65.8541986
TOI-1260 c,TOI-1260,Transit,2021.0,Transiting Exoplanet Survey Satellite (TESS),7.493134,2.76,13.2,651.0,4227.0,0.672,0.679,73.5977,157.1440712,65.8541986
TOI-1260 d,TOI-1260,Transit,2022.0,Transiting Exoplanet Survey Satellite (TESS),16.608164,3.12,11.84,499.0,4227.0,0.672,0.679,73.5977,157.1440712,65.8541986
TOI-1266 b,TOI-1266,Transit,2020.0,Transiting Exoplanet Survey Satellite (TESS),10.8945,2.52,4.46,415.0,3563.0,0.4232,0.437,36.0118,197.9965833,65.8336973
TOI-1266 c,TOI-1266,Transit,2020.0,Transiting Exoplanet Survey Satellite (TESS),18.8027,1.98,3.17,346.0,3563.0,0.4232,0.437,36.0118,197.9965833,65.8336973
TOI-1266 d,TOI-1266,Transit Timing Variations,2025.0,Transiting Exoplanet Survey Satellite (TESS),32.509,1.74,3.68,288.0,3563.0,0.4232,0.437,36.0118,197.9965833,65.8336973
TOI-1268 b,TOI-1268,Transit,2022.0,Transiting Exoplanet Survey Satellite (TESS),8.1577094,9.1,96.4,918.9,5300.0,0.92,0.96,109.557,198.3885831,62.3053799
TOI-1269 b,TOI-1269,Transit,2024.0,Transiting Exoplanet Survey Satellite (TESS),4.2529913,2.40144286,6.4,1004.9,5499.0,0.8521,0.9027,172.138,249.6966397,64.559181
TOI-1269 c,TOI-1269,Transit,2026.0,Transiting Exoplanet Survey Satellite (TESS),9.23786144195,2.22999162,5.6,757.0,5554.02,0.848906,0.9027,172.138,249.6966397,64.559181
TOI-1272 b,TOI-1272,Transit,2022.0,Transiting Exoplanet Survey Satellite (TESS),3.31599,4.13204907,27.0,975.0,5065.0,0.7934,0.8772,137.572,199.1962036,49.8610591
TOI-1272 c,TOI-1272,Radial Velocity,2022.0,W. M. Keck Observatory,8.6811,4.95,21.7,697.0,5065.0,0.7934,0.8772,137.572,199.1962036,49.8610591
TOI-1273 b,TOI-1273,Transit,2024.0,Transiting Exoplanet Survey Satellite (TESS),4.631296,11.09689089,70.55790635,1211.0,5690.0,1.06,1.06,177.118,214.1208564,58.3902534
TOI-1278 b,TOI-1278,Transit,2021.0,Transiting Exoplanet Survey Satellite (TESS),14.47567,12.21778896,5879.8255295,407.87,3799.0,0.573,0.54,75.5759,320.4784442,35.648625
TOI-1279 b,TOI-1279,Transit,2024.0,Transiting Exoplanet Survey Satellite (TESS),9.61419,2.66146528,10.6,759.0,5457.0,0.8426,0.8784,107.055,185.0628734,56.2014094
TOI-128.01,TOI-128,Transit,2024.0,Transiting Exoplanet Survey Satellite (TESS),4.9404681,2.21898,5.56,1344.51,6086.0,1.13,0.851969,68.4727,79.5209381,-80.964384
TOI-1288 b,TOI-1288,Transit,2022.0,Transiting Exoplanet Survey Satellite (TESS),2.6998279,4.96846551,44.1,1203.44,5388.0,0.9583,0.9552,114.865,313.1670294,65.6087833
TOI-1288 c,TOI-1288,Radial Velocity,2022.0,Multiple Observatories,416.0,11.1,85.7,,5388.0,0.9583,0.9552,114.865,313.1670294,65.6087833
TOI-1291 b,TOI-1291,Transit,2026.0,Transiting Exoplanet Survey Satellite (TESS),7.1620097551,5.63826391,27.1,1649.0,6139.95,1.8109,1.2,428.123,245.8180089,62.9251213
TOI-1294 b,TOI-1294,Transit,2024.0,Transiting Exoplanet Survey Satellite (TESS),3.915292,10.12369881,63.9,1392.74,5718.0,1.5566,1.1578,332.648,223.0926408,70.4765573
TOI-1294 c,TOI-1294,Radial Velocity,2024.0,W. M. Keck Observatory,159.9,14.3,147.0,,5718.0,1.5566,1.1578,332.648,223.0926408,70.4765573
TOI-1295 b,TOI-1295,Transit,2024.0,Transiting Exoplanet Survey Satellite (TESS),3.1968838,15.69257298,451.31633794,2360.0,6280.0,1.7,1.38,388.227,256.6722026,67.8715032
TOI-1296 b,TOI-1296,Transit,2021.0,Transiting Exoplanet Survey Satellite (TESS),3.9443736,14.11645916,95.3,1414.84,5567.0,1.7031,1.1576,323.265,256.7706392,70.2384806
TOI-1298 b,TOI-1298,Transit,2021.0,Transiting Exoplanet Survey Satellite (TESS),4.537143,9.65807033,99.0,1278.0,5752.0,1.4536,1.2187,319.036,241.3229012,70.1900397
TOI-1301.01,TOI-1301,Transit,2024.0,Transiting Exoplanet Survey Satellite (TESS),6.096407209,2.477,6.7,737.36,4820.0,0.732,0.77,90.8693,275.8625432,71.5817479
TOI-132 b,TOI-132,Transit,2020.0,Transiting Exoplanet Survey Satellite (TESS),2.1097019,3.42,22.4,1395.0,5397.0,0.9,0.97,163.678,338.3996623,-43.436872
TOI-1333 b,TOI-1333,Transit,2021.0,Transiting Exoplanet Survey Satellite (TESS),4.720219,15.647764,753.2571,1679.0,6274.0,1.925,1.464,200.492,325.0145363,48.4067674
TOI-1338 b,TOI-1338 A,Transit,2020.0,Transiting Exoplanet Survey Satellite (TESS),95.4001,7.661,11.3,254.65,5723.2,1.313,1.0936,399.017,92.1330955,-59.5409853
TOI-1338 c,TOI-1338 A,Radial Velocity,2023.0,Multiple Observatories,215.79,10.3,75.4,,5723.2,1.313,1.0936,399.017,92.1330955,-59.5409853
TOI-1346 b,TOI-1346,Transit,2025.0,Transiting Exoplanet Survey Satellite (TESS),1.7622538,2.39,6.3,1324.0,5099.0,0.78,0.82,115.45,256.6226752,68.8433031
TOI-1346 c,TOI-1346,Transit,2025.0,Transiting Exoplanet Survey Satellite (TESS),5.502558,2.23,5.6,928.0,5099.0,0.78,0.82,115.45,256.6226752,68.8433031
TOI-1347 b,TOI-1347,Transit,2024.0,Transiting Exoplanet Survey Satellite (TESS),0.84742346,1.8,11.1,1400.0,5464.0,0.83,0.913,147.476,280.3266806,70.2900536
TOI-1347 c,TOI-1347,Transit,2024.0,Transiting Exoplanet Survey Satellite (TESS),4.841962,1.6,6.4,1000.0,5464.0,0.83,0.913,147.476,280.3266806,70.2900536
TOI-1386 b,TOI-1386,Transit,2024.0,Transiting Exoplanet Survey Satellite (TESS),25.8401,6.2163865,45.8,615.03,5735.0,1.0235,1.0363,146.858,334.5041029,54.3190454
TOI-1386 c,TOI-1386,Radial Velocity,2024.0,W. M. Keck Observatory,232.0,10.3,75.2,327.4,5735.0,1.0235,1.0363,146.858,334.5041029,54.3190454
TOI-139 b,TOI-139,Transit,2023.0,Transiting Exoplanet Survey Satellite (TESS),11.07085,2.4566,6.6,561.17,4570.0,0.7007,0.69,42.4061,336.4024144,-34.9097131
TOI-1408 b,TOI-1408,Transit,2023.0,Transiting Exoplanet Survey Satellite (TESS),4.42587,25.0,593.0,1293.0,6117.0,1.53,1.312,139.484,313.5110469,72.5806455
TOI-1408 c,TOI-1408,Transit Timing Variations,2024.0,Transiting Exoplanet Survey Satellite (TESS),2.1664,2.22,7.6,1864.0,6117.0,1.53,1.312,139.484,313.5110469,72.5806455
TOI-1410 c,TOI-1410,Radial Velocity,2024.0,W. M. Keck Observatory,47.56,5.63,27.0,,4635.0,0.7558,0.7941,72.7512,334.8828486,42.5603141
TOI-1410.01,TOI-1410,Transit,2024.0,Transiting Exoplanet Survey Satellite (TESS),1.21687,3.10083009,12.5,1236.7,4635.0,0.7558,0.7941,72.7512,334.8828486,42.5603141
TOI-1411 b,TOI-1411,Transit,2022.0,Transiting Exoplanet Survey Satellite (TESS),1.4520527,1.19880592,2.0,976.4,4115.0,0.614,0.6045,32.4778,232.946047,47.0555507
TOI-1416 b,TOI-1416,Transit,2023.0,Transiting Exoplanet Survey Satellite (TESS),1.0697568,1.62,3.48,1517.0,4884.0,0.793,0.798,55.0135,216.9234892,41.9529862
TOI-1420 b,TOI-1420,Transit,2023.0,Transiting Exoplanet Survey Satellite (TESS),6.9561063,11.89,25.1,957.0,5510.0,0.923,0.987,201.918,322.9418092,66.3490054
TOI-1422 b,TOI-1422,Transit,2022.0,Transiting Exoplanet Survey Satellite (TESS),12.99894,3.83,9.5,870.0,5840.0,1.019,0.9903,155.141,354.240829,39.6392793
TOI-1422 c,TOI-1422,Radial Velocity,2025.0,Roque de los Muchachos Observatory,34.5633,2.61,14.0,628.0,5840.0,1.019,0.9903,155.141,354.240829,39.6392793
TOI-1431 b,TOI-1431,Transit,2021.0,Transiting Exoplanet Survey Satellite (TESS),2.650237,16.70138124,991.62462984,2370.0,7690.0,1.92,1.9,148.925,316.2036922,55.5880221
TOI-1437 b,TOI-1437,Transit,2024.0,Transiting Exoplanet Survey Satellite (TESS),18.840942,2.24,9.6,794.23,6008.0,1.17,1.1,103.297,256.1387513,56.842549
TOI-1438 b,TOI-1438,Transit,2025.0,Transiting Exoplanet Survey Satellite (TESS),5.13967,3.04,9.4,971.0,5230.0,0.82,0.876,110.513,280.9237844,74.9378327
TOI-1438 c,TOI-1438,Transit,2025.0,Transiting Exoplanet Survey Satellite (TESS),9.428089,2.75,10.6,794.0,5230.0,0.82,0.876,110.513,280.9237844,74.9378327
TOI-1439 b,TOI-1439,Transit,2024.0,Transiting Exoplanet Survey Satellite (TESS),27.644,4.2427861,38.5,748.4,5841.0,1.6184,1.2313,230.306,241.7639371,67.8776404
TOI-1442 b,TOI-1442,Transit,2022.0,Transiting Exoplanet Survey Satellite (TESS),0.4090677,1.17,1.71,1072.0,3330.0,0.31,0.29,41.1659,287.2921006,74.1742762
TOI-1443 b,TOI-1443,Transit,2024.0,Transiting Exoplanet Survey Satellite (TESS),23.540678,2.30381001,30.0,520.66,5224.0,0.7511,0.7663,85.8034,297.398678,76.1391776
TOI-1444 b,TOI-1444,Transit,2021.0,Transiting Exoplanet Survey Satellite (TESS),0.4702743,1.41792246,3.58,2130.02,5460.0,0.9105,0.9513,125.463,305.4749252,70.9437054
TOI-1448 b,TOI-1448,Transit,2024.0,Transiting Exoplanet Survey Satellite (TESS),8.112245,2.749,19.5,426.0,3412.0,0.38,0.372,73.3345,316.324003,57.7710946
TOI-1450 A b,TOI-1450 A,Transit,2024.0,Transiting Exoplanet Survey Satellite (TESS),2.0439274,1.13,1.258,722.0,3437.0,0.483,0.48,22.4467,286.8540627,59.0866254
TOI-1450 A c,TOI-1450 A,Transit,2024.0,Gemini Observatory,5.0688,1.13,1.527,533.0,3437.0,0.483,0.48,22.4467,286.8540627,59.0866254
TOI-1451 b,TOI-1451,Transit,2024.0,Transiting Exoplanet Survey Satellite (TESS),16.537944,2.61143902,15.2,723.33,5801.0,1.0162,1.0022,91.9362,186.5242821,61.2589289
TOI-1452 b,TOI-1452,Transit,2022.0,Transiting Exoplanet Survey Satellite (TESS),11.06201,1.672,4.82,326.0,3185.0,0.275,0.249,30.5212,290.1739741,73.1951082
TOI-1453 b,TOI-1453,Transit,2025.0,Transiting Exoplanet Survey Satellite (TESS),4.3135225,1.173,2.32,944.2,4975.0,0.72,0.715,78.7415,258.2232705,57.1977779
TOI-1453 c,TOI-1453,Transit,2025.0,Transiting Exoplanet Survey Satellite (TESS),6.5886982,2.224,2.95,819.8,4975.0,0.72,0.715,78.7415,258.2232705,57.1977779
TOI-1466 b,TOI-1466,Transit,2026.0,Transiting Exoplanet Survey Satellite (TESS),1.87190602231,2.46741991,6.65,1001.0,4435.39,0.749646,0.66,86.5783,307.3965319,61.5507253
TOI-1467 b,TOI-1467,Transit,2024.0,Transiting Exoplanet Survey Satellite (TESS),5.97114713,1.92,9.0,506.07,3834.0,0.491,0.489,37.4418,19.1146441,49.2331382
TOI-1468 b,TOI-1468,Transit,2022.0,Transiting Exoplanet Survey Satellite (TESS),1.8805201,1.401,3.04,683.5,3376.0,0.3714,0.3527,24.7399,16.6538724,19.2249195
TOI-1468 c,TOI-1468,Transit,2022.0,Transiting Exoplanet Survey Satellite (TESS),15.532477,2.126,4.1,338.1,3376.0,0.3714,0.3527,24.7399,16.6538724,19.2249195
TOI-1470 b,TOI-1470,Transit,2023.0,Transiting Exoplanet Survey Satellite (TESS),2.527093,2.18,7.32,734.0,3709.0,0.469,0.471,51.9503,10.0891431,61.2133868
TOI-1470 c,TOI-1470,Transit,2023.0,Transiting Exoplanet Survey Satellite (TESS),18.08816,2.47,7.24,373.0,3709.0,0.469,0.471,51.9503,10.0891431,61.2133868
TOI-1472 b,TOI-1472,Transit,2024.0,Transiting Exoplanet Survey Satellite (TESS),6.36338574,4.058,18.05,891.0,5100.0,0.84,0.87,121.84,14.1142611,48.6375168
TOI-1472 c,TOI-1472,Radial Velocity,2025.0,Multiple Observatories,15.5381747,3.334,21.13,662.0,5100.0,0.84,0.87,121.84,14.1142611,48.6375168
TOI-1478 b,TOI-1478,Transit,2021.0,Transiting Exoplanet Survey Satellite (TESS),10.1802117,11.99360935,279.68899816,918.0,5597.0,1.048,0.947,152.892,126.4337428,-13.5595485
TOI-150.01,TOI-150,Transit,2019.0,Transiting Exoplanet Survey Satellite (TESS),5.857487,14.067295,797.7533,1404.5,6255.0,1.526,1.351,336.267,112.965421,-73.6060358
TOI-1516 b,TOI-1516,Transit,2022.0,Transiting Exoplanet Survey Satellite (TESS),2.056014,15.24421375,1004.33776612,1839.0,6520.0,1.14,1.14,247.054,340.0846204,69.5037313
TOI-1518 b,TOI-1518,Transit,2021.0,Multiple Observatories,1.90261131,21.05046575,581.62598481,2546.0,7299.0,1.942,1.88,225.888,352.2675207,67.0348062
TOI-157 b,TOI-157,Transit,2020.0,Transiting Exoplanet Survey Satellite (TESS),2.0845435,14.414774,375.0394,1588.0,5404.0,1.167,0.948,355.683,73.7014398,-76.6806061
TOI-159 b,TOI-159,Transit,2026.0,Transiting Exoplanet Survey Satellite (TESS),3.7628396,18.18,1110.0,1891.0,7287.0,1.62,1.661,347.593,51.7822676,-78.5498308
TOI-1601 b,TOI-1601,Transit,2021.0,Transiting Exoplanet Survey Satellite (TESS),5.33175,14.19902343,387.0,1493.97,5982.0,2.195,1.5055,336.608,38.361569,41.0134321
TOI-163 b,TOI-163,Transit,2019.0,Transiting Exoplanet Survey Satellite (TESS),4.231306,16.690201,387.7526,1669.0,6495.0,1.648,1.4352,411.719,79.7682532,-71.8955269
TOI-1630.01,TOI-1630,Transit,2024.0,Transiting Exoplanet Survey Satellite (TESS),12.055734733,2.417,6.42,584.0,5504.0,0.83,0.95,66.0929,352.0166759,75.5526069
TOI-1634 b,TOI-1634,Transit,2021.0,Transiting Exoplanet Survey Satellite (TESS),0.98934551,1.759,4.9,900.0,3550.0,0.45,0.502,35.2736,56.3906096,37.1122803
TOI-1634 c,TOI-1634,Radial Velocity,2022.0,Multiple Observatories,103.0,,,,3472.0,0.45,0.451,35.2736,56.3906096,37.1122803
TOI-1648 b,TOI-1648,Transit,2025.0,Transiting Exoplanet Survey Satellite (TESS),7.331602,2.54,7.4,799.0,4850.0,0.81,0.83,69.835,45.4011794,69.2299235
TOI-1659.01,TOI-1659,Transit,2024.0,Transiting Exoplanet Survey Satellite (TESS),5.877556328,2.255,5.71,1031.14,5977.0,1.006,1.1,122.494,277.9251938,82.3059487
TOI-1669 b,TOI-1669,Radial Velocity,2023.0,W. M. Keck Observatory,500.0,14.1,191.0,,5497.0,1.0561,0.9867,111.276,45.9564744,83.5874273
TOI-1669 c,TOI-1669,Transit,2024.0,Transiting Exoplanet Survey Satellite (TESS),2.6800535,2.2963977,13.0,1285.16,5497.0,1.0561,0.9867,111.276,45.9564744,83.5874273
TOI-1670 b,TOI-1670,Transit,2022.0,Transiting Exoplanet Survey Satellite (TESS),10.98462,2.06,41.31769291,1062.0,6170.0,1.316,1.21,168.067,259.0172522,72.1611806
TOI-1670 c,TOI-1670,Transit,2022.0,Transiting Exoplanet Survey Satellite (TESS),40.74976,11.06326395,200.23189641,684.0,6170.0,1.316,1.21,168.067,259.0172522,72.1611806
TOI-1680 b,TOI-1680,Transit,2023.0,Transiting Exoplanet Survey Satellite (TESS),4.8026345,1.466,2.75,404.0,3225.0,0.2106,0.1798,37.2209,292.313979,65.9738018
TOI-1683.01,TOI-1683,Transit,2024.0,Transiting Exoplanet Survey Satellite (TESS),3.0575356,2.6382,7.45,929.25,4402.0,0.7,0.694661,51.1884,65.9796504,27.8223701
TOI-1685 b,TOI-1685,Transit,2021.0,Transiting Exoplanet Survey Satellite (TESS),0.66913923,1.421,3.07,1000.0,3470.0,0.462,0.466,37.6153,68.5939529,43.0370395
TOI-169 b,TOI-169,Transit,2020.0,Transiting Exoplanet Survey Satellite (TESS),2.2554477,12.172974,251.40353,1715.0,5880.0,1.288,1.147,407.84,16.7786879,-75.1989452
TOI-1691 b,TOI-1691,Transit,2024.0,Transiting Exoplanet Survey Satellite (TESS),16.736888935,3.66,14.6,703.49,5759.0,1.0,1.03,111.445,272.4041179,86.860343
TOI-1693 b,TOI-1693,Transit,2022.0,Transiting Exoplanet Survey Satellite (TESS),1.7666957,1.41,2.57,764.0,3499.0,0.46,0.49,30.7947,90.3083455,34.7730904
TOI-1694 b,TOI-1694,Transit,2023.0,Transiting Exoplanet Survey Satellite (TESS),3.770107,5.3422266,31.3,943.19,5058.0,0.8036,0.853,124.68,97.7487104,66.3605956
TOI-1694 c,TOI-1694,Radial Velocity,2023.0,W. M. Keck Observatory,393.1,13.8,297.0,,5058.0,0.8036,0.853,124.68,97.7487104,66.3605956
TOI-1695 b,TOI-1695,Transit,2022.0,Transiting Exoplanet Survey Satellite (TESS),3.1342791,1.9,6.36,698.0,3690.0,0.515,0.513,45.1309,21.9217346,72.2966148
TOI-1696 b,TOI-1696,Transit,2022.0,Transiting Exoplanet Survey Satellite (TESS),2.500311,3.09,48.8,489.0,3185.0,0.2775,0.255,64.9172,65.280648,48.8198312
TOI-1710 b,TOI-1710,Transit,2022.0,Transiting Exoplanet Survey Satellite (TESS),24.283377,5.20315158,22.4,602.99,5684.0,0.9574,1.0258,81.2271,94.2838373,76.21102
TOI-1716.01,TOI-1716,Transit,2024.0,Transiting Exoplanet Survey Satellite (TESS),8.082376554,3.143,10.0,959.0,5879.0,1.24,1.07,104.158,105.0833291,56.8241941
TOI-1718 b,TOI-1718,Transit,2026.0,Transiting Exoplanet Survey Satellite (TESS),5.58703768615,4.10824994,15.8,948.0,5304.91,0.939285,0.93,52.3044,112.0180254,30.3217322
TOI-172 b,TOI-172,Transit,2019.0,Transiting Exoplanet Survey Satellite (TESS),9.47725,10.816685,1722.6386,1198.0,5645.0,1.777,1.128,342.831,316.6318791,-26.6928654
TOI-1722 b,TOI-1722,Transit,2026.0,Transiting Exoplanet Survey Satellite (TESS),9.60523206943,4.38298108,17.6,952.0,5999.55,1.09414,1.162,136.419,114.3452126,61.1539249
TOI-1723 b,TOI-1723,Transit,2024.0,Transiting Exoplanet Survey Satellite (TESS),13.727012643,3.435,10.4,782.98,5777.0,1.09,1.04,100.727,116.7971978,68.4766845
TOI-1728 b,TOI-1728,Transit,2020.0,Transiting Exoplanet Survey Satellite (TESS),3.49151,5.05,26.78,767.0,3980.0,0.6243,0.646,60.798,120.6116787,64.7971531
TOI-1732 b,TOI-1732,Transit,2026.0,Transiting Exoplanet Survey Satellite (TESS),4.11923678339,2.49549787,6.78,657.79,4201.93,0.632571,0.613891,74.7599,111.8014509,53.0452684
TOI-1736 b,TOI-1736,Transit,2023.0,Transiting Exoplanet Survey Satellite (TESS),7.073076,3.18175535,12.3,1099.79,5636.0,1.4286,1.0373,88.9482,43.4344615,69.101345
TOI-1736 c,TOI-1736,Radial Velocity,2023.0,Haute-Provence Observatory,571.25,12.5,2800.0,249.0,5636.0,1.4286,1.0373,88.9482,43.4344615,69.101345
TOI-1739 b,TOI-1739,Transit,2024.0,Transiting Exoplanet Survey Satellite (TESS),8.303341406,1.946,4.45,755.55,4814.0,0.781,0.78,70.9819,240.172481,83.2586589
TOI-1742 b,TOI-1742,Transit,2024.0,Transiting Exoplanet Survey Satellite (TESS),21.269084,2.36507598,9.7,694.09,5815.0,1.131,1.0861,72.8871,257.3288678,71.8766724
TOI-1743 b,TOI-1743,Transit,2025.0,Transiting Exoplanet Survey Satellite (TESS),4.266046,1.83,4.01,485.0,3277.0,0.338,0.339,41.2758,257.7473322,71.8722039
TOI-1744.01,TOI-1744,Transit,2024.0,Transiting Exoplanet Survey Satellite (TESS),22.341702927,2.68,7.65,598.0,6179.0,1.14,1.18,114.39,294.2910707,60.881302
TOI-1749 b,TOI-1749,Transit,2021.0,Transiting Exoplanet Survey Satellite (TESS),2.38839,1.39,57.0,831.0,3985.0,0.55,0.58,99.5561,282.7372281,64.419466
TOI-1749 c,TOI-1749,Transit,2021.0,Transiting Exoplanet Survey Satellite (TESS),4.4929,2.12,14.0,673.0,3985.0,0.55,0.58,99.5561,282.7372281,64.419466
TOI-1749 d,TOI-1749,Transit,2021.0,Transiting Exoplanet Survey Satellite (TESS),9.0497,2.52,15.0,533.0,3985.0,0.55,0.58,99.5561,282.7372281,64.419466
TOI-1750 b,TOI-1750,Transit,2026.0,Transiting Exoplanet Survey Satellite (TESS),11.33727129656,2.78943837,8.19,612.92,4683.75,0.768675,0.767,162.46,240.3019781,68.9373001
TOI-1751 b,TOI-1751,Transit,2024.0,Transiting Exoplanet Survey Satellite (TESS),37.46852,2.9507845,19.5,651.64,5970.0,1.3137,0.9382,113.335,243.4888534,63.5335297
TOI-1752 b,TOI-1752,Transit,2026.0,Transiting Exoplanet Survey Satellite (TESS),0.9351861,1.693,3.51,1036.0,3762.0,0.53,0.524,103.021,253.4614861,60.7096197
TOI-1752 c,TOI-1752,Transit,2026.0,Transiting Exoplanet Survey Satellite (TESS),32.71443,2.29,5.86,291.0,3762.0,0.53,0.524,103.021,253.4614861,60.7096197
TOI-1753 b,TOI-1753,Transit,2024.0,Transiting Exoplanet Survey Satellite (TESS),5.3846104,2.47852533,16.6,1005.43,5621.0,0.9715,0.9483,226.671,252.4698351,61.1735768
TOI-1756 b,TOI-1756,Transit,2026.0,Transiting Exoplanet Survey Satellite (TESS),2.78301736297,1.94225664,4.43,696.39,3891.86,0.562607,0.556454,86.7159,306.3287741,77.6364119
TOI-1758 b,TOI-1758,Transit,2024.0,Transiting Exoplanet Survey Satellite (TESS),20.705074685,3.62,6.9,551.44,5169.0,0.81,0.88,96.6215,354.741581,75.6852317
TOI-1759 b,TOI-1759,Transit,2022.0,Transiting Exoplanet Survey Satellite (TESS),18.85019,3.14,10.8,443.0,4065.0,0.597,0.606,40.0654,326.8516615,62.7538164
TOI-1768.01,TOI-1768,Transit,2024.0,Transiting Exoplanet Survey Satellite (TESS),7.337703649,3.453,11.8,1566.0,5994.0,1.1,1.1,157.597,152.1027826,55.5399599
TOI-1772.01,TOI-1772,Transit,2024.0,Transiting Exoplanet Survey Satellite (TESS),8.054246874,2.905,8.78,877.67,5583.0,0.995,0.99,97.7562,156.837704,34.3909497
TOI-1774.01,TOI-1774,Transit,2021.0,Transiting Exoplanet Survey Satellite (TESS),16.70988,2.78,8.5,824.0,5746.0,1.1303,0.991,53.974,148.1619305,35.111008
TOI-1775 b,TOI-1775,Transit,2024.0,Transiting Exoplanet Survey Satellite (TESS),10.2405549,8.04728896,96.0,707.89,5284.0,0.8288,0.9218,149.234,150.1151015,39.4577506
TOI-1776 b,TOI-1776,Transit,2024.0,Transiting Exoplanet Survey Satellite (TESS),2.799868,1.21612741,1.4,1269.21,5785.0,0.9356,0.9196,44.647,164.7772913,40.9837182
TOI-1777.01,TOI-1777,Transit,2024.0,Transiting Exoplanet Survey Satellite (TESS),14.650111974,2.246,5.67,580.0,5859.0,0.98,1.06,79.7665,151.807032,46.1148814
TOI-178 b,TOI-178,Transit,2021.0,Transiting Exoplanet Survey Satellite (TESS),1.9145601,1.2,0.96,1040.0,4316.0,0.662,0.647,62.699,7.3020115,-30.4541159
TOI-178 c,TOI-178,Transit,2021.0,Transiting Exoplanet Survey Satellite (TESS),3.238486,1.754,4.64,873.0,4316.0,0.662,0.647,62.699,7.3020115,-30.4541159
TOI-178 d,TOI-178,Transit,2021.0,Transiting Exoplanet Survey Satellite (TESS),6.557569,2.695,5.2,690.0,4316.0,0.662,0.647,62.699,7.3020115,-30.4541159
TOI-178 e,TOI-178,Transit,2021.0,Transiting Exoplanet Survey Satellite (TESS),9.96318,2.301,3.48,600.0,4316.0,0.662,0.647,62.699,7.3020115,-30.4541159
TOI-178 f,TOI-178,Transit,2021.0,Multiple Observatories,15.23335,2.417,5.63,521.0,4316.0,0.662,0.647,62.699,7.3020115,-30.4541159
TOI-178 g,TOI-178,Transit,2021.0,Transiting Exoplanet Survey Satellite (TESS),20.71663,2.939,4.4,470.0,4316.0,0.662,0.647,62.699,7.3020115,-30.4541159
TOI-1782.01,TOI-1782,Transit,2024.0,Transiting Exoplanet Survey Satellite (TESS),4.987641028,2.368,6.2,697.84,4336.0,0.669,0.68,95.2649,213.0787718,74.4117909
TOI-1782.02,TOI-1782,Transit,2024.0,Transiting Exoplanet Survey Satellite (TESS),1.829024227,1.839,4.04,974.95,4336.0,0.669,0.68,95.2649,213.0787718,74.4117909
TOI-1789 b,TOI-1789,Transit,2021.0,Transiting Exoplanet Survey Satellite (TESS),3.208664,16.14093221,222.4798849,1927.0,5991.0,2.168,1.507,229.067,142.743406,26.5399951
TOI-1794 b,TOI-1794,Transit,2024.0,Transiting Exoplanet Survey Satellite (TESS),8.765528,3.29701268,8.7,992.91,5631.0,1.3162,0.9698,155.791,203.3974857,49.0608433
TOI-1798.01,TOI-1798,Transit,2024.0,Transiting Exoplanet Survey Satellite (TESS),8.021522331,2.448,6.5,734.31,5165.0,0.78,0.87,113.181,211.0939367,46.5192825
TOI-1798.02,TOI-1798,Transit,2024.0,Transiting Exoplanet Survey Satellite (TESS),0.437811822,1.464,5.6,1935.83,5165.0,0.78,0.87,113.181,211.0939367,46.5192825
TOI-1799 b,TOI-1799,Transit,2024.0,Transiting Exoplanet Survey Satellite (TESS),7.094570865,1.642,4.0,922.72,5690.0,0.957,1.01,62.1274,167.2329152,34.3030149
TOI-1801 b,TOI-1801,Transit,2023.0,Transiting Exoplanet Survey Satellite (TESS),10.64387,2.079,5.738,493.7,3863.0,0.547,0.556,30.6796,175.5755995,23.0270335
TOI-1803 b,TOI-1803,Transit,2025.0,Transiting Exoplanet Survey Satellite (TESS),6.293287,2.99,10.32,747.0,4687.0,0.715,0.756,119.24,178.0461054,35.1718001
TOI-1803 c,TOI-1803,Transit,2025.0,Transiting Exoplanet Survey Satellite (TESS),12.885779,4.29,8.0,588.0,4687.0,0.715,0.756,119.24,178.0461054,35.1718001
TOI-1806.01,TOI-1806,Transit,2024.0,Transiting Exoplanet Survey Satellite (TESS),15.1454693,3.4095367,11.5,337.47,3272.0,0.401575,0.392935,55.5211,166.1181474,30.4585763
TOI-1807 b,TOI-1807,Transit,2021.0,Transiting Exoplanet Survey Satellite (TESS),0.54937097,1.49681583,2.44,1694.1,4914.0,0.746,0.8048,42.5775,201.2826259,38.9223671
TOI-181 b,TOI-181,Transit,2023.0,Transiting Exoplanet Survey Satellite (TESS),4.532,6.9559,46.1687,895.1,4994.0,0.745,0.822,96.2338,352.1725409,-34.4914099
TOI-1811 b,TOI-1811,Transit,2023.0,Transiting Exoplanet Survey Satellite (TESS),3.7130765,11.14172682,308.9292116,962.2,4766.0,0.769,0.817,128.23,188.9223576,27.2143766
TOI-1814 b,TOI-1814,Transit,2026.0,Transiting Exoplanet Survey Satellite (TESS),6.36861010462,5.18536642,23.5,977.83,4872.84,2.3895,,362.522,236.8168817,77.2326429
TOI-1820 b,TOI-1820,Transit,2022.0,Transiting Exoplanet Survey Satellite (TESS),4.860674,12.778238,731.0053361,1375.0,5734.0,1.51,1.04,248.504,187.6867207,27.4520016
TOI-1823 b,TOI-1823,Transit,2024.0,Transiting Exoplanet Survey Satellite (TESS),38.8,7.5406241,67.4,423.63,4927.0,0.8049,0.8414,71.6456,196.2197201,63.753261
TOI-1824 b,TOI-1824,Transit,2024.0,Transiting Exoplanet Survey Satellite (TESS),22.808533,2.7438269,16.0,528.67,5165.0,0.8123,0.8801,59.4314,197.7312286,61.7448492
TOI-1836 b,TOI-1836,Transit,2024.0,Transiting Exoplanet Survey Satellite (TESS),20.380799,8.00321222,38.45723725,966.0,6380.0,1.577,1.307,191.649,245.9079242,54.6900774
TOI-1836 c,TOI-1836,Transit,2024.0,Transiting Exoplanet Survey Satellite (TESS),1.7727471,2.59987579,8.0,2007.6,6237.0,1.6454,1.2518,191.649,245.9079242,54.6900774
TOI-1839 b,TOI-1839,Transit,2026.0,Transiting Exoplanet Survey Satellite (TESS),1.42378440907,2.21895097,5.56,1405.35,5315.91,0.848099,0.934,116.086,196.8331106,5.8520458
TOI-1839 c,TOI-1839,Transit,2026.0,Transiting Exoplanet Survey Satellite (TESS),4.02393854207,2.40867246,6.39,,5315.91,0.848099,0.934,116.086,196.8331106,5.8520458
TOI-1842 b,TOI-1842,Transit,2021.0,Transiting Exoplanet Survey Satellite (TESS),9.5739181,12.3485023,89.4,1199.55,6039.0,2.032,1.4643,223.465,201.9626552,9.0306437
TOI-1846 b,TOI-1846,Transit,2025.0,Transiting Exoplanet Survey Satellite (TESS),3.9306737,1.792,3.87,568.1,3568.0,0.397,0.418,47.2496,257.9549645,54.5278483
TOI-1853 b,TOI-1853,Transit,2023.0,Transiting Exoplanet Survey Satellite (TESS),1.2436258,3.46,73.2,1479.0,4985.0,0.808,0.837,165.105,211.4593468,16.9923703
TOI-1855 b,TOI-1855,Transit,2024.0,Transiting Exoplanet Survey Satellite (TESS),1.36414864,18.49481816,360.09958513,1701.0,5359.0,1.041,0.987,176.833,205.3539534,17.6868719
TOI-1859 b,TOI-1859,Transit,2023.0,Transiting Exoplanet Survey Satellite (TESS),63.48347,9.75181321,68.6,615.0,6341.0,1.36,1.287,224.385,279.8317644,69.5228726
TOI-1860 b,TOI-1860,Transit,2022.0,Transiting Exoplanet Survey Satellite (TESS),1.0662107,1.31,2.27,1885.0,5752.0,0.94,0.99,45.864,226.4567308,64.0476821
TOI-1873 b,TOI-1873,Transit,2026.0,Transiting Exoplanet Survey Satellite (TESS),7.00572708834,2.86356397,8.57,923.5,5597.99,0.971675,1.015,182.014,212.5684755,84.3718582
TOI-1883 b,TOI-1883,Transit,2024.0,Transiting Exoplanet Survey Satellite (TESS),4.50638,5.65,27.2,524.92,3477.0,0.494,0.492,115.369,134.0892456,-12.9306438
TOI-1898 b,TOI-1898,Transit,2024.0,Transiting Exoplanet Survey Satellite (TESS),45.52234,9.39553231,129.0,674.54,6241.0,1.6131,1.2484,79.6682,144.5553,23.5467464
TOI-1899 b,TOI-1899,Transit,2020.0,Transiting Exoplanet Survey Satellite (TESS),29.090312,11.09689089,212.94503269,378.0,3926.0,0.607,0.632,128.438,299.4268472,40.1433462
TOI-1937 A b,TOI-1937 A,Transit,2023.0,Transiting Exoplanet Survey Satellite (TESS),0.94667944,13.97759893,638.83509807,2097.0,5814.0,1.08,1.072,415.135,116.3707214,-52.3832587
TOI-198 b,TOI-198,Transit,2023.0,Transiting Exoplanet Survey Satellite (TESS),10.215213,1.36,3.17,456.0,3801.0,0.418,0.417,23.7262,2.2715087,-27.1217452
TOI-199 b,TOI-199,Transit,2023.0,Transiting Exoplanet Survey Satellite (TESS),104.854,9.07927437,54.03082919,476.27,5255.0,0.82,0.936,102.27,80.1058735,-59.8954326
TOI-199 c,TOI-199,Transit Timing Variations,2023.0,Multiple Observatories,273.69,11.4,88.99195396,,5255.0,0.82,0.936,102.27,80.1058735,-59.8954326
TOI-1994 b,TOI-1994,Transit,2024.0,Transiting Exoplanet Survey Satellite (TESS),4.0337142,13.67495645,7024.0077947,2290.0,7700.0,2.3,1.86,515.603,147.1745753,-51.756564
TOI-2000 b,TOI-2000,Transit,2023.0,Transiting Exoplanet Survey Satellite (TESS),3.09833,2.7,11.0,1488.0,5611.0,1.134,1.082,175.713,146.3970631,-66.6866307
TOI-2000 c,TOI-2000,Transit,2023.0,Transiting Exoplanet Survey Satellite (TESS),9.127055,8.14,81.7,1038.0,5611.0,1.134,1.082,175.713,146.3970631,-66.6866307
TOI-2005 b,TOI-2005,Transit,2025.0,Transiting Exoplanet Survey Satellite (TESS),17.305904,11.99360935,2034.1018048,1221.39,7130.0,2.02,1.59,328.475,164.031654,-43.3766967
TOI-201 b,TOI-201,Transit,2021.0,Transiting Exoplanet Survey Satellite (TESS),52.9786,11.4,164.0,759.0,6423.0,1.31,1.32,113.825,87.4017825,-54.910423
TOI-201 c,TOI-201,Transit Timing Variations,2025.0,Transiting Exoplanet Survey Satellite (TESS),2890.0,10.4,4990.0,,6423.0,1.31,1.32,113.825,87.4017825,-54.910423
TOI-201 d,TOI-201,Transit,2026.0,Transiting Exoplanet Survey Satellite (TESS),5.84889,1.39,5.8,1237.0,6423.0,1.31,1.32,113.825,87.4017825,-54.910423
TOI-2010 b,TOI-2010,Transit,2023.0,Transiting Exoplanet Survey Satellite (TESS),141.834025,11.81426566,408.7273314,400.2,5929.0,1.079,1.112,109.19,292.1669417,53.4873694
TOI-2015 b,TOI-2015,Transit,2023.0,Transiting Exoplanet Survey Satellite (TESS),3.348237,3.309,9.2,530.9,3297.0,0.3273,0.3041,47.3444,232.1326528,27.361073
TOI-2015 c,TOI-2015,Transit Timing Variations,2025.0,Multiple Observatories,5.582796,2.93,8.91,448.0,3297.0,0.3273,0.3041,47.3444,232.1326528,27.361073
TOI-2018 b,TOI-2018,Transit,2023.0,Transiting Exoplanet Survey Satellite (TESS),7.435583,2.268,9.2,576.34,4174.0,0.62,0.57,27.9956,229.8374423,29.2078771
TOI-2019 b,TOI-2019,Transit,2024.0,Transiting Exoplanet Survey Satellite (TESS),15.3444,5.33275337,34.4,917.46,5626.0,1.7457,1.1832,198.007,234.4317651,48.955206
TOI-2025 b,TOI-2025,Transit,2022.0,Transiting Exoplanet Survey Satellite (TESS),8.8720982,11.89272852,1144.1822652,1166.0,5977.0,1.459,1.199,335.985,282.7952558,82.2454143
TOI-2031 A b,TOI-2031 A,Transit,2025.0,Transiting Exoplanet Survey Satellite (TESS),5.71548654,14.20177855,254.2627256,1358.0,6490.0,1.241,1.174,276.105,331.1178077,81.5659509
TOI-2046 b,TOI-2046,Transit,2022.0,Transiting Exoplanet Survey Satellite (TESS),1.4971842,16.14093221,731.0053361,1828.82,6250.0,1.21,1.13,289.668,16.1849423,74.3313055
TOI-2048 b,TOI-2048,Transit,2022.0,Transiting Exoplanet Survey Satellite (TESS),13.79019,2.61,7.32,646.0,5185.0,0.79,0.83,116.567,237.9241066,52.3063083
TOI-205 b,TOI-205,Transit,2026.0,Transiting Exoplanet Survey Satellite (TESS),4.25300773815,2.50121142,6.81,1799.55,6302.74,1.45382,1.2,177.759,7.9754636,-56.9650808
TOI-206 b,TOI-206,Transit,2022.0,Transiting Exoplanet Survey Satellite (TESS),0.7363104,1.3,2.24,910.0,3383.0,0.35,0.35,47.7465,73.7382202,-62.521874
TOI-2068 b,TOI-2068,Transit,2024.0,Transiting Exoplanet Survey Satellite (TESS),7.768915,1.821,3.97,520.62,3710.0,0.535,0.559,52.9328,186.27356,60.4183455
TOI-2071 b,TOI-2071,Transit,2026.0,Transiting Exoplanet Survey Satellite (TESS),5.67395386982,2.56484195,7.1,1029.33,5755.41,1.00286,1.063,231.311,256.6011813,57.6610327
TOI-2076 b,TOI-2076,Transit,2021.0,Transiting Exoplanet Survey Satellite (TESS),10.35504,2.59,6.7,736.0,5187.0,0.758,0.849,41.9091,217.3920159,39.7903991
TOI-2076 c,TOI-2076,Transit,2021.0,Transiting Exoplanet Survey Satellite (TESS),21.01447,3.54,7.2,581.0,5187.0,0.758,0.849,41.9091,217.3920159,39.7903991
TOI-2076 d,TOI-2076,Transit,2021.0,Transiting Exoplanet Survey Satellite (TESS),35.12803,3.27,7.3,490.0,5187.0,0.758,0.849,41.9091,217.3920159,39.7903991
TOI-2076 e,TOI-2076,Transit,2025.0,Transiting Exoplanet Survey Satellite (TESS),3.0223753,1.301,4.7,1110.0,5187.0,0.758,0.849,41.9091,217.3920159,39.7903991
TOI-2081 b,TOI-2081,Transit,2022.0,Transiting Exoplanet Survey Satellite (TESS),10.50534,2.04,4.82,488.0,3800.0,0.534,0.54,62.3446,264.3022634,53.0255666
TOI-2084 b,TOI-2084,Transit,2023.0,Transiting Exoplanet Survey Satellite (TESS),6.0784247,2.47,6.66,527.0,3551.0,0.475,0.453,114.549,259.2545389,72.7470231
TOI-2088 b,TOI-2088,Transit,2024.0,Transiting Exoplanet Survey Satellite (TESS),124.72997,3.6831179,37.0,300.33,5081.0,0.8481,0.9027,126.46,261.3748943,75.8822796
TOI-209 b,TOI-209,Transit,2026.0,Transiting Exoplanet Survey Satellite (TESS),4.37943587445,2.3947209,6.32,845.78,4806.66,0.742779,0.81,113.387,19.3941777,-66.903066
TOI-2092 b,TOI-2092,Transit,2026.0,Transiting Exoplanet Survey Satellite (TESS),4.30325528074,2.94892961,9.0,1042.0,5842.06,1.0519,0.956,176.759,212.5474866,45.5638685
TOI-2093 b,TOI-2093,Radial Velocity,2025.0,Calar Alto Observatory,12.836,3.25,10.6,535.0,4426.0,0.729,0.745,82.7982,302.7375229,70.8696532
TOI-2093 c,TOI-2093,Transit,2025.0,Transiting Exoplanet Survey Satellite (TESS),53.81149,2.3,15.8,329.0,4426.0,0.729,0.745,82.7982,302.7375229,70.8696532
TOI-2094 b,TOI-2094,Transit,2026.0,Transiting Exoplanet Survey Satellite (TESS),18.793193,1.9,4.27,276.0,3435.0,0.384,0.425,50.0248,254.1425333,70.0273157
TOI-2095 b,TOI-2095,Transit,2023.0,Transiting Exoplanet Survey Satellite (TESS),17.66484,1.25,4.1,347.0,3759.0,0.44,0.44,41.9176,285.6365235,75.4185135
TOI-2095 c,TOI-2095,Transit,2023.0,Transiting Exoplanet Survey Satellite (TESS),28.17232,1.33,7.4,297.0,3759.0,0.44,0.44,41.9176,285.6365235,75.4185135
TOI-2096 b,TOI-2096,Transit,2023.0,Transiting Exoplanet Survey Satellite (TESS),3.1190633,1.243,2.08,445.0,3300.0,0.235,0.231,48.4809,151.6186989,74.8272107
TOI-2096 c,TOI-2096,Transit,2023.0,Transiting Exoplanet Survey Satellite (TESS),6.38784,1.914,4.32,349.0,3300.0,0.235,0.231,48.4809,151.6186989,74.8272107
TOI-2104 b,TOI-2104,Transit,2026.0,Transiting Exoplanet Survey Satellite (TESS),5.904370457,1.52898127,2.95,846.0,4856.13,0.723757,0.8,76.7418,151.6122146,83.0878397
TOI-2107 b,TOI-2107,Transit,2024.0,Transiting Exoplanet Survey Satellite (TESS),2.4545467,13.57407563,263.79757781,1397.0,5627.0,0.932,0.961,236.705,286.7965405,-58.6968348
TOI-2109 b,TOI-2109,Transit,2021.0,Transiting Exoplanet Survey Satellite (TESS),0.67247414,15.098497,1595.49860314,3646.0,6540.0,1.698,1.453,262.041,253.1862971,16.5799153
TOI-2120 b,TOI-2120,Transit,2024.0,Transiting Exoplanet Survey Satellite (TESS),5.7998164,2.122,6.8,384.0,3131.0,0.245,0.211,32.1755,23.507315,65.5139877
TOI-2128 b,TOI-2128,Transit,2024.0,Transiting Exoplanet Survey Satellite (TESS),16.34136,2.08874836,4.5,780.53,5968.0,1.1174,1.0251,36.578,256.9817998,32.1053027
TOI-2133 b,TOI-2133,Transit,2026.0,Transiting Exoplanet Survey Satellite (TESS),3.8266472,2.37,6.21,798.0,4250.0,0.62,0.644,75.1973,261.2438308,32.7983974
TOI-2134 b,TOI-2134,Transit,2023.0,Transiting Exoplanet Survey Satellite (TESS),9.2292005,2.69,9.13,666.0,4580.0,0.709,0.744,22.6202,271.9355015,39.0729269
TOI-2134 c,TOI-2134,Transit,2023.0,Transiting Exoplanet Survey Satellite (TESS),95.5,7.27,41.89,306.0,4580.0,0.709,0.744,22.6202,271.9355015,39.0729269
TOI-2136 b,TOI-2136,Transit,2022.0,Transiting Exoplanet Survey Satellite (TESS),7.851928,2.19,6.37,395.0,3342.0,0.34,0.34,33.3631,281.1763433,36.5631318
TOI-2141 b,TOI-2141,Transit,2023.0,Transiting Exoplanet Survey Satellite (TESS),18.261608,3.147,20.1,728.0,5635.0,0.95,0.896,77.682,258.7623456,18.3403449
TOI-2141 c,TOI-2141,Radial Velocity,2025.0,Roque de los Muchachos Observatory,5.4624,2.35,6.14,1095.0,5635.0,0.95,0.896,77.682,258.7623456,18.3403449
TOI-2141 d,TOI-2141,Radial Velocity,2025.0,Roque de los Muchachos Observatory,60.45,3.97,14.9,491.4,5635.0,0.95,0.896,77.682,258.7623456,18.3403449
TOI-2145 b,TOI-2145,Transit,2023.0,Transiting Exoplanet Survey Satellite (TESS),10.261128,12.24020692,1805.26535176,1484.0,6206.0,2.75,1.71,224.731,263.7580753,40.6950428
TOI-2152 A b,TOI-2152,Transit,2023.0,Transiting Exoplanet Survey Satellite (TESS),3.3773512,14.35870428,899.45439181,1802.0,6630.0,1.612,1.516,303.006,26.3389717,77.7901231
TOI-2154 b,TOI-2154,Transit,2023.0,Transiting Exoplanet Survey Satellite (TESS),3.8240801,16.28664896,292.40213444,1580.0,6280.0,1.396,1.233,296.46,71.0281482,84.3642652
TOI-2158 b,TOI-2158,Transit,2022.0,Transiting Exoplanet Survey Satellite (TESS),8.60077,10.76062147,260.61929374,1188.0,5673.0,1.41,1.12,198.473,276.8100527,20.5268868
TOI-216.01,TOI-216,Transit,2019.0,Transiting Exoplanet Survey Satellite (TESS),34.525528,10.1,177.98390792,497.0,5026.0,0.748,0.77,177.945,73.9800129,-63.2603301
TOI-216.02,TOI-216,Transit,2019.0,Transiting Exoplanet Survey Satellite (TESS),17.16073,8.0,18.75187601,628.0,5026.0,0.748,0.77,177.945,73.9800129,-63.2603301
TOI-2169 A b,TOI-2169 A,Transit,2025.0,Transiting Exoplanet Survey Satellite (TESS),8.2148282,12.50922246,329.58805806,1364.0,6270.0,1.82,1.42,351.487,279.1701117,23.2586193
TOI-2180 b,TOI-2180,Transit,2022.0,Transiting Exoplanet Survey Satellite (TESS),260.79,11.32107051,875.61726129,348.0,5695.0,1.636,1.111,116.685,277.94363,56.6506789
TOI-2184 b,TOI-2184,Transit,2022.0,Transiting Exoplanet Survey Satellite (TESS),6.90683,11.39953337,206.58846455,1676.05,5966.0,2.9,1.53,788.317,100.8331246,-66.9476563
TOI-2193 A b,TOI-2193 A,Transit,2022.0,Transiting Exoplanet Survey Satellite (TESS),2.1225735,19.83989584,298.75870258,1763.0,5966.0,1.248,1.082,337.064,313.691232,-72.8046404
TOI-2194 b,TOI-2194,Transit,2023.0,Transiting Exoplanet Survey Satellite (TESS),15.337597,1.9892,4.61,590.88,4756.0,0.6909,0.74,19.5711,299.1563393,-31.3351812
TOI-2196 b,TOI-2196,Transit,2022.0,Transiting Exoplanet Survey Satellite (TESS),1.1947268,3.51,26.0,1860.0,5634.0,1.043,1.032,259.947,312.3400744,-70.4850723
TOI-220 b,TOI-220,Transit,2021.0,Transiting Exoplanet Survey Satellite (TESS),10.695264,3.03,13.8,805.0,5298.0,0.858,0.825,90.7402,91.7996988,-61.9972098
TOI-2200 b,TOI-2200,Transit,2026.0,Transiting Exoplanet Survey Satellite (TESS),2.93602836512,6.96310517,38.7,1147.0,5036.17,0.826247,0.85,251.245,98.7835071,-72.4567778
TOI-2202 b,TOI-2202,Transit,2021.0,Transiting Exoplanet Survey Satellite (TESS),11.9126075,10.95117414,287.31687993,652.07,5169.0,0.808,0.841,235.933,51.2284214,-73.9575458
TOI-2202 c,TOI-2202,Transit Timing Variations,2021.0,Multiple Observatories,24.6744,13.4,117.27868218,,5144.0,0.794,0.823,235.933,51.2284214,-73.9575458
TOI-2207 b,TOI-2207,Transit,2022.0,Transiting Exoplanet Survey Satellite (TESS),8.001968,11.1529358,203.41018048,1259.0,6101.0,1.564,1.296,373.345,307.5966925,-44.8876181
TOI-2211.01,TOI-2211,Transit,2024.0,Transiting Exoplanet Survey Satellite (TESS),3.092686757,1.561,3.06,1056.92,5253.0,0.834,0.9,70.2932,308.5390859,-29.6726127
TOI-2227 b,TOI-2227,Transit,2026.0,Transiting Exoplanet Survey Satellite (TESS),4.22175815648,3.09885187,9.79,1164.0,5889.54,1.20847,1.03,165.441,337.5177563,-67.8501459
TOI-2236 b,TOI-2236,Transit,2022.0,Transiting Exoplanet Survey Satellite (TESS),3.5315902,14.36991326,502.16888306,1688.0,6248.0,1.573,1.343,355.59,20.1660113,-86.979965
TOI-2257 b,TOI-2257,Transit,2021.0,Transiting Exoplanet Survey Satellite (TESS),35.189346,2.194,5.45,256.0,3430.0,0.313,0.328,57.7911,194.7396141,77.6617157
TOI-2260 b,TOI-2260,Transit,2022.0,Transiting Exoplanet Survey Satellite (TESS),0.3524728,1.62,3.26,2609.0,5534.0,0.94,0.99,101.251,247.6669998,49.0467891
TOI-2266 b,TOI-2266,Transit,2024.0,Transiting Exoplanet Survey Satellite (TESS),2.326318,1.54,2.99,550.0,3200.0,0.24,0.23,51.6004,245.2800398,31.5770413
TOI-2267 b,TOI-2267 A,Transit,2025.0,Transiting Exoplanet Survey Satellite (TESS),2.28909,1.0,0.972,424.0,3030.0,0.2075,0.171,22.55,65.0614963,84.9008238
TOI-2267 c,TOI-2267 A,Transit,2025.0,Transiting Exoplanet Survey Satellite (TESS),3.4950412,1.14,1.55,374.0,3030.0,0.2075,0.171,22.55,65.0614963,84.9008238
TOI-2267 d,TOI-2267 B,Transit,2025.0,Transiting Exoplanet Survey Satellite (TESS),2.0344671,1.77,3.78,422.0,3022.0,0.13,0.0989,22.55,65.0615,84.900825
TOI-2274 b,TOI-2274,Transit,2024.0,Transiting Exoplanet Survey Satellite (TESS),2.67963,2.45,6.57,771.46,3943.0,0.631,0.612,48.876,277.459311,40.5414117
TOI-2285 b,TOI-2285,Transit,2021.0,Transiting Exoplanet Survey Satellite (TESS),13.635109,1.77,19.5,358.0,3491.0,0.464,0.454,42.409,332.5632644,58.7060934
TOI-2295 b,TOI-2295,Transit,2024.0,Transiting Exoplanet Survey Satellite (TESS),30.033302,16.47720163,278.09985612,747.0,5730.0,1.459,1.168,126.279,281.5761962,50.4924657
TOI-2295 c,TOI-2295,Radial Velocity,2024.0,Haute-Provence Observatory,966.5,12.8,1783.01736327,234.9,5730.0,1.459,1.168,126.279,281.5761962,50.4924657
TOI-2322 b,TOI-2322,Transit,2025.0,Transiting Exoplanet Survey Satellite (TESS),11.30717,0.994,2.31,603.1,4664.0,0.662,0.703,59.861,116.9731027,-71.0019671
TOI-2322 c,TOI-2322,Transit,2025.0,Transiting Exoplanet Survey Satellite (TESS),20.225528,1.874,18.1,496.8,4664.0,0.662,0.703,59.861,116.9731027,-71.0019671
TOI-2328 b,TOI-2328,Transit,2025.0,Transiting Exoplanet Survey Satellite (TESS),17.10197,9.97599282,50.85254512,842.0,5525.0,0.9,0.95,231.782,31.6907424,-81.247376
TOI-2337 b,TOI-2337,Transit,2022.0,Transiting Exoplanet Survey Satellite (TESS),2.99432,10.08808263,508.5254512,1272.46,4780.0,3.22,1.325,536.046,290.6198948,60.8539035
TOI-2338 b,TOI-2338,Transit,2023.0,Transiting Exoplanet Survey Satellite (TESS),22.65398,11.2089807,1900.61387386,799.0,5581.0,1.05,0.99,313.996,81.3445824,-34.6682491
TOI-2345 b,TOI-2345,Transit,2025.0,Transiting Exoplanet Survey Satellite (TESS),1.0528573,1.504,3.49,1478.0,4687.0,0.729,0.727,81.6541,43.884794,-34.9779745
TOI-2345 c,TOI-2345,Transit,2025.0,Transiting Exoplanet Survey Satellite (TESS),21.064302,2.451,7.27,544.0,4687.0,0.729,0.727,81.6541,43.884794,-34.9779745
TOI-2346 b,TOI-2346,Transit,2025.0,Transiting Exoplanet Survey Satellite (TESS),3.3312029,16.11851425,394.10722468,1689.0,6480.0,1.38,1.271,437.484,88.0929073,-13.3724686
TOI-2364 b,TOI-2364,Transit,2023.0,Transiting Exoplanet Survey Satellite (TESS),4.0197517,8.60849718,71.51139158,1091.0,5306.0,0.886,0.954,219.614,89.1300265,-5.0120298
TOI-2368 b,TOI-2368,Transit,2024.0,Transiting Exoplanet Survey Satellite (TESS),5.1750073,10.83908434,206.58846455,1000.0,5360.0,0.846,0.897,210.915,134.9576234,-48.4884929
TOI-237 b,TOI-237,Transit,2020.0,Transiting Exoplanet Survey Satellite (TESS),5.436098,1.44,2.67,388.0,3212.0,0.211,0.179,38.0749,353.2435381,-29.416487
TOI-237 c,TOI-237,Transit,2026.0,La Silla Observatory,1.74486147,1.206,1.9,515.0,3226.0,0.2056,0.1698,38.0749,353.2435381,-29.416487
TOI-2373 b,TOI-2373,Transit,2023.0,Transiting Exoplanet Survey Satellite (TESS),13.33668,10.42435205,2955.8041851,860.0,5651.0,1.102,1.041,508.686,61.6862197,-16.7557546
TOI-2374 b,TOI-2374,Transit,2024.0,Transiting Exoplanet Survey Satellite (TESS),4.3136193,7.48759911,61.65871096,926.0,5002.0,0.711,0.802,134.655,319.4982407,-22.0498228
TOI-2379 b,TOI-2379,Transit,2024.0,Transiting Exoplanet Survey Satellite (TESS),5.4693827,11.72459381,1830.69162432,624.0,3707.0,0.622,0.645,211.247,358.0920465,-53.043156
TOI-238 b,TOI-238,Transit,2024.0,Transiting Exoplanet Survey Satellite (TESS),1.273099,1.559,3.37,1378.0,5059.0,0.756,0.781,80.5407,349.2310814,-18.6066463
TOI-238 c,TOI-238,Radial Velocity,2024.0,Multiple Observatories,8.465651,2.18,6.7,696.0,5059.0,0.733,0.79,80.5407,349.2310814,-18.6066463
TOI-2382 b,TOI-2382,Transit,2025.0,Transiting Exoplanet Survey Satellite (TESS),4.6612061,12.25141591,235.19302118,1426.0,6033.0,1.417,1.26,434.92,356.3751852,-16.114124
TOI-2384 b,TOI-2384,Transit,2024.0,Transiting Exoplanet Survey Satellite (TESS),2.13570304,11.48920522,624.85064816,889.7,3943.0,0.6113,0.635,191.51,36.1561463,-65.0001957
TOI-2406 b,TOI-2406,Transit,2021.0,Transiting Exoplanet Survey Satellite (TESS),3.0766891,2.86,15.6,449.0,3100.0,0.204,0.166,55.419,8.8060544,-3.3720833
TOI-2407 b,TOI-2407,Transit,2025.0,Transiting Exoplanet Survey Satellite (TESS),2.702969,4.26,16.8,705.0,3530.0,0.567,0.548,92.4366,49.746545,-46.458025
TOI-2411 b,TOI-2411,Transit,2022.0,Transiting Exoplanet Survey Satellite (TESS),0.7826942,1.68,3.46,1355.0,4099.0,0.68,0.65,59.5362,20.9224567,-8.7017944
TOI-2416 b,TOI-2416,Transit,2023.0,Transiting Exoplanet Survey Satellite (TESS),8.275479,9.86390302,953.485221,1080.0,5808.0,1.236,1.118,557.733,57.3389409,-60.7871861
TOI-2420 b,TOI-2420,Transit,2024.0,Transiting Exoplanet Survey Satellite (TESS),5.842641,15.02003414,294.62693329,1571.6,5707.0,2.369,1.158,435.174,14.8268138,-19.7711643
TOI-2421 b,TOI-2421,Transit,2022.0,Transiting Exoplanet Survey Satellite (TESS),4.3474032,10.36830715,105.83685953,1534.0,5607.0,1.75,1.131,327.927,33.1540208,-35.3909182
TOI-2427 b,TOI-2427,Transit,2022.0,Transiting Exoplanet Survey Satellite (TESS),1.3060011,1.8,3.89,1117.0,4072.0,0.65,0.64,28.5147,52.2917315,-31.3628665
TOI-2431 b,TOI-2431,Transit,2026.0,Transiting Exoplanet Survey Satellite (TESS),0.22419578,1.534,6.2,2063.0,4109.0,0.651,0.661,36.0559,37.7652989,8.3816255
TOI-244 b,TOI-244,Transit,2023.0,Transiting Exoplanet Survey Satellite (TESS),7.397225,1.52,2.68,458.0,3433.0,0.426,0.428,22.0337,10.5697537,-36.7179743
TOI-2443 b,TOI-2443,Transit,2023.0,Transiting Exoplanet Survey Satellite (TESS),15.66858,2.363,4.8,519.0,4375.0,0.631,0.642,23.9258,40.1798608,1.1996757
TOI-2445 b,TOI-2445,Transit,2022.0,Transiting Exoplanet Survey Satellite (TESS),0.3711281,1.25,2.1,1060.0,3333.0,0.27,0.25,48.582,43.3161555,0.0523366
TOI-2447 b,TOI-2447,Transit,2024.0,Transiting Exoplanet Survey Satellite (TESS),69.33684,9.60609646,124.90656395,414.0,5730.0,1.006,1.034,148.987,70.9975864,-31.9066369
TOI-2449 b,TOI-2449,Transit,2025.0,Transiting Exoplanet Survey Satellite (TESS),106.14468,11.24,222.0,400.0,6021.0,1.065,1.079,156.786,67.984371,-34.4555327
TOI-2453 b,TOI-2453,Transit,2026.0,Transiting Exoplanet Survey Satellite (TESS),4.44143463188,3.24380341,10.6,550.78,3720.23,0.502498,0.500519,81.9043,74.8374845,12.9363528
TOI-2458 b,TOI-2458,Transit,2024.0,Transiting Exoplanet Survey Satellite (TESS),3.73659,2.83,13.31,1509.4,6005.0,1.31,1.05,112.958,79.621529,1.253439
TOI-2458 c,TOI-2458,Radial Velocity,2024.0,La Silla Observatory,16.553,3.18,10.22,,6005.0,1.31,1.05,112.958,79.621529,1.253439
TOI-2459 b,TOI-2459,Transit,2023.0,Transiting Exoplanet Survey Satellite (TESS),19.104718,2.9531,9.03,445.01,4195.0,0.6751,0.66,36.6113,82.1433321,-39.3730456
TOI-2485 b,TOI-2485,Transit,2024.0,Transiting Exoplanet Survey Satellite (TESS),11.23479,12.1393261,766.60211768,1134.0,6016.4,1.72,1.163,397.953,205.2043217,22.9839692
TOI-2497 b,TOI-2497,Transit,2023.0,Transiting Exoplanet Survey Satellite (TESS),10.655669,11.14172682,1531.93292174,1595.0,7360.0,2.36,1.859,285.289,90.0625878,11.8840577
TOI-2498 b,TOI-2498,Transit,2023.0,Transiting Exoplanet Survey Satellite (TESS),3.738252,6.06,34.62,1443.0,5905.0,1.26,1.12,275.265,95.4162204,11.2516477
TOI-251 b,TOI-251,Transit,2021.0,Transiting Exoplanet Survey Satellite (TESS),4.93777,2.74,317.83,1041.19,5875.0,0.881,1.036,99.523,353.0620655,-37.2558629
TOI-2518 b,TOI-2518,Transit,2026.0,Transiting Exoplanet Survey Satellite (TESS),6.89797425216,2.26838675,5.77,1095.0,5751.2,0.993374,1.11,160.825,105.4448495,-34.9196867
TOI-2524 b,TOI-2524,Transit,2023.0,Transiting Exoplanet Survey Satellite (TESS),7.18585,11.2089807,203.41018048,1100.0,5831.0,1.119,1.007,438.842,160.8868435,-1.9126984
TOI-2525 b,TOI-2525,Transit,2023.0,Transiting Exoplanet Survey Satellite (TESS),23.2856,8.67575106,26.69758619,512.97,5096.0,0.785,0.849,395.398,86.8509737,-60.5213081
TOI-2525 c,TOI-2525,Transit,2023.0,Transiting Exoplanet Survey Satellite (TESS),49.2519,10.13291855,208.8132634,399.96,5096.0,0.785,0.849,395.398,86.8509737,-60.5213081
TOI-2529 b,TOI-2529,Transit,2024.0,Transiting Exoplanet Survey Satellite (TESS),64.5949,11.54525012,743.71847238,636.0,5802.0,1.7,1.11,296.271,118.9945352,-52.3548332
TOI-2537 b,TOI-2537,Transit,2024.0,Transiting Exoplanet Survey Satellite (TESS),94.1022,11.25381662,415.40172795,338.0,4870.0,0.771,0.771,184.986,54.3882661,10.0577464
TOI-2537 c,TOI-2537,Radial Velocity,2024.0,Multiple Observatories,1920.0,12.7,2297.89938261,123.1,4870.0,0.771,0.771,184.986,54.3882661,10.0577464
TOI-2545 b,TOI-2545,Transit,2022.0,Transiting Exoplanet Survey Satellite (TESS),7.994037,2.75,8.0,1022.99,5846.29,1.25324,1.055,107.118,135.5458029,-3.4208194
TOI-2567 b,TOI-2567,Transit,2022.0,Transiting Exoplanet Survey Satellite (TESS),5.983944,10.92875618,63.88350981,1352.0,5611.0,1.686,1.13,504.775,288.4656683,66.3479375
TOI-257 b,TOI-257,Transit,2021.0,Transiting Exoplanet Survey Satellite (TESS),18.38818,7.16253867,43.86032017,1027.0,6095.0,1.867,1.407,76.9028,47.5172608,-50.8322632
TOI-2570 b,TOI-2570,Transit,2022.0,Transiting Exoplanet Survey Satellite (TESS),2.9887615,13.64132951,260.61929374,1431.0,5771.0,1.095,1.063,361.857,87.1880397,32.0840435
TOI-2580 b,TOI-2580,Transit,2024.0,Transiting Exoplanet Survey Satellite (TESS),3.39775,17.37392009,200.23189641,2410.0,6120.0,1.81,1.33,379.253,62.1992072,67.1165264
TOI-2583 A b,TOI-2583 A,Transit,2023.0,Transiting Exoplanet Survey Satellite (TESS),4.5207265,14.4595851,79.45710175,1456.0,5936.0,1.477,1.215,566.189,272.2670293,45.3368996
TOI-2587 A b,TOI-2587 A,Transit,2023.0,Transiting Exoplanet Survey Satellite (TESS),5.45664,12.07207221,69.28659273,1445.0,5760.0,1.726,1.15,373.675,115.9317105,-1.073333
TOI-2589 b,TOI-2589,Transit,2023.0,Transiting Exoplanet Survey Satellite (TESS),61.6277,12.10569916,1112.3994245,592.0,5579.0,1.07,0.93,200.273,107.4881501,-37.230948
TOI-260 b,TOI-260,Transit,2024.0,Transiting Exoplanet Survey Satellite (TESS),13.475853,1.71,4.23,493.0,4026.0,0.607,0.616,20.1852,4.7730178,-9.9661505
TOI-261.01,TOI-261,Transit,2021.0,Transiting Exoplanet Survey Satellite (TESS),3.3639254,3.0449863,9.51,1722.49,5890.3,1.28018,0.496728,114.495,15.2181412,-24.4239934
TOI-261.02,TOI-261,Transit,2021.0,Transiting Exoplanet Survey Satellite (TESS),13.03935862135,3.34822227,11.2,1007.53,5890.3,1.31383,1.069,114.495,15.2181412,-24.4239934
TOI-262 b,TOI-262,Transit,2023.0,Transiting Exoplanet Survey Satellite (TESS),11.14529,2.07,4.94,584.0,5310.0,0.853,0.913,43.932,32.534687,-31.0706272
TOI-2641 b,TOI-2641,Transit,2023.0,Transiting Exoplanet Survey Satellite (TESS),4.880974,18.10250383,122.6817651,1387.0,6100.0,1.336,1.16,344.045,171.1303716,-42.7321394
TOI-2654 b,TOI-2654,Transit,2026.0,Transiting Exoplanet Survey Satellite (TESS),2.96760425926,7.94454164,48.4,819.0,4594.08,0.756095,0.69,248.964,52.9815377,-47.9946912
TOI-2669 b,TOI-2669,Transit,2022.0,Transiting Exoplanet Survey Satellite (TESS),6.2034,19.72780603,193.87532827,1226.0,4800.0,4.1,1.19,393.443,134.7226445,-13.3125792
TOI-269 b,TOI-269,Transit,2021.0,Transiting Exoplanet Survey Satellite (TESS),3.6977104,2.77,8.8,531.0,3514.0,0.398,0.3917,57.0225,75.8462827,-54.1777213
TOI-270 b,TOI-270,Transit,2019.0,Transiting Exoplanet Survey Satellite (TESS),3.35992,1.28,1.48,600.0,3506.0,0.38,0.386,22.4793,68.4160804,-51.9573937
TOI-270 c,TOI-270,Transit,2019.0,Transiting Exoplanet Survey Satellite (TESS),5.66051,2.33,6.2,489.0,3506.0,0.38,0.386,22.4793,68.4160804,-51.9573937
TOI-270 d,TOI-270,Transit,2019.0,Transiting Exoplanet Survey Satellite (TESS),11.38194,2.0,4.2,383.0,3506.0,0.38,0.386,22.4793,68.4160804,-51.9573937
TOI-2714 b,TOI-2714,Transit,2024.0,Transiting Exoplanet Survey Satellite (TESS),2.499387,13.72,228.0,1603.0,5665.0,1.25,1.07,597.873,61.4012482,-14.9267458
TOI-2719 b,TOI-2719,Transit,2025.0,Transiting Exoplanet Survey Satellite (TESS),3.37594,5.98,29.9,1710.0,5762.0,1.69,1.02,588.368,71.5549449,-0.8048725
TOI-2768 b,TOI-2768,Transit,2024.0,Transiting Exoplanet Survey Satellite (TESS),1.50801,2.63,7.41,855.0,4008.0,0.657,0.63,78.4525,99.3641336,-15.4812031
TOI-277 b,TOI-277,Transit,2022.0,Transiting Exoplanet Survey Satellite (TESS),3.994,2.65,7.51,587.92,4031.0,0.362,0.16,64.6692,19.0766985,-20.9532772
TOI-2796 b,TOI-2796,Transit,2023.0,Transiting Exoplanet Survey Satellite (TESS),4.8084983,17.26183028,139.84449908,1205.0,5764.0,1.069,1.063,350.343,84.1527191,0.8962788
TOI-2803 A b,TOI-2803 A,Transit,2023.0,Transiting Exoplanet Survey Satellite (TESS),1.96229325,18.11371281,309.88269682,1893.0,6280.0,1.245,1.118,494.818,93.1147397,-23.4924956
TOI-2818 b,TOI-2818,Transit,2023.0,Transiting Exoplanet Survey Satellite (TESS),4.039709,15.27784069,225.65816897,1376.0,5721.0,1.229,0.977,312.674,119.0598183,-35.1167104
TOI-283 b,TOI-283,Transit,2025.0,Transiting Exoplanet Survey Satellite (TESS),17.61745,2.34,6.54,661.0,5213.0,0.85,0.8,82.7013,118.5693065,-65.441482
TOI-2842 b,TOI-2842,Transit,2023.0,Transiting Exoplanet Survey Satellite (TESS),3.5514058,12.84549188,117.59651059,1471.0,5910.0,1.265,1.135,460.995,108.0442066,-10.63934
TOI-286 b,TOI-286,Transit,2024.0,Transiting Exoplanet Survey Satellite (TESS),4.5117244,1.42,4.53,979.0,5152.0,0.78,0.832,59.2293,90.9842762,-60.6663348
TOI-286 c,TOI-286,Transit,2024.0,Transiting Exoplanet Survey Satellite (TESS),39.361826,1.88,3.72,475.0,5152.0,0.78,0.832,59.2293,90.9842762,-60.6663348
TOI-2876 b,TOI-2876,Transit,2025.0,Transiting Exoplanet Survey Satellite (TESS),6.2996431,9.6397234,54.03082919,929.0,5271.0,0.873,0.939,225.744,110.2473528,-21.1146384
TOI-2886 b,TOI-2886,Transit,2025.0,Transiting Exoplanet Survey Satellite (TESS),1.60200105,18.6405349,444.9597698,1978.0,6240.0,1.241,1.229,413.673,110.0076569,-10.5698414
TOI-2969 b,TOI-2969,Transit,2025.0,Transiting Exoplanet Survey Satellite (TESS),1.8237146,12.32987877,368.68095212,1186.0,4738.0,0.7,0.71,163.996,150.0626247,-47.4452436
TOI-2977 b,TOI-2977,Transit,2023.0,Transiting Exoplanet Survey Satellite (TESS),2.3505614,13.15934334,533.95172376,1544.0,5691.0,1.073,0.936,,143.9265177,-60.3574758
TOI-2981 b,TOI-2981,Transit,2024.0,Transiting Exoplanet Survey Satellite (TESS),3.601501,13.4,638.0,1358.0,5940.0,1.08,1.03,527.789,163.487394,-25.5245988
TOI-2986 b,TOI-2986,Transit,2025.0,Transiting Exoplanet Survey Satellite (TESS),3.2783662,9.292245,96.61983573,1622.0,5906.0,1.458,1.122,563.149,163.7715605,-6.4784524
TOI-2989 b,TOI-2989,Transit,2025.0,Transiting Exoplanet Survey Satellite (TESS),3.122832,12.55405838,953.485221,1001.0,4672.0,0.76,0.77,195.795,171.2316754,-27.0623619
TOI-2992 b,TOI-2992,Transit,2025.0,Transiting Exoplanet Survey Satellite (TESS),3.007812,13.75341932,1058.36859531,1726.0,6000.0,1.545,1.21,542.026,164.3165643,-32.3224375
TOI-3023 b,TOI-3023,Transit,2023.0,Transiting Exoplanet Survey Satellite (TESS),3.9014971,16.43236571,197.05361234,1596.0,5760.0,1.668,1.12,389.916,165.3158231,-72.3567044
TOI-3071 b,TOI-3071,Transit,2024.0,Transiting Exoplanet Survey Satellite (TESS),1.266938,7.16,68.2,2155.0,6177.0,1.31,1.29,485.219,173.2790517,-56.5033871
TOI-3082 b,TOI-3082,Transit,2023.0,Transiting Exoplanet Survey Satellite (TESS),1.926907,3.6621,13.0,1032.78,4263.0,0.6847,0.664,113.048,195.9080719,-19.2189845
TOI-3135 b,TOI-3135,Transit,2025.0,Transiting Exoplanet Survey Satellite (TESS),3.7065585,13.65253849,327.36325921,1292.0,5890.0,0.985,1.044,221.673,207.8592276,-69.7725635
TOI-3160 A b,TOI-3160 A,Transit,2025.0,Transiting Exoplanet Survey Satellite (TESS),3.971281,13.7646283,378.21580433,1539.0,6190.0,1.346,1.088,567.678,224.5658555,-27.6825503
TOI-3235 b,TOI-3235,Transit,2023.0,Transiting Exoplanet Survey Satellite (TESS),2.59261842,11.39953337,211.35589065,604.0,3388.8,0.3697,0.3939,72.811,207.4738488,-46.0665139
TOI-3261 b,TOI-3261,Transit,2024.0,Transiting Exoplanet Survey Satellite (TESS),0.8831331,3.82,30.3,1722.0,5068.0,0.849,0.861,300.141,47.7285242,-73.531972
TOI-3288 b,TOI-3288,Transit,2025.0,Transiting Exoplanet Survey Satellite (TESS),1.4338647,12.24020692,536.17652261,973.0,4072.0,0.672,0.643,200.5,297.1103158,-43.0180008
TOI-329 b,TOI-329,Transit,2024.0,Transiting Exoplanet Survey Satellite (TESS),5.70439,4.94057819,40.4,1213.02,5614.0,1.5326,1.0678,284.388,351.3210955,-15.6346313
TOI-332 b,TOI-332,Transit,2023.0,Transiting Exoplanet Survey Satellite (TESS),0.777038,3.2,57.2,1871.0,5251.0,0.87,0.88,222.852,348.0589516,-44.8764852
TOI-3321 b,TOI-3321,Transit,2024.0,Transiting Exoplanet Survey Satellite (TESS),3.6525145,15.55806521,176.07693748,1616.0,5850.0,1.549,1.041,285.895,265.7603351,-65.0082516
TOI-333 b,TOI-333,Transit,2025.0,Transiting Exoplanet Survey Satellite (TESS),3.7852503,4.26,20.1,1445.0,6241.0,1.1,1.2,352.269,353.3574989,-41.1715206
TOI-3331 A b,TOI-3331 A,Transit,2022.0,Transiting Exoplanet Survey Satellite (TESS),2.0180231,12.97999965,721.47048389,1488.0,5609.0,0.952,1.016,217.193,271.3241672,-34.107171
TOI-3353.01,TOI-3353,Transit,2024.0,Transiting Exoplanet Survey Satellite (TESS),4.6657965,2.6667555,7.59,1264.36,6365.0,1.0207,1.332089,78.7577,106.5298146,-75.8195594
TOI-3362 b,TOI-3362,Transit,2021.0,Transiting Exoplanet Survey Satellite (TESS),18.09547,12.80065596,1598.3590588,688.0,6532.0,1.83,1.445,366.987,155.9841428,-56.8431169
TOI-3364 b,TOI-3364,Transit,2023.0,Transiting Exoplanet Survey Satellite (TESS),5.8768918,12.22899794,530.77343969,1264.0,5706.0,1.419,1.186,277.899,144.5377709,-49.3352226
TOI-3464 b,TOI-3464,Transit,2025.0,Transiting Exoplanet Survey Satellite (TESS),3.6515568,13.7646283,397.28550875,1693.0,6370.0,1.56,1.363,597.774,234.4830357,-44.7899772
TOI-3474 b,TOI-3474,Transit,2025.0,Transiting Exoplanet Survey Satellite (TESS),3.8795105,14.67255574,193.87532827,1451.0,6020.0,1.256,1.121,420.123,233.5033482,-47.9636597
TOI-3486 b,TOI-3486,Transit,2025.0,Transiting Exoplanet Survey Satellite (TESS),2.21778105,10.5700688,99.16246298,1190.0,4930.0,0.788,0.837,154.715,249.4432035,-59.3051077
TOI-3493 b,TOI-3493,Transit,2025.0,Transiting Exoplanet Survey Satellite (TESS),8.1594667,3.22,8.97,1102.0,5844.0,1.228,1.023,96.7224,205.7990331,-22.5854441
TOI-3523 A b,TOI-3523 A,Transit,2025.0,Transiting Exoplanet Survey Satellite (TESS),2.30458952,15.9727975,435.42491759,1984.0,6450.0,1.448,1.131,645.294,304.2834581,42.9065338
TOI-3540 A b,TOI-3540 A,Transit,2022.0,Transiting Exoplanet Survey Satellite (TESS),3.119999,23.53885947,375.03752026,1498.0,5810.0,1.228,1.081,,328.9113712,28.1794996
TOI-3568 b,TOI-3568,Transit,2024.0,Transiting Exoplanet Survey Satellite (TESS),4.417965,5.3,26.4,899.0,4969.0,0.719,0.78,197.906,322.6023682,34.7395805
TOI-3593 b,TOI-3593,Transit,2025.0,Transiting Exoplanet Survey Satellite (TESS),3.8212867,11.02963701,565.73456446,1170.0,5550.0,0.918,1.015,226.63,331.506364,34.2116583
TOI-3629 b,TOI-3629,Transit,2022.0,Transiting Exoplanet Survey Satellite (TESS),3.936551,8.29464572,82.63538582,690.0,3870.0,0.6,0.63,130.091,359.7933851,39.3142556
TOI-3682 b,TOI-3682,Transit,2025.0,Transiting Exoplanet Survey Satellite (TESS),3.3462406,12.80065596,69.28659273,1657.0,5703.0,1.735,1.32,404.211,50.2752271,25.2972658
TOI-3688 A b,TOI-3688 A,Transit,2023.0,Transiting Exoplanet Survey Satellite (TESS),3.246075,13.08088048,311.47183886,1534.0,5950.0,1.302,1.199,396.378,39.2823371,54.8512152
TOI-3693 b,TOI-3693,Transit,2022.0,Transiting Exoplanet Survey Satellite (TESS),9.088516,12.59889431,324.18497514,801.0,5321.0,0.791,0.867,176.436,15.6543938,51.3038918
TOI-3714 b,TOI-3714,Transit,2022.0,Transiting Exoplanet Survey Satellite (TESS),2.154849,11.32107051,222.4798849,750.0,3660.0,0.51,0.53,112.71,69.5523415,39.4580035
TOI-375 b,TOI-375,Transit,2026.0,Transiting Exoplanet Survey Satellite (TESS),9.45469,10.77183045,236.78216321,1373.0,5259.9,2.9,1.441,396.213,47.1499034,-77.3833275
TOI-375 c,TOI-375,Radial Velocity,2026.0,Multiple Observatories,115.5,13.4,669.34662514,596.0,5259.9,2.9,1.441,396.213,47.1499034,-77.3833275
TOI-375 d,TOI-375,Radial Velocity,2026.0,Multiple Observatories,297.9,13.6,445.59542661,434.0,5259.9,2.9,1.441,396.213,47.1499034,-77.3833275
TOI-3757 b,TOI-3757,Transit,2022.0,Transiting Exoplanet Survey Satellite (TESS),3.438753,12.0,85.3,759.0,3913.0,0.62,0.64,181.139,91.0036423,55.0199793
TOI-3785 b,TOI-3785,Transit,2023.0,Transiting Exoplanet Survey Satellite (TESS),4.6747373,5.14,14.95,582.0,3576.0,0.5,0.52,79.7634,130.9002258,63.0780768
TOI-3807 b,TOI-3807,Transit,2023.0,Transiting Exoplanet Survey Satellite (TESS),2.8989727,18.49481816,330.54154328,1646.0,5772.0,1.468,1.181,421.745,139.1125648,69.0741284
TOI-3819 b,TOI-3819,Transit,2023.0,Transiting Exoplanet Survey Satellite (TESS),3.2443141,13.13692538,352.78953177,1633.0,5859.0,1.538,1.242,558.141,121.8632568,29.3886446
TOI-3837 b,TOI-3837,Transit,2025.0,Transiting Exoplanet Survey Satellite (TESS),11.88865,10.87271128,187.51876013,1178.0,5905.0,1.2,0.89,311.705,152.6662832,24.2731213
TOI-3856 b,TOI-3856,Transit,2025.0,Transiting Exoplanet Survey Satellite (TESS),2.04360352,13.59649359,171.62733978,1544.0,5622.0,1.055,1.096,314.443,145.2229223,27.950158
TOI-3862 b,TOI-3862,Transit,2026.0,Transiting Exoplanet Survey Satellite (TESS),1.55745774,5.53,53.7,1539.0,5300.0,0.92,0.9,249.02,185.9005633,50.5446246
TOI-3877 b,TOI-3877,Transit,2025.0,Transiting Exoplanet Survey Satellite (TESS),4.123596,11.67975789,99.7981198,1445.0,5731.0,1.445,1.16,493.77,170.4544727,33.9913822
TOI-3884 b,TOI-3884,Transit,2022.0,Transiting Exoplanet Survey Satellite (TESS),4.5445828,6.43,32.59,441.0,3180.0,0.302,0.298,43.1448,181.5718341,12.5070258
TOI-3894 b,TOI-3894,Transit,2024.0,Transiting Exoplanet Survey Satellite (TESS),4.33454,15.27784069,260.61929374,1531.0,6000.0,1.502,1.138,417.365,201.3748265,52.7681036
TOI-3896 b,TOI-3896,Transit,2026.0,Transiting Exoplanet Survey Satellite (TESS),4.37730369667,3.14949237,10.1,966.0,5110.91,0.747752,0.86,181.653,187.9302395,63.9085462
TOI-3912 b,TOI-3912,Transit,2023.0,Transiting Exoplanet Survey Satellite (TESS),3.4936264,14.28024141,129.03833324,1512.0,5725.0,1.392,1.088,465.992,215.8014956,24.0765639
TOI-3919 b,TOI-3919,Transit,2024.0,Transiting Exoplanet Survey Satellite (TESS),7.433234,12.31866979,1233.17421916,1198.0,6100.0,1.319,1.208,604.591,208.9447534,40.3918061
TOI-3976 A b,TOI-3976 A,Transit,2023.0,Transiting Exoplanet Survey Satellite (TESS),6.607662,12.27383387,55.61997123,1295.0,5975.0,1.501,1.254,516.087,224.3560083,44.2743223
TOI-3980 b,TOI-3980,Transit,2025.0,Transiting Exoplanet Survey Satellite (TESS),3.6089254,14.4595851,187.51876013,1621.0,5840.0,1.626,1.24,486.721,12.8419374,59.5758606
TOI-3984 A b,TOI-3984 A,Transit,2023.0,Transiting Exoplanet Survey Satellite (TESS),4.353326,7.9,44.0,563.0,3476.0,0.47,0.49,108.883,226.3371468,36.7869747
TOI-4010 b,TOI-4010,Transit,2023.0,Transiting Exoplanet Survey Satellite (TESS),1.348335,3.02,11.0,1441.0,4960.0,0.83,0.88,177.504,20.2148196,66.0722009
TOI-4010 c,TOI-4010,Transit,2023.0,Transiting Exoplanet Survey Satellite (TESS),5.414654,5.93,20.31,907.0,4960.0,0.83,0.88,177.504,20.2148196,66.0722009
TOI-4010 d,TOI-4010,Transit,2023.0,Transiting Exoplanet Survey Satellite (TESS),14.70886,6.18,38.15,650.0,4960.0,0.83,0.88,177.504,20.2148196,66.0722009
TOI-4010 e,TOI-4010,Radial Velocity,2023.0,Roque de los Muchachos Observatory,762.0,13.3,692.0,174.0,4960.0,0.83,0.88,177.504,20.2148196,66.0722009
TOI-4029 b,TOI-4029,Transit,2026.0,Transiting Exoplanet Survey Satellite (TESS),5.88498234631,6.73756618,36.6,1142.0,5662.53,1.17834,1.018,274.436,239.2337189,16.9802854
TOI-4030 b,TOI-4030,Transit,2026.0,Transiting Exoplanet Survey Satellite (TESS),2.50900199461,5.8462559,28.8,1384.0,5640.37,0.991737,0.98,571.615,277.6228367,56.7704522
TOI-406 c,TOI-406,Transit,2024.0,Transiting Exoplanet Survey Satellite (TESS),3.307441,1.32,2.08,584.0,3392.0,0.41,0.408,31.0597,49.2626428,-42.2441492
TOI-406.01,TOI-406,Transit,2024.0,Transiting Exoplanet Survey Satellite (TESS),13.175682,2.08,6.57,368.0,3392.0,0.41,0.408,31.0597,49.2626428,-42.2441492
TOI-4087 b,TOI-4087,Transit,2023.0,Transiting Exoplanet Survey Satellite (TESS),3.1774835,13.04725353,232.01473711,1458.0,6060.0,1.112,1.178,301.676,217.9257785,83.3727061
TOI-411 b,HD 22946,Transit,2022.0,Transiting Exoplanet Survey Satellite (TESS),4.040295,1.362,13.71,1241.0,6169.0,1.117,1.098,62.7792,54.819538,-42.7630276
TOI-411 c,HD 22946,Transit,2022.0,Transiting Exoplanet Survey Satellite (TESS),9.573083,2.328,9.72,931.0,6169.0,1.117,1.098,62.7792,54.819538,-42.7630276
TOI-4127 b,TOI-4127,Transit,2023.0,Transiting Exoplanet Survey Satellite (TESS),56.3987,12.07,743.71847238,556.0,6096.0,1.293,1.23,319.632,105.4045516,72.4149297
TOI-4137 b,TOI-4137,Transit,2022.0,Transiting Exoplanet Survey Satellite (TESS),3.8016122,13.57407563,457.67290608,1570.0,6202.0,1.438,1.313,334.993,77.612879,70.391079
TOI-4145 A b,TOI-4145 A,Transit,2023.0,Transiting Exoplanet Survey Satellite (TESS),4.0664428,13.30506009,136.66621501,1074.0,5281.0,0.859,0.905,205.387,39.4297435,80.2673838
TOI-4153 b,TOI-4153,Transit,2024.0,Transiting Exoplanet Survey Satellite (TESS),4.6174141,16.11851425,365.50266805,1669.0,6860.0,1.605,1.572,423.84,335.3934698,82.2160792
TOI-4155 b,TOI-4155,Transit,2025.0,Transiting Exoplanet Survey Satellite (TESS),3.320729,3.21,10.4,1255.0,5724.0,0.95,1.16,240.737,325.6362269,77.7343836
TOI-4156 b,TOI-4156,Transit,2026.0,Transiting Exoplanet Survey Satellite (TESS),4.46189034133,2.53823825,6.98,1289.0,5971.64,1.03963,1.1,213.719,230.7808336,76.3318816
TOI-4156 c,TOI-4156,Transit,2026.0,Transiting Exoplanet Survey Satellite (TESS),12.82282706375,2.92303762,8.87,809.32,5971.64,1.03963,1.1,213.719,230.7808336,76.3318816
TOI-4184 b,TOI-4184,Transit,2023.0,Transiting Exoplanet Survey Satellite (TESS),4.9019804,2.43,6.48,412.0,3238.0,0.2347,0.2109,69.3649,43.8284749,-79.4147039
TOI-4201 b,TOI-4201,Transit,2023.0,Transiting Exoplanet Survey Satellite (TESS),3.5819194,13.67495645,788.21444936,725.0,3794.0,0.63,0.61,189.011,90.4747237,-13.461371
TOI-421 b,TOI-421,Transit,2020.0,Transiting Exoplanet Survey Satellite (TESS),5.197576,2.64,6.7,922.0,5291.0,0.866,0.833,74.7969,81.8532824,-14.2767404
TOI-421 c,TOI-421,Transit,2020.0,Transiting Exoplanet Survey Satellite (TESS),16.067541,5.09,14.1,635.0,5291.0,0.866,0.833,74.7969,81.8532824,-14.2767404
TOI-4214 b,TOI-4214,Transit,2025.0,Transiting Exoplanet Survey Satellite (TESS),3.4913885,10.68215861,165.27077164,1642.0,6370.0,1.434,1.382,346.881,110.2495104,-13.9262649
TOI-4308 b,TOI-4308,Transit,2023.0,Transiting Exoplanet Survey Satellite (TESS),9.151201,2.4189,6.43,763.05,5243.0,0.7934,0.9,108.932,327.7530693,-43.5623642
TOI-431 b,TOI-431,Transit,2021.0,Transiting Exoplanet Survey Satellite (TESS),0.490047,1.28,3.07,1862.0,4850.0,0.731,0.78,32.5686,83.2692502,-26.7238698
TOI-431 c,TOI-431,Radial Velocity,2021.0,La Silla Observatory,4.8494,1.49,2.83,867.0,4850.0,0.731,0.78,32.5686,83.2692502,-26.7238698
TOI-431 d,TOI-431,Transit,2021.0,Transiting Exoplanet Survey Satellite (TESS),12.46103,3.29,9.9,633.0,4850.0,0.731,0.78,32.5686,83.2692502,-26.7238698
TOI-4311 b,TOI-4311,Transit,2026.0,Transiting Exoplanet Survey Satellite (TESS),0.9902738,1.376,4.5,1664.0,5063.0,0.8441,0.816,134.988,41.6855224,-31.1793201
TOI-4311 c,TOI-4311,Transit,2026.0,Transiting Exoplanet Survey Satellite (TESS),15.070425,2.47,13.58,671.0,5063.0,0.8441,0.816,134.988,41.6855224,-31.1793201
TOI-4329 b,TOI-4329,Transit,2022.0,Transiting Exoplanet Survey Satellite (TESS),2.9223,16.81347105,143.02278315,2027.12,6000.0,2.31,1.538,717.128,329.5639152,71.1316048
TOI-4336 A b,TOI-4336 A,Transit,2024.0,Transiting Exoplanet Survey Satellite (TESS),16.336351,2.137,3.33,309.4,3307.0,0.326,0.306,22.5455,206.1070129,-40.3373505
TOI-4336 A c,TOI-4336 A,Transit,2026.0,Multiple Observatories,7.587266,1.251,1.55,399.5,3307.0,0.326,0.306,22.5455,206.1070129,-40.3373505
TOI-4342 b,TOI-4342,Transit,2023.0,Transiting Exoplanet Survey Satellite (TESS),5.5382592,2.329,7.3,639.0,3866.0,0.598,0.587,61.5204,324.3894196,-77.9791468
TOI-4342 c,TOI-4342,Transit,2023.0,Transiting Exoplanet Survey Satellite (TESS),10.688662,2.349,4.8,514.0,3866.0,0.598,0.587,61.5204,324.3894196,-77.9791468
TOI-4363 b,TOI-4363,Transit,2026.0,Transiting Exoplanet Survey Satellite (TESS),2.11867592279,1.76689273,3.77,884.71,4278.45,0.69132,0.62,77.7751,37.1105554,-12.5493631
TOI-4364 b,TOI-4364,Transit,2025.0,Transiting Exoplanet Survey Satellite (TESS),5.424019,2.01,4.7,488.0,3528.0,0.4684,0.487,43.9662,80.066927,-4.2392481
TOI-4377 b,TOI-4377,Transit,2023.0,Transiting Exoplanet Survey Satellite (TESS),4.378081,15.10970598,304.1617855,1162.08,4974.0,3.52,1.36,455.82,164.9324709,-82.2213501
TOI-4379 b,TOI-4379,Transit,2024.0,Transiting Exoplanet Survey Satellite (TESS),3.25352,16.69017226,353.74301699,1869.38,6020.0,1.976,1.372,645.158,252.0478813,-32.4337532
TOI-4405 b,TOI-4405,Transit,2026.0,Transiting Exoplanet Survey Satellite (TESS),5.92143995316,2.55505441,7.06,671.87,4467.38,0.687025,0.68,155.501,101.5953368,-75.4441271
TOI-4406 b,TOI-4406,Transit,2023.0,Transiting Exoplanet Survey Satellite (TESS),30.08364,11.2089807,95.3485221,904.0,6219.0,1.29,1.19,261.834,18.0485164,-56.9253875
TOI-4438 b,TOI-4438,Transit,2024.0,Transiting Exoplanet Survey Satellite (TESS),7.44628,2.52,5.4,435.0,3422.0,0.372,0.368,30.0346,270.3172389,35.5948992
TOI-444 b,TOI-444,Transit,2023.0,Transiting Exoplanet Survey Satellite (TESS),17.9636,2.77,8.1,609.0,5225.0,0.779,0.96,57.3973,64.1839982,-26.7664071
TOI-4443.01,TOI-4443,Transit,2024.0,Transiting Exoplanet Survey Satellite (TESS),1.8498567,1.7193265,3.6,1638.82,5834.0,1.01733,1.049133,56.0739,274.2686643,21.9095459
TOI-4463 A b,TOI-4463 A,Transit,2023.0,Transiting Exoplanet Survey Satellite (TESS),2.8807198,13.26022417,252.35575516,1395.0,5640.0,1.062,1.056,173.117,279.3581286,18.7299522
TOI-4465 b,TOI-4465,Transit,2025.0,Transiting Exoplanet Survey Satellite (TESS),101.94054,14.01122587,1872.00931723,427.0,5545.0,1.014,0.93,121.139,276.1340312,15.8418856
TOI-4479 b,TOI-4479,Transit,2022.0,Transiting Exoplanet Survey Satellite (TESS),1.1589,2.82,8.35,861.0,3400.0,0.451,0.452,80.6532,316.0969388,24.6536739
TOI-4487 A b,TOI-4487 A,Transit,2025.0,Transiting Exoplanet Survey Satellite (TESS),3.9540709,14.60530185,397.28550875,1639.0,6206.0,1.634,1.378,479.145,306.4220814,45.9710306
TOI-4495 b,TOI-4495,Transit,2026.0,Transiting Exoplanet Survey Satellite (TESS),2.56699,2.483,7.7,1735.0,6210.0,1.309,1.247,132.214,286.3624951,37.0259902
TOI-4495 c,TOI-4495,Transit,2024.0,Transiting Exoplanet Survey Satellite (TESS),5.18553,4.03,23.2,1365.0,6210.0,1.309,1.247,132.214,286.3624951,37.0259902
TOI-4504 b,TOI-4504,Transit,2024.0,Transiting Exoplanet Survey Satellite (TESS),2.42614,2.691,7.71,1234.03,5315.0,0.92,0.89,342.605,114.4673065,-62.0782776
TOI-4504 c,TOI-4504,Transit,2024.0,Transiting Exoplanet Survey Satellite (TESS),82.97213,11.09689089,1197.32317485,182.8,5315.0,0.92,0.89,342.605,114.4673065,-62.0782776
TOI-4504 d,TOI-4504,Transit Timing Variations,2024.0,Multiple Observatories,40.5634,13.6,450.23572136,,5315.0,0.92,0.89,342.605,114.4673065,-62.0782776
TOI-4507 b,TOI-4507,Transit,2025.0,Transiting Exoplanet Survey Satellite (TESS),104.61611,8.2,20.0,562.01,6260.0,1.04,1.11,178.26,80.4513677,-69.9882175
TOI-451 b,TOI-451,Transit,2020.0,Transiting Exoplanet Survey Satellite (TESS),1.8587033,1.84,4.7,1474.0,5490.0,0.85,0.93,123.739,62.966385,-37.93973
TOI-451 c,TOI-451,Transit,2020.0,Transiting Exoplanet Survey Satellite (TESS),9.192463,2.93,3.7,865.0,5490.0,0.85,0.93,123.739,62.966385,-37.93973
TOI-451 d,TOI-451,Transit,2020.0,Transiting Exoplanet Survey Satellite (TESS),16.364962,3.93,10.2,714.0,5490.0,0.85,0.93,123.739,62.966385,-37.93973
TOI-4511 b,TOI-4511,Transit,2026.0,Transiting Exoplanet Survey Satellite (TESS),10.98090968596,2.75304932,8.01,1542.0,5418.77,1.00145,1.017,121.832,49.3052786,15.5017268
TOI-4513 b,TOI-4513,Transit,2026.0,Transiting Exoplanet Survey Satellite (TESS),9.76042253684,2.34587608,6.11,653.0,5623.93,0.796628,0.979,102.609,18.0905179,13.7550796
TOI-4515 b,TOI-4515,Transit,2024.0,Transiting Exoplanet Survey Satellite (TESS),15.266446,12.17,637.0,705.0,5433.0,0.86,0.949,193.499,21.1861778,21.5130638
TOI-4527.01,TOI-4527,Transit,2024.0,Transiting Exoplanet Survey Satellite (TESS),0.3994445,0.9086617,0.689,1362.93,3702.0,0.485948,0.483901,18.1037,19.4722574,5.4711996
TOI-4529 b,TOI-4529,Transit,2026.0,Transiting Exoplanet Survey Satellite (TESS),5.879577,1.77,4.9,511.0,3697.0,0.48,0.482,28.384,16.9688462,12.8809549
TOI-4551 b,TOI-4551,Transit,2023.0,Transiting Exoplanet Survey Satellite (TESS),9.95581,11.85910158,473.56432643,1655.0,4896.0,3.55,1.31,215.986,184.9787579,-25.8278531
TOI-4552 b,TOI-4552,Transit,2026.0,Transiting Exoplanet Survey Satellite (TESS),0.30110032,1.11,1.83,1122.0,3258.0,0.2869,0.2619,27.2684,264.7142556,-47.6370457
TOI-4559 b,TOI-4559,Transit,2024.0,Transiting Exoplanet Survey Satellite (TESS),3.965991,1.415,2.59,554.16,3558.0,0.374,0.392,31.6354,211.0135378,-30.0141252
TOI-4561 b,TOI-4561,Transit,2026.0,Transiting Exoplanet Survey Satellite (TESS),8.93547936706,1.77789214,3.81,789.81,5537.93,0.851957,1.0,179.008,60.9618951,-76.0214574
TOI-4562 b,TOI-4562,Transit,2023.0,Transiting Exoplanet Survey Satellite (TESS),225.1064,12.53,732.0,318.0,6096.0,1.152,1.192,339.605,112.0100593,-63.5177788
TOI-4562 c,TOI-4562,Transit Timing Variations,2024.0,Multiple Observatories,3990.0,12.8,1833.86990839,,6096.0,1.152,1.192,339.605,112.0100593,-63.5177788
TOI-4578 b,TOI-4578,Transit,2026.0,Transiting Exoplanet Survey Satellite (TESS),8.62392630369,2.26974262,5.77,842.42,5951.32,0.878735,1.077,182.249,184.2109675,75.1402358
TOI-4582 b,TOI-4582,Transit,2023.0,Transiting Exoplanet Survey Satellite (TESS),31.034,10.53644186,168.44905571,614.66,5190.0,2.5,1.34,383.846,256.8601374,68.8656263
TOI-4588 b,TOI-4588,Transit,2026.0,Kepler,13.11881173651,2.92922558,8.9,1768.0,7746.12,1.57458,2.018,225.181,282.0004201,48.542256
TOI-4600 b,TOI-4600,Transit,2023.0,Transiting Exoplanet Survey Satellite (TESS),82.6869,6.8,959.84178914,347.0,5170.0,0.81,0.89,216.056,258.4503674,64.5661727
TOI-4600 c,TOI-4600,Transit,2023.0,Transiting Exoplanet Survey Satellite (TESS),482.8191,9.42,2946.26933289,191.0,5170.0,0.81,0.89,216.056,258.4503674,64.5661727
TOI-4602.01,TOI-4602,Transit,2024.0,Transiting Exoplanet Survey Satellite (TESS),3.9812091,2.550449,7.04,1380.27,6011.9,1.15664,1.116795,63.0637,60.6003316,31.3298354
TOI-4603 b,TOI-4603,Transit,2023.0,Transiting Exoplanet Survey Satellite (TESS),7.24599,11.67975789,4096.80816623,1677.0,6264.0,2.738,1.765,225.643,83.8659288,21.2942417
TOI-4633 c,TOI-4633,Transit,2024.0,Transiting Exoplanet Survey Satellite (TESS),271.9445,3.2,123.0,268.57,5800.0,1.05,1.1,95.2016,256.8431021,62.475548
TOI-4638.01,TOI-4638,Transit,2024.0,Transiting Exoplanet Survey Satellite (TESS),10.283918787,2.933,8.92,779.83,5700.0,0.895,1.02,168.248,12.8206627,12.7879858
TOI-4640 b,TOI-4640,Transit,2026.0,Transiting Exoplanet Survey Satellite (TESS),2.68566015238,2.84326517,8.46,1378.86,5743.01,1.06715,1.1,245.089,38.205319,10.0724659
TOI-4641 b,TOI-4641,Transit,2023.0,Transiting Exoplanet Survey Satellite (TESS),22.09341,8.18255591,1229.99593509,950.11,6560.0,1.72,1.41,86.3501,42.5582023,25.3335334
TOI-4662 b,TOI-4662,Transit,2026.0,Transiting Exoplanet Survey Satellite (TESS),4.70343764575,2.87998299,8.65,741.0,4520.41,0.69375,0.703,111.047,57.5160311,-31.0940247
TOI-4666 b,TOI-4666,Transit,2025.0,Transiting Exoplanet Survey Satellite (TESS),2.9089165,12.53164042,155.41809102,695.0,3793.0,0.585,0.576,154.749,56.2898862,-39.0631799
TOI-469.01,TOI-469,Transit,2021.0,Transiting Exoplanet Survey Satellite (TESS),13.6308205,3.41,9.1,716.0,5289.0,0.98,0.901,68.192,93.0578446,-14.6493167
TOI-470 b,TOI-470,Transit,2023.0,Transiting Exoplanet Survey Satellite (TESS),12.19148,4.34,17.4,660.0,5190.0,0.831,0.87,130.46,94.0099043,-25.0314111
TOI-4734 b,TOI-4734,Transit,2025.0,Transiting Exoplanet Survey Satellite (TESS),6.235633,10.9175472,61.65871096,1468.0,6070.0,1.857,1.391,563.068,90.3581219,12.5478825
TOI-4747 b,TOI-4747,Transit,2026.0,Transiting Exoplanet Survey Satellite (TESS),5.21924158592,3.95803201,14.8,1035.0,5595.08,0.988751,1.01,304.615,86.427665,-45.0292291
TOI-4773 b,TOI-4773,Transit,2025.0,Transiting Exoplanet Survey Satellite (TESS),1.7452851,15.22179579,1687.66884117,2255.0,6740.0,1.55,1.452,492.888,114.9426489,-21.4856184
TOI-4791 b,TOI-4791,Transit,2023.0,Transiting Exoplanet Survey Satellite (TESS),4.28088,12.44196858,734.18362017,1472.0,6058.0,1.409,1.242,328.802,109.3883818,-19.8289392
TOI-4794 b,TOI-4794,Transit,2025.0,Transiting Exoplanet Survey Satellite (TESS),3.5658116,14.35870428,308.29355479,1673.0,6390.0,1.451,1.25,543.008,110.4835517,-12.5654781
TOI-480 b,TOI-480,Transit,2024.0,Transiting Exoplanet Survey Satellite (TESS),6.866196,2.85372018,20.8,1198.94,6174.0,1.4877,1.2793,54.5306,88.3784618,-16.2653974
TOI-481 b,TOI-481,Transit,2020.0,Transiting Exoplanet Survey Satellite (TESS),10.33111,11.09691,486.2799,1370.0,5735.0,1.66,1.14,179.366,110.5126861,-57.384998
TOI-4860 b,TOI-4860,Transit,2023.0,Transiting Exoplanet Survey Satellite (TESS),1.5227591,8.7,86.7,694.0,3260.0,0.358,0.34,80.1423,183.563961,-13.1748411
TOI-4898 b,TOI-4898,Transit,2026.0,Transiting Exoplanet Survey Satellite (TESS),2.76520470167,3.7197954,13.4,667.0,4201.57,0.639344,0.619077,98.5958,197.3416711,-32.8294537
TOI-4914 b,TOI-4914,Transit,2024.0,Transiting Exoplanet Survey Satellite (TESS),10.60057,12.87,227.0,894.0,5805.0,1.0,1.03,299.89,204.5426717,-28.1429206
TOI-4930 b,TOI-4930,Transit,2026.0,Transiting Exoplanet Survey Satellite (TESS),6.78130241498,6.93277225,38.4,1169.0,5624.72,1.15926,1.04,413.757,208.6418883,-45.1544786
TOI-4940 b,TOI-4940,Transit,2025.0,Transiting Exoplanet Survey Satellite (TESS),25.867811,6.61,89.0,643.0,5504.0,1.163,1.012,345.659,58.2511684,-62.4079681
TOI-4961 b,TOI-4961,Transit,2025.0,Transiting Exoplanet Survey Satellite (TESS),7.479182,12.34108775,572.0911326,919.0,5380.0,0.912,0.912,213.073,192.5018624,-59.8919345
TOI-4994 b,TOI-4994,Transit,2024.0,Transiting Exoplanet Survey Satellite (TESS),21.491984,8.54124329,88.99195396,717.6,5640.0,1.055,1.005,329.304,283.1325335,-78.4344302
TOI-500 b,TOI-500,Transit,2022.0,Transiting Exoplanet Survey Satellite (TESS),0.548177,1.166,1.42,1617.0,4440.0,0.678,0.74,47.3924,106.559098,-47.5878156
TOI-500 c,TOI-500,Radial Velocity,2022.0,La Silla Observatory,6.6356,2.09,5.03,,4440.0,0.678,0.74,47.3924,106.559098,-47.5878156
TOI-500 d,TOI-500,Radial Velocity,2022.0,La Silla Observatory,26.233,6.35,33.12,,4440.0,0.678,0.74,47.3924,106.559098,-47.5878156
TOI-500 e,TOI-500,Radial Velocity,2022.0,La Silla Observatory,61.3,3.99,15.05,,4440.0,0.678,0.74,47.3924,106.559098,-47.5878156
TOI-5005 b,TOI-5005,Transit,2024.0,Transiting Exoplanet Survey Satellite (TESS),6.3085044,6.25,32.7,1040.0,5749.0,0.93,0.97,207.891,238.108194,-48.1451
TOI-5007 b,TOI-5007,Transit,2026.0,Transiting Exoplanet Survey Satellite (TESS),2.543371,11.07447293,211.03806225,774.0,3793.0,0.656,0.632,203.352,236.0638704,-61.0413649
TOI-5027 b,TOI-5027,Transit,2025.0,Transiting Exoplanet Survey Satellite (TESS),10.24368,10.76062147,642.01338214,1056.0,5909.0,0.92,1.02,204.429,243.8850212,-69.2170972
TOI-5076 b,TOI-5076,Transit,2024.0,Transiting Exoplanet Survey Satellite (TESS),23.443162,3.48935569,16.14568308,550.0,4780.0,0.844,0.789,82.857,50.5104166,17.2392094
TOI-5082.01,TOI-5082,Transit,2024.0,Transiting Exoplanet Survey Satellite (TESS),4.240122,2.54811,7.03,1164.91,5670.0,0.93,0.99665,43.1406,106.569578,22.6831477
TOI-5108 b,TOI-5108,Transit,2025.0,Transiting Exoplanet Survey Satellite (TESS),6.753581,6.6,32.0,1180.0,5808.0,1.29,1.1,130.919,166.2695041,11.2464069
TOI-5110 b,TOI-5110,Transit,2024.0,Transiting Exoplanet Survey Satellite (TESS),30.158577,11.98240037,921.7023803,976.0,6160.0,2.333,1.469,392.259,94.4042694,31.6103309
TOI-512 b,TOI-512,Transit,2025.0,Transiting Exoplanet Survey Satellite (TESS),7.18886,1.54,3.57,1009.0,5277.0,0.89,0.74,67.3975,96.6467023,-38.6072095
TOI-5126 b,TOI-5126,Transit,2023.0,Transiting Exoplanet Survey Satellite (TESS),5.4588385,4.74,20.2,1442.0,6150.0,1.241,1.24,160.414,151.6597827,18.6340631
TOI-5126 c,TOI-5126,Transit,2023.0,Transiting Exoplanet Survey Satellite (TESS),17.8999,3.86,14.2,971.0,6150.0,1.241,1.24,160.414,151.6597827,18.6340631
TOI-5143 c,TOI-5143,Transit,2025.0,Transiting Exoplanet Survey Satellite (TESS),5.2097118,16.25302201,,904.48,5183.0,0.852,0.864,181.38,165.3651202,5.1394812
TOI-5153 b,TOI-5153,Transit,2022.0,Transiting Exoplanet Survey Satellite (TESS),20.33003,11.88151954,1036.12060682,906.0,6300.0,1.4,1.24,390.484,91.5403204,-19.9534443
TOI-5159 b,TOI-5159,Transit,2026.0,Transiting Exoplanet Survey Satellite (TESS),5.83639428843,1.54732112,3.01,866.29,5156.16,0.854084,0.9,55.1788,142.7859562,20.0193431
TOI-5160 b,TOI-5160,Transit,2026.0,Transiting Exoplanet Survey Satellite (TESS),4.280773256,2.39729851,6.33,1016.0,5622.14,1.03315,1.003,151.465,114.6393985,31.3944536
TOI-5174 b,TOI-5174,Transit,2022.0,Transiting Exoplanet Survey Satellite (TESS),12.214286,5.351,24.8,808.37,5643.77,1.09457,1.0,197.243,174.1094967,-2.0233506
TOI-5181 A b,TOI-5181 A,Transit,2025.0,Transiting Exoplanet Survey Satellite (TESS),3.8922295,13.34989601,330.54154328,1585.0,6060.0,1.53,1.25,480.155,280.6774738,21.6998203
TOI-519 b,TOI-519,Transit,2021.0,Transiting Exoplanet Survey Satellite (TESS),1.2652328,11.54525012,147.15455244,687.0,3322.0,0.35,0.335,115.557,124.6067582,-19.6627918
TOI-5205 b,TOI-5205,Transit,2023.0,Transiting Exoplanet Survey Satellite (TESS),1.630757,11.6,343.0,737.0,3430.0,0.394,0.392,86.4493,313.7706819,24.360977
TOI-521 b,TOI-521,Transit,2025.0,Transiting Exoplanet Survey Satellite (TESS),1.54285047,1.98,5.3,794.0,3544.0,0.421,0.42,60.9425,123.3442567,12.2221079
TOI-5210 b,TOI-5210,Transit,2025.0,Transiting Exoplanet Survey Satellite (TESS),4.5661061,10.72699453,81.99972901,1286.0,5723.0,1.209,1.105,302.086,314.316923,21.9502055
TOI-5218 b,TOI-5218,Transit,2024.0,Transiting Exoplanet Survey Satellite (TESS),4.291452,9.86,657.0,783.0,4230.0,0.708,0.739,377.483,292.6634642,71.7629612
TOI-5232 b,TOI-5232,Transit,2024.0,Transiting Exoplanet Survey Satellite (TESS),4.0966692,12.778238,743.71847238,1772.0,6500.0,1.785,1.389,609.388,294.3374248,35.2764934
TOI-5238 b,TOI-5238,Transit,2022.0,Transiting Exoplanet Survey Satellite (TESS),4.872171,5.22,23.7,1042.0,5631.0,1.02283,1.0,290.646,223.3588909,68.859472
TOI-5261 b,TOI-5261,Transit,2025.0,Transiting Exoplanet Survey Satellite (TESS),4.1509768,11.60129502,3651.84839643,1244.0,5790.0,1.021,1.037,377.054,305.4585453,19.4358468
TOI-5292 A b,TOI-5292 A,Transit,2026.0,Transiting Exoplanet Survey Satellite (TESS),2.02191,12.64373023,412.85910069,809.0,3919.0,0.611,0.596,337.095,344.2223631,-8.1197473
TOI-5293 A b,TOI-5293 A,Transit,2023.0,Transiting Exoplanet Survey Satellite (TESS),2.930289,11.9,170.4,675.0,3586.0,0.52,0.54,162.229,355.828682,-2.0450945
TOI-530 b,TOI-530,Transit,2021.0,Transiting Exoplanet Survey Satellite (TESS),6.387597,9.30345398,127.1313628,565.0,3659.0,0.54,0.53,148.762,103.4128333,12.8815784
TOI-5300 b,TOI-5300,Transit,2025.0,Transiting Exoplanet Survey Satellite (TESS),2.262196,9.86390302,190.6970442,1043.0,4610.0,0.65,0.67,162.51,356.481137,0.4587978
TOI-5301 b,TOI-5301,Transit,2024.0,Transiting Exoplanet Survey Satellite (TESS),5.858858,13.09208946,1182.32167404,1648.0,6240.0,2.19,1.483,629.161,12.9908008,13.0783712
TOI-5319 b,TOI-5319,Transit,2024.0,Transiting Exoplanet Survey Satellite (TESS),4.07853,2.83,8.4,695.0,3580.0,0.485,0.5,61.171,35.2135563,23.5204408
TOI-532 b,TOI-532,Transit,2021.0,Transiting Exoplanet Survey Satellite (TESS),2.3266508,5.82,61.5,867.0,3927.0,0.612,0.639,135.047,85.0800537,11.5626373
TOI-5322 b,TOI-5322,Transit,2025.0,Transiting Exoplanet Survey Satellite (TESS),5.4233207,16.6117094,184.02264765,1350.0,5692.0,1.462,0.998,476.899,6.5293373,14.3364283
TOI-5335 b,TOI-5335,Transit,2026.0,Transiting Exoplanet Survey Satellite (TESS),3.61365988443,4.02422162,15.3,1048.0,5528.92,0.916633,0.945,331.289,46.9523734,15.3590831
TOI-5340 b,TOI-5340,Transit,2025.0,Transiting Exoplanet Survey Satellite (TESS),4.9394392,15.07607904,270.15414595,1566.0,5990.0,1.842,1.35,532.629,59.3094816,22.3783373
TOI-5344 b,TOI-5344,Transit,2023.0,Transiting Exoplanet Survey Satellite (TESS),3.792622,10.60369574,130.94530368,689.0,3747.0,0.588,0.612,138.367,63.2662165,20.9151568
TOI-5349 b,TOI-5349,Transit,2026.0,Transiting Exoplanet Survey Satellite (TESS),3.317921,10.2,127.4,719.0,3751.0,0.58,0.61,188.336,52.7125703,20.8796279
TOI-5350 b,TOI-5350,Transit,2025.0,Transiting Exoplanet Survey Satellite (TESS),7.581367,12.41955062,2094.48920213,1195.0,6220.0,1.263,1.167,277.419,74.4023015,21.6019759
TOI-5380 b,TOI-5380,Transit,2026.0,Transiting Exoplanet Survey Satellite (TESS),3.77229247873,3.48093238,11.9,1479.0,6400.78,1.5621,1.343,286.781,112.7611492,73.1287844
TOI-5386 A b,TOI-5386 A,Transit,2025.0,Transiting Exoplanet Survey Satellite (TESS),3.62156552,14.70618268,155.10026262,1488.0,6094.0,1.245,1.165,394.486,226.1069193,60.5362318
TOI-5388.01,TOI-5388,Transit,2024.0,Transiting Exoplanet Survey Satellite (TESS),2.5946748,0.99,2.2,488.0,3440.0,0.3,0.292,18.5226,152.1765169,35.5475571
TOI-5398 b,TOI-5398,Transit,2022.0,Transiting Exoplanet Survey Satellite (TESS),10.590547,10.3,58.7,947.0,6000.0,1.051,1.146,130.855,161.8795569,36.3294345
TOI-5398 c,TOI-5398,Transit,2023.0,Transiting Exoplanet Survey Satellite (TESS),4.77271,3.52,11.8,1242.0,6000.0,1.051,1.146,130.855,161.8795569,36.3294345
TOI-540 b,TOI-540,Transit,2020.0,Transiting Exoplanet Survey Satellite (TESS),1.2391491,0.903,0.674,611.0,3216.0,0.1895,0.159,14.0022,76.3096949,-47.9375391
TOI-5422 b,TOI-5422,Transit,2026.0,Transiting Exoplanet Survey Satellite (TESS),5.377219,9.10169233,8899.195396,1369.0,5820.0,1.474,1.066,346.141,86.8436173,25.6260342
TOI-544 b,TOI-544,Transit,2022.0,Transiting Exoplanet Survey Satellite (TESS),1.548352,2.018,2.89,999.0,4169.0,0.623,0.631,41.1166,82.2900716,-0.3428983
TOI-544 c,TOI-544,Radial Velocity,2023.0,La Silla Observatory,50.089,4.92,21.5,,4169.0,0.623,0.631,41.1166,82.2900716,-0.3428983
TOI-5486 b,TOI-5486,Transit,2026.0,Transiting Exoplanet Survey Satellite (TESS),2.02470073205,3.96824928,14.9,752.0,3750.17,0.553216,0.548138,89.6811,190.5495041,3.7886012
TOI-5489 b,TOI-5489,Transit,2025.0,Transiting Exoplanet Survey Satellite (TESS),3.15222,1.4,2.54,624.0,3547.0,0.42,0.41,45.0907,128.691294,11.4895882
TOI-5489 c,TOI-5489,Transit,2025.0,Transiting Exoplanet Survey Satellite (TESS),4.92126,1.28,2.18,536.0,3547.0,0.42,0.41,45.0907,128.691294,11.4895882
TOI-5502 b,TOI-5502,Transit,2026.0,Transiting Exoplanet Survey Satellite (TESS),11.62592988285,4.1287378,15.9,870.0,6088.71,1.32375,1.244,248.654,135.204056,27.9983339
TOI-5515 b,TOI-5515,Transit,2026.0,Transiting Exoplanet Survey Satellite (TESS),8.59225810839,2.65362762,7.53,778.1,5483.65,0.835682,0.963,135.459,139.6163639,16.9899558
TOI-5532 b,TOI-5532,Transit,2026.0,Transiting Exoplanet Survey Satellite (TESS),5.6539659431,2.52763693,6.93,617.33,4208.45,0.662052,0.636083,90.9985,41.3804035,5.1507331
TOI-5542 b,TOI-5542,Transit,2022.0,Transiting Exoplanet Survey Satellite (TESS),75.12375,11.30986153,419.53349724,441.0,5700.0,1.058,0.89,348.849,302.7984228,-61.1354659
TOI-5573 b,TOI-5573,Transit,2025.0,Transiting Exoplanet Survey Satellite (TESS),8.79758977,9.75,112.0,528.0,3790.0,0.594,0.619,186.562,136.4259999,55.3071309
TOI-558 b,TOI-558,Transit,2021.0,Transiting Exoplanet Survey Satellite (TESS),14.574071,12.17295304,1147.36054927,1061.0,6466.0,1.496,1.349,402.63,42.2915093,-58.0246828
TOI-559 b,TOI-559,Transit,2021.0,Transiting Exoplanet Survey Satellite (TESS),6.9839095,12.22899794,1910.14872607,1180.0,5925.0,1.233,1.026,233.266,46.8186159,-31.1629951
TOI-5592 b,TOI-5592,Transit,2025.0,Transiting Exoplanet Survey Satellite (TESS),2.6085846,17.14974047,285.72773789,1789.0,6237.0,1.393,1.194,597.026,106.6800684,65.857249
TOI-5595 b,TOI-5595,Transit,2026.0,Transiting Exoplanet Survey Satellite (TESS),5.99002553853,4.73740402,20.1,621.0,4417.3,0.743344,0.645,136.955,110.4601649,35.2219829
TOI-5599 b,TOI-5599,Transit,2026.0,Transiting Exoplanet Survey Satellite (TESS),5.43691503941,7.1888212,40.9,1496.0,6137.02,1.91334,1.21,547.948,199.3262375,55.6815392
TOI-5605 b,TOI-5605,Transit,2026.0,Transiting Exoplanet Survey Satellite (TESS),5.91340454843,2.52611303,6.92,669.0,4583.79,0.736044,0.68,95.0735,150.5380078,50.1453867
TOI-561 b,TOI-561,Transit,2020.0,Transiting Exoplanet Survey Satellite (TESS),0.4465697,1.397,2.02,2319.0,5342.0,0.843,0.806,85.799,148.1851516,6.216103
TOI-561 c,TOI-561,Transit,2020.0,Transiting Exoplanet Survey Satellite (TESS),10.778838,2.865,5.93,802.0,5342.0,0.843,0.806,85.799,148.1851516,6.216103
TOI-561 d,TOI-561,Transit,2020.0,Transiting Exoplanet Survey Satellite (TESS),25.71268,2.615,13.33,600.0,5342.0,0.843,0.806,85.799,148.1851516,6.216103
TOI-561 e,TOI-561,Transit,2020.0,Transiting Exoplanet Survey Satellite (TESS),77.144,2.517,12.4,416.0,5342.0,0.843,0.806,85.799,148.1851516,6.216103
TOI-5614 b,TOI-5614,Transit,2026.0,Transiting Exoplanet Survey Satellite (TESS),4.17221328949,3.21759316,10.4,817.0,4553.0,0.734919,0.674,223.016,189.4323154,69.4584273
TOI-5616 b,TOI-5616,Transit,2024.0,Transiting Exoplanet Survey Satellite (TESS),2.002849,10.78,624.0,939.0,3996.0,0.646,0.666,390.415,184.9016378,48.6832895
TOI-5624 b,TOI-5624,Transit,2026.0,Transiting Exoplanet Survey Satellite (TESS),3.3903473,2.314,9.4,1136.0,5327.0,0.82,0.858,101.913,180.8443476,49.2512257
TOI-5624 c,TOI-5624,Transit,2026.0,Transiting Exoplanet Survey Satellite (TESS),7.885385,2.474,4.8,857.0,5327.0,0.82,0.858,101.913,180.8443476,49.2512257
TOI-5624 d,TOI-5624,Transit,2026.0,Transiting Exoplanet Survey Satellite (TESS),13.731468,3.584,4.9,712.6,5327.0,0.82,0.858,101.913,180.8443476,49.2512257
TOI-5624 e,TOI-5624,Transit,2026.0,Transiting Exoplanet Survey Satellite (TESS),21.489936,3.247,8.9,613.8,5327.0,0.82,0.858,101.913,180.8443476,49.2512257
TOI-5624 f,TOI-5624,Transit Timing Variations,2026.0,Multiple Observatories,45.37,3.66,13.0,478.5,5327.0,0.82,0.858,101.913,180.8443476,49.2512257
TOI-5630 b,TOI-5630,Transit,2026.0,Transiting Exoplanet Survey Satellite (TESS),3.22118452536,2.37117553,6.22,1541.0,5385.64,0.933361,0.934,134.047,236.4538532,40.3748618
TOI-5634 A b,TOI-5634 A,Transit,2024.0,Transiting Exoplanet Survey Satellite (TESS),2.2035373,10.42,588.0,837.0,3896.0,0.54,0.556,306.144,175.6436366,20.9652921
TOI-564 b,TOI-564,Transit,2020.0,Transiting Exoplanet Survey Satellite (TESS),1.651144,11.43318,464.98529,1714.0,5640.0,1.088,0.998,199.581,130.2951535,-16.0363275
TOI-5678 b,TOI-5678,Transit,2023.0,Transiting Exoplanet Survey Satellite (TESS),47.73022,4.91,20.0,513.0,5485.0,0.938,0.905,165.393,47.3841872,-34.1984808
TOI-5688 A b,TOI-5688 A,Transit,2024.0,Transiting Exoplanet Survey Satellite (TESS),2.94815527,10.3,124.0,742.0,3713.0,0.57,0.6,226.318,266.9231001,47.7050486
TOI-5704 b,TOI-5704,Transit,2023.0,Transiting Exoplanet Survey Satellite (TESS),3.771116,3.2274,10.5,949.07,4590.0,0.7575,0.73,89.637,169.8248694,44.9890782
TOI-5713 b,TOI-5713,Transit,2024.0,Transiting Exoplanet Survey Satellite (TESS),10.441989,1.77,3.78,347.2,3225.0,0.2992,0.2653,40.8668,208.4587323,52.6027628
TOI-5716 b,TOI-5716,Transit,2025.0,Transiting Exoplanet Survey Satellite (TESS),6.7663,0.96,0.84,400.0,3436.0,0.22,0.19,39.4122,201.9007989,73.1774325
TOI-5720 b,TOI-5720,Transit,2024.0,Transiting Exoplanet Survey Satellite (TESS),1.4344555,1.09,4.3,708.0,3325.0,0.383,0.383,35.8256,170.3135774,25.2732942
TOI-5726.01,TOI-5726,Transit,2024.0,Transiting Exoplanet Survey Satellite (TESS),5.491125215,2.554,7.05,1093.03,5874.0,1.106,1.06,108.848,123.3950504,68.5745899
TOI-5728 b,TOI-5728,Transit,2025.0,Transiting Exoplanet Survey Satellite (TESS),11.49761,1.31,2.27,382.0,3419.0,0.37,0.36,54.7045,260.3509363,67.5504212
TOI-5734 b,TOI-5734,Transit,2026.0,Transiting Exoplanet Survey Satellite (TESS),6.1841876,2.1,9.1,688.0,4750.0,0.639,0.724,32.5102,111.2558179,37.2311218
TOI-5736 b,TOI-5736,Transit,2025.0,Transiting Exoplanet Survey Satellite (TESS),0.64899,1.56,3.05,1311.0,3949.0,0.58,0.57,92.3604,213.7583971,49.5009379
TOI-5777 b,TOI-5777,Transit,2026.0,Transiting Exoplanet Survey Satellite (TESS),6.91716177373,3.09551273,9.78,602.0,4408.03,0.671912,0.658,114.277,141.002239,82.8586961
TOI-5786 b,TOI-5786,Transit,2025.0,Transiting Exoplanet Survey Satellite (TESS),12.779107,8.54,73.0,1040.0,6235.0,1.36,1.23,192.475,293.3223259,30.7042468
TOI-5788 b,TOI-5788,Transit,2026.0,Transiting Exoplanet Survey Satellite (TESS),6.340758,1.528,3.72,910.0,5615.0,0.87,0.87,97.614,287.4249017,31.7615284
TOI-5788 c,TOI-5788,Transit,2026.0,Transiting Exoplanet Survey Satellite (TESS),16.213362,2.272,6.4,667.0,5615.0,0.87,0.87,97.614,287.4249017,31.7615284
TOI-5789 b,TOI-5789,Radial Velocity,2026.0,Multiple Observatories,2.76369,1.26,2.12,1201.0,5185.0,0.833,0.821,20.4581,302.7734475,16.1897138
TOI-5789 c,TOI-5789,Transit,,Transiting Exoplanet Survey Satellite (TESS),12.927748,2.86,5.0,718.0,5185.0,0.833,0.821,20.4581,302.7734475,16.1897138
TOI-5789 d,TOI-5789,Radial Velocity,2026.0,Multiple Observatories,29.65,1.91,4.29,545.0,5185.0,0.833,0.821,20.4581,302.7734475,16.1897138
TOI-5789 e,TOI-5789,Radial Velocity,2026.0,Multiple Observatories,62.98,3.43,11.61,424.0,5185.0,0.833,0.821,20.4581,302.7734475,16.1897138
TOI-5795 b,TOI-5795,Transit,2025.0,Transiting Exoplanet Survey Satellite (TESS),6.1406325,5.62,23.66,1136.78,5715.0,1.082,0.901,156.53,304.868782,-7.5476595
TOI-5799 b,TOI-5799,Transit,2024.0,Transiting Exoplanet Survey Satellite (TESS),4.164507,1.733,3.65,505.0,3452.0,0.321,0.325,27.8123,301.630179,15.9891418
TOI-5799 c,TOI-5799,Transit,2025.0,Transiting Exoplanet Survey Satellite (TESS),14.010449,1.76,3.75,337.0,3452.0,0.321,0.325,27.8123,301.630179,15.9891418
TOI-5800 b,TOI-5800,Transit,2025.0,Transiting Exoplanet Survey Satellite (TESS),2.6278838,2.46,9.5,1108.0,4850.0,0.773,0.778,42.9052,305.0655462,-7.4119237
TOI-5803 b,TOI-5803,Transit,2023.0,Transiting Exoplanet Survey Satellite (TESS),5.38305,3.2732,10.7,678.87,5134.0,0.7625,0.87,84.0126,327.2487497,6.2781777
TOI-5817 b,TOI-5817,Transit,2025.0,Transiting Exoplanet Survey Satellite (TESS),15.61031,3.08,10.3,950.0,5770.0,1.427,0.97,80.7542,322.3777987,21.474527
TOI-5882 b,TOI-5882,Transit,2025.0,Transiting Exoplanet Survey Satellite (TESS),7.148972,11.46678726,6995.40323807,1515.0,5920.0,2.26,1.334,416.104,311.8886385,34.7374918
TOI-5916 b,TOI-5916,Transit,2026.0,Transiting Exoplanet Survey Satellite (TESS),2.367128,11.35469745,226.61165419,683.0,3613.0,0.48,0.477,199.724,325.2995114,9.5990534
TOI-5926 b,TOI-5926,Transit,2026.0,Transiting Exoplanet Survey Satellite (TESS),3.81122794237,7.56807148,44.6,987.0,5388.92,0.890046,0.946,275.103,308.0784435,15.5030795
TOI-5938 b,TOI-5938,Transit,2026.0,Transiting Exoplanet Survey Satellite (TESS),2.260424,3.82,14.0,1077.0,4650.0,0.712,0.744,114.035,303.9088422,28.6592261
TOI-6000 b,TOI-6000,Transit,2025.0,Transiting Exoplanet Survey Satellite (TESS),0.448959,0.94,0.779,1120.0,3419.0,0.38,0.37,75.7664,292.6062979,68.1545924
TOI-6002 b,TOI-6002,Transit,2024.0,Transiting Exoplanet Survey Satellite (TESS),10.904821,1.65,3.36,321.4,3229.0,0.2432,0.2101,32.0266,299.6142524,32.2871702
TOI-6008 b,TOI-6008,Transit,2024.0,Transiting Exoplanet Survey Satellite (TESS),0.8574347,1.03,4.0,707.0,3075.0,0.242,0.23,23.1008,310.4487344,49.6468992
TOI-6016 b,TOI-6016,Transit,2024.0,Transiting Exoplanet Survey Satellite (TESS),4.023687,13.67495645,371.85923619,1890.0,6110.0,1.51,1.31,364.715,4.5239602,59.7661983
TOI-6029 b,TOI-6029,Transit,2024.0,Transiting Exoplanet Survey Satellite (TESS),5.7987,14.39233122,519.64944544,1484.0,6223.0,2.338,1.548,603.119,8.3862555,61.8607659
TOI-6034 b,TOI-6034,Transit,2024.0,Transiting Exoplanet Survey Satellite (TESS),2.576184,11.92,254.0,714.0,3635.0,0.489,0.514,117.992,317.9001392,68.4020762
TOI-6038 A b,TOI-6038 A,Transit,2025.0,Transiting Exoplanet Survey Satellite (TESS),5.8267311,6.41,78.5,1439.0,6110.0,1.648,1.291,179.147,51.6572691,40.8172704
TOI-6041 b,TOI-6041,Transit,2025.0,Transiting Exoplanet Survey Satellite (TESS),26.04945,4.55,28.9,605.6,5445.0,0.879,0.885,72.4731,46.0610334,43.5576668
TOI-6041 c,TOI-6041,Radial Velocity,2025.0,Multiple Observatories,88.0,10.5,77.9,403.5,5445.0,0.879,0.885,72.4731,46.0610334,43.5576668
TOI-6054.01,TOI-6054,Transit,2024.0,Transiting Exoplanet Survey Satellite (TESS),7.501428,2.64,12.5,1360.0,6047.0,1.662,1.107,79.407,56.337007,60.350917
TOI-6054.02,TOI-6054,Transit,2024.0,Transiting Exoplanet Survey Satellite (TESS),12.563636,2.82,9.3,1143.0,6047.0,1.662,1.107,79.407,56.337007,60.350917
TOI-6080 b,TOI-6080,Transit,2026.0,Transiting Exoplanet Survey Satellite (TESS),8.05562348084,3.32424168,11.0,919.33,5775.46,1.06221,1.01,188.183,266.6044226,38.0787076
TOI-6086 b,TOI-6086,Transit,2024.0,Transiting Exoplanet Survey Satellite (TESS),1.3888725,1.18,1.76,634.0,3200.0,0.259,0.254,31.4566,265.3704236,30.3037755
TOI-6109 b,TOI-6109,Transit,2025.0,Transiting Exoplanet Survey Satellite (TESS),5.690476,4.8704,21.1,700.0,5660.0,1.021,1.03,151.738,50.1319206,42.6069564
TOI-6109 c,TOI-6109,Transit,2025.0,Transiting Exoplanet Survey Satellite (TESS),8.538878,4.8326,20.8,786.0,5660.0,1.021,1.03,151.738,50.1319206,42.6069564
TOI-6130 b,TOI-6130,Transit,2024.0,Transiting Exoplanet Survey Satellite (TESS),2.392679,14.3474953,333.71982735,1750.0,6110.0,1.51,1.31,220.882,339.2050832,16.8271941
TOI-615 b,TOI-615,Transit,2023.0,Transiting Exoplanet Survey Satellite (TESS),4.6615983,18.97680433,138.25535705,1666.0,6850.0,1.732,1.449,360.408,133.4086892,-40.543701
TOI-620 b,TOI-620,Transit,2022.0,Transiting Exoplanet Survey Satellite (TESS),5.0988179,3.76,13.6,603.6,3708.0,0.55,0.577,33.0231,142.1734459,-12.1671652
TOI-622 b,TOI-622,Transit,2023.0,Transiting Exoplanet Survey Satellite (TESS),6.402513,9.2362001,96.30200732,1388.0,6400.0,1.415,1.313,123.297,125.3050544,-46.4842959
TOI-6223 b,TOI-6223,Transit,2025.0,Transiting Exoplanet Survey Satellite (TESS),3.855219,5.07,22.6,714.0,3895.0,0.576,0.582,133.122,355.9505977,33.0672361
TOI-6255 b,TOI-6255,Transit,2024.0,Transiting Exoplanet Survey Satellite (TESS),0.23818244,1.079,1.44,1256.46,3421.0,0.37,0.353,20.3167,331.5031606,39.2988284
TOI-628 b,TOI-628,Transit,2021.0,Transiting Exoplanet Survey Satellite (TESS),3.4095675,11.88154,2011.8639,1586.0,6250.0,1.345,1.311,178.68,99.2630608,1.7675497
TOI-6281 b,TOI-6281,Transit,2026.0,Transiting Exoplanet Survey Satellite (TESS),1.05426244177,1.92416074,4.36,2240.0,4533.23,0.874219,0.65,57.7451,172.3785238,-40.6094246
TOI-6303 b,TOI-6303,Transit,2025.0,Transiting Exoplanet Survey Satellite (TESS),9.485236,11.59,2493.0,541.0,3977.0,0.609,0.644,152.219,46.7806502,40.147174
TOI-6324 b,TOI-6324,Transit,2025.0,Transiting Exoplanet Survey Satellite (TESS),0.279221,1.059,1.17,1216.0,3247.0,0.293,0.269,20.5488,330.844543,67.4986773
TOI-6330 b,TOI-6330,Transit,2025.0,Transiting Exoplanet Survey Satellite (TESS),6.8500246,10.89,3179.0,495.0,3539.0,0.49,0.531,139.042,22.1679816,53.6860778
TOI-6383 A b,TOI-6383 A,Transit,2024.0,Transiting Exoplanet Survey Satellite (TESS),1.79058695,11.29,331.0,745.0,3444.0,0.457,0.458,171.319,60.4246951,60.8913677
TOI-6393 b,TOI-6393,Transit,2026.0,Transiting Exoplanet Survey Satellite (TESS),9.53176110329,2.75958542,8.04,696.0,5008.2,0.766023,0.835,186.229,141.2436918,68.7883127
TOI-640 b,TOI-640,Transit,2021.0,Transiting Exoplanet Survey Satellite (TESS),5.003777,19.2794468,181.16219199,1816.0,6460.0,2.082,1.536,341.997,99.7345935,-36.64613
TOI-6420 b,TOI-6420,Transit,2025.0,Transiting Exoplanet Survey Satellite (TESS),6.961508,11.93756445,2606.1929374,1213.0,6020.0,1.312,1.165,634.712,125.5443036,-19.1242852
TOI-6448 b,TOI-6448,Transit,2025.0,Transiting Exoplanet Survey Satellite (TESS),14.844261,8.47398941,54.0,745.0,5910.0,0.897,1.03,386.879,110.1704109,-33.9223285
TOI-6478 b,TOI-6478,Transit,2025.0,Transiting Exoplanet Survey Satellite (TESS),34.005019,4.6,19.2,204.4,3230.0,0.234,0.23,38.6057,149.9918059,-16.1597935
TOI-654.01,TOI-654,Transit,2024.0,Transiting Exoplanet Survey Satellite (TESS),1.527561,2.378,8.71,794.0,3521.0,0.43,0.419,57.7553,164.7245509,-5.5475446
TOI-6628 b,TOI-6628,Transit,2025.0,Transiting Exoplanet Survey Satellite (TESS),18.18424,10.98480109,235.19302118,833.0,5463.0,1.01,0.97,320.527,225.8370504,-35.2305793
TOI-663 b,TOI-663,Transit,2024.0,Transiting Exoplanet Survey Satellite (TESS),2.598902,2.27,4.45,674.0,3681.0,0.512,0.514,64.2308,160.0658525,-8.5110827
TOI-663 c,TOI-663,Transit,2024.0,Transiting Exoplanet Survey Satellite (TESS),4.6955507,2.26,3.65,553.0,3681.0,0.512,0.514,64.2308,160.0658525,-8.5110827
TOI-663 d,TOI-663,Transit,2024.0,Transiting Exoplanet Survey Satellite (TESS),7.1027268,1.92,5.2,482.0,3681.0,0.512,0.514,64.2308,160.0658525,-8.5110827
TOI-6651 b,TOI-6651,Transit,2024.0,Transiting Exoplanet Survey Satellite (TESS),5.056973,5.09,61.0,1493.0,5940.0,1.721,1.323,212.128,15.7885904,35.3890405
TOI-6677 b,TOI-6677,Transit,2026.0,Transiting Exoplanet Survey Satellite (TESS),5.45060661625,5.83507112,28.7,334.0,6572.28,1.57167,1.45,340.52,290.4719117,-46.8749591
TOI-669 b,TOI-669,Transit,2023.0,Transiting Exoplanet Survey Satellite (TESS),3.945152,2.58606487,10.0,1124.85,5597.0,0.9882,0.9245,142.867,158.9007013,-5.1813735
TOI-6692 b,TOI-6692,Transit,2026.0,Transiting Exoplanet Survey Satellite (TESS),131.125,11.67975789,197.05361234,467.0,5890.0,1.385,1.047,312.903,312.6940436,-81.2723982
TOI-6695 b,TOI-6695,Transit,2025.0,Transiting Exoplanet Survey Satellite (TESS),80.389,9.52763359,66.74396547,599.0,6400.0,1.517,1.338,282.536,129.5720221,-23.550217
TOI-6695 c,TOI-6695,Radial Velocity,2025.0,Multiple Observatories,242.4,13.6,460.85119015,415.0,6400.0,1.517,1.338,282.536,129.5720221,-23.550217
TOI-6699 b,TOI-6699,Transit,2026.0,Transiting Exoplanet Survey Satellite (TESS),5.32005926761,2.32645266,6.02,976.0,4705.1,0.75309,0.75,85.8463,317.0695839,-63.2504996
TOI-6707 b,TOI-6707,Transit,2026.0,Transiting Exoplanet Survey Satellite (TESS),3.83479363758,5.72673066,27.8,1509.43,6289.49,1.58202,1.14,641.467,109.7634707,-58.1155263
TOI-6716 b,TOI-6716,Transit,2026.0,Transiting Exoplanet Survey Satellite (TESS),4.7185898,0.982,0.911,369.0,3110.0,0.231,0.223,18.8873,111.657082,-30.5521801
TOI-672 b,TOI-672,Transit,2023.0,Transiting Exoplanet Survey Satellite (TESS),3.633581,5.31,50.9,699.5,3810.0,0.54,0.54,66.9071,167.9908627,-39.3281151
TOI-674 b,TOI-674,Transit,2021.0,Transiting Exoplanet Survey Satellite (TESS),1.977143,5.25,23.6,635.0,3514.0,0.42,0.42,46.0851,164.5865592,-36.8581092
TOI-677 b,TOI-677,Transit,2020.0,Transiting Exoplanet Survey Satellite (TESS),11.2365985,13.11450742,392.20025424,1252.0,6295.0,1.28,1.181,141.812,144.1193594,-50.4630933
TOI-682.01,TOI-682,Transit,2021.0,Transiting Exoplanet Survey Satellite (TESS),6.8392388,3.74186,13.5,1090.0,5085.0,1.08,0.85,83.1548,167.88543,-22.0727803
TOI-6894 b,TOI-6894,Transit,2025.0,Transiting Exoplanet Survey Satellite (TESS),3.37077196,9.5836785,53.39517238,417.9,3007.0,0.2276,0.207,73.8131,173.4691418,12.4510906
TOI-6954 b,TOI-6954,Transit,2026.0,Transiting Exoplanet Survey Satellite (TESS),4.02074127419,3.63524486,12.8,930.0,5170.87,0.947112,0.834,190.042,168.3240591,-2.7877643
TOI-697 b,TOI-697,Transit,2026.0,Transiting Exoplanet Survey Satellite (TESS),8.60788713593,2.35859364,6.16,839.8,5681.95,0.968149,0.97,93.7714,69.7042208,-36.6813257
TOI-700 b,TOI-700,Transit,2020.0,Transiting Exoplanet Survey Satellite (TESS),9.977219,0.914,0.704,417.0,3459.0,0.421,0.415,31.1265,97.0957165,-65.5786149
TOI-700 c,TOI-700,Transit,2020.0,Transiting Exoplanet Survey Satellite (TESS),16.051137,2.6,7.27,356.0,3459.0,0.421,0.415,31.1265,97.0957165,-65.5786149
TOI-700 d,TOI-700,Transit,2020.0,Transiting Exoplanet Survey Satellite (TESS),37.42396,1.073,1.25,268.8,3459.0,0.421,0.415,31.1265,97.0957165,-65.5786149
TOI-700 e,TOI-700,Transit,2023.0,Transiting Exoplanet Survey Satellite (TESS),27.80978,0.953,0.818,272.9,3459.0,0.421,0.415,31.1265,97.0957165,-65.5786149
TOI-7008 b,TOI-7008,Transit,2026.0,Transiting Exoplanet Survey Satellite (TESS),0.84069041367,4.94735276,21.7,1783.0,5116.06,0.95255,0.88,410.467,216.9882531,79.450396
TOI-7009 b,TOI-7009,Transit,2026.0,Transiting Exoplanet Survey Satellite (TESS),2.3206612,3.71,13.3,872.0,4080.0,0.564,0.583,184.12,299.5131334,55.6510291
TOI-7041 b,TOI-7041,Transit,2025.0,Transiting Exoplanet Survey Satellite (TESS),9.691,11.43316031,114.41822652,882.37,4700.0,4.1,1.07,439.52,357.8021716,-50.8698618
TOI-712 b,TOI-712,Transit,2022.0,Transiting Exoplanet Survey Satellite (TESS),9.531361,2.049,4.85,650.0,4622.0,0.674,0.732,58.6212,92.9361063,-65.8258386
TOI-712 c,TOI-712,Transit,2022.0,Transiting Exoplanet Survey Satellite (TESS),51.69906,2.701,7.76,369.9,4622.0,0.674,0.732,58.6212,92.9361063,-65.8258386
TOI-712 d,TOI-712,Transit,2022.0,Transiting Exoplanet Survey Satellite (TESS),84.8396,2.474,6.68,313.6,4622.0,0.674,0.732,58.6212,92.9361063,-65.8258386
TOI-7149 b,TOI-7149,Transit,2025.0,Transiting Exoplanet Survey Satellite (TESS),2.65206166,13.2,224.0,593.0,3363.0,0.351,0.344,126.126,244.7384657,19.1758116
TOI-715 b,TOI-715,Transit,2023.0,Transiting Exoplanet Survey Satellite (TESS),19.288004,1.55,3.02,234.0,3075.0,0.24,0.225,42.4048,113.8523276,-73.5774089
TOI-7155 b,TOI-7155,Transit,2026.0,Transiting Exoplanet Survey Satellite (TESS),3.89489711981,2.40821473,6.38,914.0,4673.03,0.670748,0.755,144.751,12.4454481,79.2878555
TOI-7166 b,TOI-7166,Transit,2025.0,Transiting Exoplanet Survey Satellite (TESS),12.92063621,2.01,4.7,249.0,3099.0,0.222,0.19,35.4153,320.6806363,8.8893975
TOI-733 b,TOI-733,Transit,2023.0,Transiting Exoplanet Survey Satellite (TESS),4.884765,1.992,5.72,1055.8,5585.0,0.949,0.956,75.2092,159.4093183,-40.888259
TOI-7333 b,TOI-7333,Transit,2026.0,Transiting Exoplanet Survey Satellite (TESS),6.26449803661,2.09469416,5.04,755.0,4586.87,0.666066,0.721,157.217,243.5319622,75.9166315
TOI-7384 b,TOI-7384,Transit,2026.0,Transiting Exoplanet Survey Satellite (TESS),6.2340258,3.56,12.4,378.0,3185.0,0.319,0.318,66.7902,83.1031834,-39.8342501
TOI-7510 b,TOI-7510,Transit,2025.0,Transiting Exoplanet Survey Satellite (TESS),11.530869,7.31,18.1,878.0,5720.0,1.035,1.063,249.006,273.728188,-54.4340547
TOI-7510 c,TOI-7510,Transit,2025.0,Transiting Exoplanet Survey Satellite (TESS),22.5687423,10.81,131.0,702.0,5720.0,1.035,1.063,249.006,273.728188,-54.4340547
TOI-7510 d,TOI-7510,Transit,2025.0,Transiting Exoplanet Survey Satellite (TESS),48.864468,10.52,190.0,542.4,5720.0,1.035,1.063,249.006,273.728188,-54.4340547
TOI-756 b,TOI-756,Transit,2025.0,Transiting Exoplanet Survey Satellite (TESS),1.2392495,2.81,9.83,934.0,3657.0,0.505,0.505,86.1759,192.103738,-45.4704709
TOI-756 c,TOI-756,Radial Velocity,2025.0,La Silla Observatory,149.4,13.0,1287.20504835,194.0,3657.0,0.505,0.505,86.1759,192.103738,-45.4704709
TOI-757 b,TOI-757,Transit,2024.0,Transiting Exoplanet Survey Satellite (TESS),17.46819,2.5,10.5,641.0,5278.0,0.78,0.8,60.3418,187.9948428,-35.5544523
TOI-762 A b,TOI-762 A,Transit,2024.0,Transiting Exoplanet Survey Satellite (TESS),3.4716826,8.33948164,79.77493016,555.4,3266.0,0.425,0.442,98.4458,166.0747423,-47.8214964
TOI-763 b,TOI-763,Transit,2020.0,Transiting Exoplanet Survey Satellite (TESS),5.6057,2.28,9.79,1038.0,5450.0,0.897,0.917,95.1274,194.468098,-39.7580613
TOI-763 c,TOI-763,Transit,2020.0,Transiting Exoplanet Survey Satellite (TESS),12.2737,2.63,9.32,800.0,5450.0,0.897,0.917,95.1274,194.468098,-39.7580613
TOI-771 b,TOI-771,Transit,2024.0,Transiting Exoplanet Survey Satellite (TESS),2.3260155,1.36,2.47,543.0,3370.0,0.232,0.22,25.2788,164.1138903,-72.9851736
TOI-771 c,TOI-771,Radial Velocity,2025.0,Paranal Observatory,7.61,1.5,2.87,365.0,3370.0,0.232,0.22,25.2788,164.1138903,-72.9851736
TOI-776 b,TOI-776,Transit,2020.0,Transiting Exoplanet Survey Satellite (TESS),8.24662,1.798,5.0,520.0,3725.0,0.547,0.542,27.1701,178.577997,-37.5533568
TOI-776 c,TOI-776,Transit,2020.0,Transiting Exoplanet Survey Satellite (TESS),15.665323,2.047,6.9,420.0,3725.0,0.547,0.542,27.1701,178.577997,-37.5533568
TOI-778 b,TOI-778,Transit,2023.0,Transiting Exoplanet Survey Satellite (TESS),4.633611,15.4,878.0,1561.0,6643.0,1.71,1.4,161.743,199.3338503,-15.2737046
TOI-782 b,TOI-782,Transit,2024.0,Transiting Exoplanet Survey Satellite (TESS),8.0240015,2.734,19.1,435.0,3370.0,0.413,0.397,52.5122,183.9203614,-18.9103377
TOI-784 b,HD 307842,Transit,2023.0,Transiting Exoplanet Survey Satellite (TESS),2.7970365,1.93,9.67,1256.0,5558.0,0.907,0.91,64.5997,159.3412205,-63.6556923
TOI-799 b,TOI-799,Transit,2026.0,Transiting Exoplanet Survey Satellite (TESS),5.54519139676,2.06631784,4.92,958.69,5662.81,0.915519,1.0,158.526,98.4691249,-52.4602958
TOI-808 b,TOI-808,Transit,2026.0,Transiting Exoplanet Survey Satellite (TESS),9.73944854026,2.20344362,5.49,710.98,5078.2,0.833198,0.87,98.1848,133.7485497,-44.2886304
TOI-813 b,TOI-813,Transit,2020.0,Transiting Exoplanet Survey Satellite (TESS),83.8911,6.71,36.4,610.0,5907.0,1.94,1.32,263.145,72.6940102,-60.9054608
TOI-815 b,TOI-815,Transit,2024.0,Transiting Exoplanet Survey Satellite (TESS),11.197259,2.94,7.6,686.0,4869.0,0.77,0.776,59.7117,155.8719377,-43.8349248
TOI-815 c,TOI-815,Transit,2024.0,Transiting Exoplanet Survey Satellite (TESS),34.976145,2.62,23.5,469.0,4869.0,0.77,0.776,59.7117,155.8719377,-43.8349248
TOI-824 b,TOI-824,Transit,2020.0,Transiting Exoplanet Survey Satellite (TESS),1.392978,2.926,18.467,1253.0,4600.0,0.695,0.71,63.9262,222.1654705,-57.5888666
TOI-833 b,TOI-833,Transit,2022.0,Transiting Exoplanet Survey Satellite (TESS),1.0418777,1.27,2.15,1118.0,3920.0,0.6,0.61,41.7148,145.645472,-62.4758857
TOI-836 b,TOI-836,Transit,2023.0,Transiting Exoplanet Survey Satellite (TESS),3.81673,1.704,4.53,871.0,4552.0,0.665,0.678,27.5024,225.0798831,-24.4542022
TOI-836.01,TOI-836,Transit,2021.0,Transiting Exoplanet Survey Satellite (TESS),8.59545,2.587,9.6,665.0,4552.0,0.665,0.678,27.5024,225.0798831,-24.4542022
TOI-837 b,TOI-837,Transit,2020.0,Transiting Exoplanet Survey Satellite (TESS),8.3249113,9.16894621,120.45696625,995.3,5995.0,1.052,1.142,142.488,157.0372806,-64.5052107
TOI-849 b,TOI-849,Transit,2020.0,Transiting Exoplanet Survey Satellite (TESS),0.765548,3.64,41.8,1932.0,5257.0,0.97,0.97,225.734,28.7157956,-29.4217086
TOI-858 B b,TOI-858 B,Transit,2023.0,Transiting Exoplanet Survey Satellite (TESS),3.2797178,14.06727078,349.6112477,1529.0,5842.0,1.308,1.081,250.489,60.1998256,-54.5929177
TOI-871 b,TOI-871,Transit,2024.0,Transiting Exoplanet Survey Satellite (TESS),14.362565,1.664,3.41,621.0,4929.0,0.719,0.758,68.0473,74.7376264,-50.6274153
TOI-880 c,TOI-880,Transit,2025.0,Transiting Exoplanet Survey Satellite (TESS),6.3872703,4.95,21.7,805.0,5050.0,0.83,0.87,60.6679,94.1644734,-13.987337
TOI-880.02,TOI-880,Transit,2024.0,Transiting Exoplanet Survey Satellite (TESS),2.57571,2.19,5.43,1085.0,5050.0,0.83,0.87,60.6679,94.1644734,-13.987337
TOI-883 b,TOI-883,Transit,2026.0,Transiting Exoplanet Survey Satellite (TESS),10.05771848538,7.17166228,40.7,861.0,5713.15,1.01477,1.003,102.637,103.3690609,-6.5078349
TOI-892 b,TOI-892,Transit,2020.0,Transiting Exoplanet Survey Satellite (TESS),10.62656,11.99363,301.9385,1397.0,6261.0,1.39,1.28,340.543,86.738228,-11.2353401
TOI-904 b,TOI-904,Transit,2023.0,Transiting Exoplanet Survey Satellite (TESS),10.8772,2.426,6.46,429.43,3770.2,0.527,0.557,46.0891,89.3712733,-83.1297264
TOI-904 c,TOI-904,Transit,2023.0,Transiting Exoplanet Survey Satellite (TESS),83.9997,2.167,5.34,217.26,3770.2,0.527,0.557,46.0891,89.3712733,-83.1297264
TOI-905 b,TOI-905,Transit,2020.0,Transiting Exoplanet Survey Satellite (TESS),3.739494,13.125739,211.99261,1192.0,5570.0,0.918,0.968,158.649,227.6586754,-71.3616316
TOI-907.01,TOI-907,Transit,2024.0,Transiting Exoplanet Survey Satellite (TESS),4.5849129,9.6158851,67.0,1846.6,6272.0,2.059789,1.069357,312.529,262.1834072,-62.840383
TOI-908 b,TOI-908,Transit,2023.0,Transiting Exoplanet Survey Satellite (TESS),3.183792,3.186,16.137,1317.0,5626.0,1.028,0.95,175.748,53.1594266,-81.250745
TOI-912 b,TOI-912,Transit,2025.0,Transiting Exoplanet Survey Satellite (TESS),4.6780691,1.93,5.1,551.0,3572.0,0.419,0.418,26.1072,229.3285665,-80.4733446
TOI-913 b,TOI-913,Transit,2023.0,Transiting Exoplanet Survey Satellite (TESS),11.098644,2.4528,6.59,712.01,4969.0,0.7325,0.82,65.1769,234.5723244,-80.8034265
TOI-921 b,TOI-921,Transit,2026.0,Transiting Exoplanet Survey Satellite (TESS),5.12871907628,3.53409617,12.2,951.0,6011.66,1.14165,1.13,294.015,99.6742038,-56.2205396
TOI-929 b,TOI-929,Transit,2026.0,Transiting Exoplanet Survey Satellite (TESS),5.83015366944,2.68983343,7.7,774.0,4457.16,0.717414,0.7,114.421,45.9071657,-39.9307758
TOI-938 b,TOI-938,Transit,2026.0,Transiting Exoplanet Survey Satellite (TESS),8.80733882211,4.82401567,20.8,1073.0,5829.42,0.985134,1.1,215.034,63.0323442,-12.1188357
TOI-941 b,TOI-941,Transit,2026.0,Transiting Exoplanet Survey Satellite (TESS),8.51460888787,6.51165317,34.6,1000.0,5745.88,1.1849,1.078,263.386,78.3005249,6.5459146
TOI-942 b,TOI-942,Transit,2020.0,Transiting Exoplanet Survey Satellite (TESS),4.32421,3.89,16.0,1120.0,4969.0,0.894,0.822,152.601,76.6496172,-20.2456126
TOI-942 c,TOI-942,Transit,2020.0,Transiting Exoplanet Survey Satellite (TESS),10.156272,4.67,37.0,,4969.0,0.894,0.822,152.601,76.6496172,-20.2456126
TOI-954 b,TOI-954,Transit,2020.0,Transiting Exoplanet Survey Satellite (TESS),3.6849729,9.550068,55.30242,1526.0,5710.0,1.892,1.201,238.768,61.9410587,-25.2088028
TOI-969 b,TOI-969,Transit,2022.0,Transiting Exoplanet Survey Satellite (TESS),1.8237305,2.765,9.1,941.0,4435.0,0.671,0.734,77.2554,115.1366858,2.0985879
TOI-969 c,TOI-969,Radial Velocity,2022.0,Multiple Observatories,1700.0,12.4,3591.4609991,96.4,4435.0,0.671,0.734,77.2554,115.1366858,2.0985879
TRAPPIST-1 b,TRAPPIST-1,Transit,2016.0,La Silla Observatory,1.510826,1.116,1.374,397.6,2566.0,0.1192,0.0898,12.42988881,346.6263919,-5.0434618
TRAPPIST-1 c,TRAPPIST-1,Transit,2016.0,La Silla Observatory,2.421937,1.097,1.308,339.7,2566.0,0.1192,0.0898,12.42988881,346.6263919,-5.0434618
TRAPPIST-1 d,TRAPPIST-1,Transit,2016.0,La Silla Observatory,4.049219,0.788,0.388,286.2,2566.0,0.1192,0.0898,12.42988881,346.6263919,-5.0434618
TRAPPIST-1 e,TRAPPIST-1,Transit,2017.0,Multiple Observatories,6.101013,0.92,0.692,249.7,2566.0,0.1192,0.0898,12.42988881,346.6263919,-5.0434618
TRAPPIST-1 f,TRAPPIST-1,Transit,2017.0,Multiple Observatories,9.20754,1.045,1.039,217.7,2566.0,0.1192,0.0898,12.42988881,346.6263919,-5.0434618
TRAPPIST-1 g,TRAPPIST-1,Transit,2017.0,Multiple Observatories,12.352446,1.129,1.321,197.3,2566.0,0.1192,0.0898,12.42988881,346.6263919,-5.0434618
TRAPPIST-1 h,TRAPPIST-1,Transit,2017.0,Multiple Observatories,18.772866,0.755,0.326,171.7,2566.0,0.1192,0.0898,12.42988881,346.6263919,-5.0434618
TWA 7 b,TWA 7,Imaging,2025.0,James Webb Space Telescope (JWST),,12.7,108.06165838,316.0,3509.0,0.917173,0.46,33.9958,160.6248102,-33.6712596
TYC 0434-04538-1 b,TYC 0434-04538-1,Radial Velocity,2021.0,Multiple Observatories,193.2,12.7,1938.763,,4679.0,9.99,1.04,613.422,271.3396528,2.0622774
TYC 1422-614-1 b,TYC 1422-614-1,Radial Velocity,2014.0,Multiple Observatories,198.4,13.3,794.5,,4806.0,6.85,1.15,672.41,154.2777769,19.5584068
TYC 1422-614-1 c,TYC 1422-614-1,Radial Velocity,2014.0,Multiple Observatories,559.3,12.5,3178.0,,4806.0,6.85,1.15,672.41,154.2777769,19.5584068
TYC 2187-512-1 b,TYC 2187-512-1,Radial Velocity,2022.0,Calar Alto Observatory,691.9,12.5,104.88337431,,3734.0,0.495,0.498,15.4744,320.5266829,22.9319351
TYC 3318-01333-1 b,TYC 3318-01333-1,Radial Velocity,2018.0,Multiple Observatories,562.0,13.1,1086.9786,,4776.0,5.9,1.19,490.61,45.5825716,49.7441421
TYC 3667-1280-1 b,TYC 3667-1280-1,Radial Velocity,2016.0,McDonald Observatory,26.468,12.8,1716.282,1350.0,5130.0,6.26,1.87,477.516,12.8875757,58.4261485
TYC 4282-00605-1 b,TYC 4282-00605-1,Radial Velocity,2017.0,Roque de los Muchachos Observatory,101.54,12.4,3426.2074,,4300.0,16.21,0.97,464.128,343.8721029,62.2391907
TYC 8998-760-1 b,TYC 8998-760-1,Imaging,2020.0,Paranal Observatory,,12.1,6928.6592726,,4573.0,0.953811,1.0,94.6177,201.3001096,-64.9391566
TYC 8998-760-1 c,TYC 8998-760-1,Imaging,2020.0,Paranal Observatory,,12.3299,1906.98,1240.0,4573.0,0.953811,1.0,94.6177,201.3001096,-64.9391566
Teegarden's Star b,Teegarden's Star,Radial Velocity,2019.0,Calar Alto Observatory,4.90634,1.05,1.16,277.0,3034.0,0.12,0.097,3.83078,43.2691449,16.8649024
Teegarden's Star c,Teegarden's Star,Radial Velocity,2019.0,Calar Alto Observatory,11.416,1.02,1.05,209.0,3034.0,0.12,0.097,3.83078,43.2691449,16.8649024
Teegarden's Star d,Teegarden's Star,Radial Velocity,2024.0,Multiple Observatories,26.13,0.954,0.82,159.0,3034.0,0.12,0.097,3.83078,43.2691449,16.8649024
TrES-1 b,TrES-1,Transit,2004.0,TrES,3.03007,12.66617,266.9772,1140.0,5230.0,0.85,1.04,159.658,286.0408755,36.632536
TrES-2 b,TrES-2,Transit,2006.0,TrES,2.47063,15.24424,473.5667,1466.0,5850.0,1.12,1.36,215.32,286.8085258,49.3164211
TrES-3 b,TrES-3,Transit,2007.0,TrES,1.30618581,14.975,607.03,1638.0,5650.0,0.829,0.928,231.337,268.0291106,37.5463268
TrES-4 b,TrES-4,Transit,2007.0,TrES,3.55395,18.04649,247.9074,1778.0,6200.0,1.66,1.08,515.98,268.3043361,37.2117397
TrES-5 b,TrES-5,Transit,2011.0,TrES,1.48224686,13.383546,568.9157,1480.0,5171.0,0.868,0.901,360.313,305.2219454,59.4489033
UCAC3 113-933 b,UCAC3 113-933,Imaging,2024.0,Multiple Observatories,,12.1,6674.396547,,3864.0,0.564484,0.61,52.5829,5.2758121,-33.8031679
UCAC4 328-061594 b,UCAC4 328-061594,Imaging,2024.0,Multiple Observatories,,12.1,6674.396547,,,,1.19,39.9089,152.6991091,-24.4532674
UKIRT-2017-BLG-001L b,UKIRT-2017-BLG-001L,Microlensing,2018.0,Mauna Kea Observatory,,13.7,407.0,,,,0.81,6300.0,266.654083,-29.2113609
USco CTIO 108 b,USco CTIO 108,Imaging,2008.0,Teide Observatory,,12.3,4449.62,,2700.0,0.345365,0.06,144.019,241.4752653,-18.3124167
USco1556 b,USco1556 A,Imaging,2019.0,Multiple Observatories,,12.3,4767.45,2240.0,3410.0,0.668108,0.33,140.635,239.1037198,-25.6890476
USco1621 b,USco1621 A,Imaging,2019.0,Multiple Observatories,,12.2,5085.28,2270.0,3460.0,0.710071,0.36,137.901,245.3730855,-25.4954265
UZ For b,UZ For,Eclipse Timing Variations,2011.0,Multiple Observatories,5840.0,,2002.2,,5286.9,,0.7,239.60387482,53.8694682,-25.7393857
UZ For c,UZ For,Eclipse Timing Variations,2011.0,Multiple Observatories,1916.25,,2447.2,,5286.9,,0.7,239.60387482,53.8694682,-25.7393857
V0391 Peg b,V0391 Peg,Pulsation Timing Variations,2007.0,Multiple Observatories,1170.0,13.1,1017.056,,29300.0,0.23,0.5,1195.98,331.0504119,26.4188227
V1298 Tau b,V1298 Tau,Transit,2019.0,K2,24.140006,9.41,13.1,666.0,4970.0,1.32,1.1,108.199,61.331654,20.1570318
V1298 Tau c,V1298 Tau,Transit,2019.0,K2,8.249164,5.08,4.7,953.0,4970.0,1.32,1.1,108.199,61.331654,20.1570318
V1298 Tau d,V1298 Tau,Transit,2019.0,K2,12.401394,6.53,6.0,831.0,4970.0,1.32,1.1,108.199,61.331654,20.1570318
V1298 Tau e,V1298 Tau,Transit,2019.0,K2,48.677714,10.17,15.3,527.0,4970.0,1.32,1.1,108.199,61.331654,20.1570318
V2376 Ori b,V2376 Ori,Imaging,2025.0,Multiple Observatories,,87.20586985,6356.56814,2100.0,,,0.45,,83.839818,-5.3515552
V830 Tau b,V830 Tau,Radial Velocity,2016.0,Multiple Observatories,4.927,14.0,222.481,,4250.0,2.0,1.0,130.111,68.2918259,24.5619241
VHS J125601.92-125723.9 b,VHS J125601.92-125723.9,Imaging,2015.0,Paranal Observatory,5800000.0,13.67495645,5085.254512,1194.0,2620.0,,0.07,12.7,194.008964,-12.956031
WASP-1 b,WASP-1,Transit,2007.0,SuperWASP,2.5199454,16.623,271.415,1812.0,6110.0,1.47,1.24,393.072,5.1669536,31.9899732
WASP-10 b,WASP-10,Transit,2008.0,SuperWASP,3.0927616,12.106,1001.12,1370.0,4675.0,0.698,0.75,140.998,348.9930457,31.4627508
WASP-100 b,WASP-100,Transit,2014.0,SuperWASP,2.84938,14.90797,400.4658,2190.0,6900.0,1.57,0.77,364.411,68.9598159,-64.027039
WASP-101 b,WASP-101,Transit,2014.0,SuperWASP,3.58572,16.02887,162.0933,1560.0,6380.0,1.31,1.41,201.224,98.3511016,-23.486086
WASP-102 b,WASP-102,Transit,2025.0,SuperWASP,2.709813,14.90794433,197.68926915,1671.0,5990.0,1.375,1.08,535.689,336.4643016,15.8566392
WASP-103 b,WASP-103,Transit,2014.0,SuperWASP,0.925542,17.127,473.547,2508.0,6110.0,1.436,1.22,375.647,249.3148604,7.1833758
WASP-104 b,WASP-104,Transit,2014.0,SuperWASP,1.7554137,12.745,404.263,1516.0,5475.0,0.963,1.076,185.932,160.6023689,7.4350768
WASP-105 b,WASP-105,Transit,2017.0,SuperWASP-South,7.87288,10.76064,572.094,900.0,5070.0,0.9,0.89,169.272,24.1678686,-50.659308
WASP-106 b,WASP-106,Transit,2014.0,SuperWASP,9.28969,12.10569916,613.40882551,1140.0,6002.0,1.47,1.175,352.181,166.4296276,-5.0794854
WASP-107 b,WASP-107,Transit,2017.0,SuperWASP-South,5.7214876,10.53646,30.51152707,736.0,4425.0,0.657,0.683,64.7414,188.3864277,-10.1462141
WASP-107 c,WASP-107,Radial Velocity,2020.0,Multiple Observatories,1066.0,13.0,111.23994245,,4425.0,0.657,0.683,64.7414,188.3864277,-10.1462141
WASP-108 b,WASP-108,Transit,2020.0,Transiting Exoplanet Survey Satellite (TESS),2.67555212374,15.13212395,283.50293904,1589.0,6783.0,1.34415,1.167,258.777,195.8281644,-49.6397727
WASP-11 b,WASP-11,Transit,2008.0,SuperWASP,3.72247,12.44199,251.0857,992.0,4800.0,0.89,1.42,124.73,47.3689472,30.6733817
WASP-110 b,WASP-110,Transit,2021.0,Paranal Observatory,3.7784022,13.19297028,154.78243421,1158.0,5392.0,0.853,0.814,274.96,305.8724366,-44.0587001
WASP-113 b,WASP-113,Transit,2016.0,SuperWASP-North,4.54216874538,15.793481,150.96925,1496.0,5890.0,1.608,1.318,435.156,224.8728589,46.9600996
WASP-114 b,WASP-114,Transit,2016.0,SuperWASP-North,1.5487743,15.008851,562.24127,2043.0,5940.0,1.43,1.289,523.337,327.6656953,10.4629385
WASP-116 b,WASP-116,Transit,2025.0,SuperWASP,6.6132,13.67495645,203.41018048,1414.0,6250.0,1.426,1.25,559.243,35.2157609,-1.8260419
WASP-117 b,WASP-117,Transit,2014.0,SuperWASP,10.02165,11.88154,95.349,1001.0,6040.0,1.22,1.29,157.963,36.7758112,-50.2844247
WASP-118 b,WASP-118,Transit,2016.0,SuperWASP,4.0460435,16.14096,163.36462,1729.0,6410.0,1.696,1.32,376.658,19.5505861,2.7027847
WASP-119 b,WASP-119,Transit,2016.0,SuperWASP-South,2.49979,15.6926,390.9309,1600.0,5650.0,1.2,1.02,302.448,55.9336392,-65.19378
WASP-12 b,WASP-12,Transit,2008.0,SuperWASP,1.091418901,22.02564708,467.2101,2601.0,6265.0,1.69,1.325,427.246,97.636645,29.6722662
WASP-120 b,WASP-120,Transit,2016.0,SuperWASP,3.61126721,15.58048317,1541.4755,1749.0,6450.0,1.68443,1.393,381.174,62.6160813,-45.8982434
WASP-121 b,WASP-121,Transit,2016.0,SuperWASP,1.27492504,19.52604438,371.85923619,2409.0,6628.0,1.461,1.33,269.898,107.6002312,-39.0972705
WASP-123 b,WASP-123,Transit,2016.0,SuperWASP,2.97764359,15.13212395,285.72917,1500.0,5740.0,1.285,1.166,197.996,289.4792124,-32.8601244
WASP-124 b,WASP-124,Transit,2016.0,SuperWASP-South,3.37265,13.89916,190.698,1400.0,6050.0,1.02,1.07,448.637,332.7143373,-30.7497189
WASP-126 b,WASP-126,Transit,2016.0,SuperWASP-South,3.28883,10.51358773,90.3,1480.0,5800.0,1.27,1.12,216.526,63.374706,-69.2265926
WASP-126 c,WASP-126,Transit Timing Variations,2019.0,Transiting Exoplanet Survey Satellite (TESS),7.63,9.38,64.2,,5800.0,1.27,1.12,216.526,63.374706,-69.2265926
WASP-127 b,WASP-127,Transit,2016.0,SuperWASP,4.17806203,14.694999,52.346601,1400.0,5620.0,1.333,0.95,159.507,160.5587646,-3.8349989
WASP-129 b,WASP-129,Transit,2016.0,SuperWASP-South,5.748145,10.42437,317.83,1100.0,5900.0,0.9,1.0,301.462,176.2990518,-42.0639575
WASP-13 b,WASP-13,Transit,2009.0,SuperWASP,4.35301,13.67498,114.4188,1531.0,5950.0,1.37,0.72,227.537,140.1029654,33.8823291
WASP-130 b,WASP-130,Transit,2016.0,SuperWASP-South,11.55098,9.97601,390.9309,833.0,5625.0,0.96,1.04,172.256,203.1060194,-42.4752733
WASP-131 b,WASP-131,Transit,2016.0,SuperWASP-South,5.3220125,13.74221034,86.76715511,1460.0,5990.0,1.561,1.06,200.075,210.1935714,-30.5836084
WASP-132 b,WASP-132,Transit,2016.0,SuperWASP-South,7.1335164,10.09929161,136.0305582,682.0,4686.0,0.758,0.789,122.91,217.6091998,-46.159516
WASP-132 c,WASP-132,Transit,2022.0,Transiting Exoplanet Survey Satellite (TESS),1.01153624,1.841,6.26,1329.0,4686.0,0.758,0.789,122.91,217.6091998,-46.159516
WASP-132 d,WASP-132,Radial Velocity,2024.0,Multiple Observatories,1816.6,12.8,1639.99458012,107.0,4686.0,0.758,0.789,122.91,217.6091998,-46.159516
WASP-133 b,WASP-133,Transit,2016.0,SuperWASP-South,2.176423,13.56289,368.6828,1790.0,5700.0,1.44,1.16,559.084,314.5754375,-35.7966224
WASP-135 b,WASP-135,Transit,2015.0,SuperWASP,1.4013794,14.5717,603.877,1403.66,5675.0,0.96,0.98,298.214,267.2848846,29.8790428
WASP-136 b,WASP-136,Transit,2016.0,SuperWASP,5.21536178778,16.81347105,479.92089457,1630.0,6250.0,2.39014,1.41,275.587,0.325761,-8.9262512
WASP-138 b,WASP-138,Transit,2016.0,SuperWASP,3.634433,12.21781,387.7526,1590.0,6272.0,1.36,1.22,414.234,41.6391598,-0.4641252
WASP-139 b,WASP-139,Transit,2016.0,SuperWASP-South,5.924262,8.9672,37.18611,910.0,5310.0,0.8,0.92,212.472,49.562173,-41.3020235
WASP-14 b,WASP-14,Transit,2008.0,SuperWASP,2.24375,15.46842,2809.6172,1872.0,6475.0,1.4,1.62,161.997,218.2766247,21.8946875
WASP-140 b,WASP-140,Transit,2016.0,SuperWASP-South,2.23598448,14.23540549,775.5052,1270.0,5300.0,0.87,0.9,117.598,60.3855387,-20.4509991
WASP-141 b,WASP-141,Transit,2016.0,SuperWASP-South,3.310651,13.56289,854.9627,1540.0,5900.0,1.37,1.25,516.543,71.8244347,-17.1151736
WASP-142 b,WASP-142,Transit,2016.0,SuperWASP-South,2.052868,17.14977,266.9772,2000.0,6010.0,1.64,1.33,730.933,140.5063164,-23.946102
WASP-144 b,WASP-144,Transit,2018.0,SuperWASP-South,2.2783152,9.52765,139.8452,1260.0,5200.0,0.81,0.81,355.513,320.7628761,-40.0484393
WASP-145 A b,WASP-145 A,Transit,2018.0,SuperWASP-South,1.7690381,10.0881,282.8687,1200.0,4900.0,0.68,0.76,91.299,322.2537644,-58.8361466
WASP-147 b,WASP-147,Transit,2018.0,SuperWASP-South,4.60273,12.498035,87.40325,1404.0,5702.0,1.429,1.044,436.098,359.1915117,-22.1532316
WASP-148 b,WASP-148,Transit,2020.0,SuperWASP-North,8.803809,8.47398941,91.21675281,940.0,5555.0,0.912,0.954,246.353,254.1305022,44.3025361
WASP-148 c,WASP-148,Radial Velocity,2020.0,Haute-Provence Observatory,34.524,13.9,124.58873554,590.0,5555.0,0.912,0.954,246.353,254.1305022,44.3025361
WASP-149 b,WASP-149,Transit,2025.0,SuperWASP,1.332813,15.24421375,314.96795134,1855.0,5750.0,1.08,1.05,211.73,124.073681,-8.6865813
WASP-15 b,WASP-15,Transit,2009.0,SuperWASP,3.7521,15.80469,171.6282,1676.0,6300.0,1.48,1.18,282.091,208.9280111,-32.1597118
WASP-150 b,WASP-150,Transit,2020.0,SuperWASP-North,5.644207,11.99363,2688.8418,1460.0,6218.0,1.651,1.394,527.995,264.2630197,53.0212751
WASP-151 b,WASP-151,Transit,2017.0,SuperWASP-South,4.5334775,13.30506009,100.43377661,1312.0,5871.0,1.181,1.081,453.099,349.0634651,0.3066895
WASP-153 b,WASP-153,Transit,2017.0,SuperWASP,3.332609,17.37395,123.9537,1700.0,5914.0,1.73,1.336,610.176,279.2624729,40.0186905
WASP-154 b,WASP-154,Transit,2025.0,SuperWASP,3.811678,10.76062147,198.96058278,994.0,4774.0,0.823,0.8,215.501,327.7191734,-8.6359458
WASP-155 b,WASP-155,Transit,2025.0,SuperWASP,3.110413,13.45077684,276.8285425,1468.0,5660.0,1.24,1.09,399.63,347.979723,33.0476125
WASP-156 b,WASP-156,Transit,2017.0,SuperWASP,3.8361623,6.02802815,41.8,934.5,4987.0,0.8268,0.8712,122.066,32.782085,2.4181937
WASP-157 b,WASP-157,Transit,2016.0,SuperWASP,3.951623,11.19,182.43442,1193.0,5772.0,1.1,1.06,334.037,201.6551525,-8.3176353
WASP-158 b,WASP-158,Transit,2018.0,SuperWASP-South,3.656333,11.99363,886.7457,1590.0,6350.0,1.39,1.38,524.993,4.1463468,-10.9764226
WASP-159 b,WASP-159,Transit,2018.0,SuperWASP-South,3.840401,15.46842,174.8065,1850.0,6120.0,2.11,1.41,715.383,68.1364792,-38.9682973
WASP-16 b,WASP-16,Transit,2009.0,SuperWASP,3.1186,13.67498,394.1092,1389.0,5700.0,1.14,1.78,194.134,214.6830109,-20.2754374
WASP-160 B b,WASP-160 B,Transit,2018.0,SuperWASP-South,3.7684952,12.21781,88.35674,1119.0,5298.0,0.868,0.87,288.326,87.679561,-27.6233218
WASP-161 b,WASP-161,Transit,2018.0,SuperWASP-South,5.4060425,12.811887,791.3967,1557.0,6400.0,1.712,1.39,343.08,126.3378248,-11.5009889
WASP-162 b,WASP-162,Transit,2018.0,SuperWASP-South,9.62468,11.209,1652.716,910.0,5300.0,1.11,0.95,310.841,168.2929079,-17.6577794
WASP-163 b,WASP-163,Transit,2018.0,SuperWASP-South,1.6096884,13.473218,594.3421,1638.0,5500.0,1.015,0.97,261.386,256.5375549,-10.4130071
WASP-164 b,WASP-164,Transit,2018.0,SuperWASP-South,1.7771255,12.643752,676.9779,1610.0,5806.0,0.932,0.946,327.506,344.8735878,-60.4478194
WASP-165 b,WASP-165,Transit,2018.0,SuperWASP-South,3.465509,14.12334,209.13214,1624.0,5599.0,1.75,1.248,602.236,357.5806472,-17.0775947
WASP-166 b,WASP-166,Transit,2019.0,WASP-South,5.44354,7.06167,32.10083,1270.0,6050.0,1.22,1.19,114.173,144.8751047,-20.9824191
WASP-167 b,WASP-167,Transit,2017.0,Multiple Observatories,2.0219596,17.71022,2542.64,2329.0,7000.0,1.79,1.59,423.552,196.0437932,-35.5495292
WASP-168 b,WASP-168,Transit,2018.0,SuperWASP-South,4.153658,16.8135,133.4886,1340.0,6000.0,1.12,1.08,303.941,96.7446427,-46.8213635
WASP-169 b,WASP-169,Transit,2019.0,WASP-South,5.6114118,14.616536,178.30263,1604.0,6110.0,2.011,1.337,627.066,127.3872297,-12.9447683
WASP-17 b,WASP-17,Transit,2009.0,SuperWASP,3.73543,20.96083,247.9074,1755.0,6550.0,1.49,2.28,405.908,239.9622479,-28.0617941
WASP-170 b,WASP-170,Transit,2018.0,SuperWASP-South,2.34478022,12.285064,508.528,1422.0,5600.0,0.938,0.93,305.603,135.4163028,-20.7203686
WASP-171 b,WASP-171,Transit,2019.0,WASP-South,3.8186244,10.98482,344.52772,1642.0,5965.0,1.637,1.171,757.84,171.8450533,-44.0887035
WASP-172 b,WASP-172,Transit,2018.0,SuperWASP-South,5.477433,17.59813,149.3801,1740.0,6900.0,1.91,1.49,538.11,199.433742,-47.2375748
WASP-173 A b,WASP-173 A,Transit,2018.0,SuperWASP-South,1.38665318,13.4508,1172.7927,1880.0,5800.0,1.11,1.05,232.98,354.1686959,-34.6113042
WASP-174 b,WASP-174,Transit,2018.0,SuperWASP-South,4.2337005,16.10730527,104.88337431,1528.0,6399.0,1.347,1.24,410.149,195.7940145,-41.3848617
WASP-175 b,WASP-175,Transit,2019.0,WASP-South,3.0652907,13.540472,314.6517,1571.0,6229.0,1.204,1.212,539.36,166.3187996,-34.1227453
WASP-176 b,WASP-176,Transit,2020.0,SuperWASP-North,3.899052,16.869545,271.74465,1721.0,5941.0,1.925,1.345,568.42,313.6872928,9.1790688
WASP-177 b,WASP-177,Transit,2019.0,SuperWASP,3.071722,17.71022,161.45764,1142.0,5017.0,0.885,0.876,176.818,334.7969885,-1.8344301
WASP-178 b,WASP-178,Transit,2019.0,WASP-South,3.3448285,20.28829,527.5978,2470.0,9360.0,1.67,2.07,427.678,227.270329,-42.7049658
WASP-18 b,WASP-18,Transit,2009.0,SuperWASP,0.94145223,13.89913607,3241.8497514,2429.0,6432.0,1.319,1.294,123.483,24.3544618,-45.6777937
WASP-18 c,WASP-18,Transit Timing Variations,2019.0,Transiting Exoplanet Survey Satellite (TESS),2.1558,8.58,55.2,,6400.0,1.23,1.22,123.483,24.3544618,-45.6777937
WASP-180 A b,WASP-180 A,Transit,2019.0,SuperWASP,3.409264,13.89916,286.047,1540.0,6600.0,1.19,1.3,253.985,123.3922465,-1.9827874
WASP-181 b,WASP-181,Transit,2019.0,SuperWASP,4.5195064,13.271456,95.03117,1186.0,5839.0,0.965,1.04,437.495,26.7932253,3.1329325
WASP-182 b,WASP-182,Transit,2019.0,WASP-South,3.3769848,9.52765,47.03884,1479.0,5638.0,1.34,1.076,327.602,311.673345,-41.8209828
WASP-183 b,WASP-183,Transit,2019.0,SuperWASP,4.1117771,16.47723,159.55066,1111.0,5313.0,0.871,0.784,325.377,163.7888521,-0.7370663
WASP-184 b,WASP-184,Transit,2019.0,WASP-South,5.1817,14.90797,181.1631,1480.0,6000.0,1.65,1.23,663.231,209.51701,-30.348153
WASP-185 b,WASP-185,Transit,2019.0,WASP-South,9.38755,14.01125,311.4734,1160.0,5900.0,1.5,1.12,279.35,214.0595791,-19.5423062
WASP-186 b,WASP-186,Transit,2020.0,SuperWASP,5.026799,12.44199,1341.2426,1378.4,6361.0,1.47,1.22,278.514,18.9953122,21.6169065
WASP-187 b,WASP-187,Transit,2020.0,SuperWASP,5.147878,18.38276,254.264,1760.0,6150.0,2.83,1.54,371.414,17.47474,25.6816494
WASP-188 b,WASP-188,Transit,2025.0,SuperWASP,5.748916,14.81827249,458.6263913,1666.0,6850.0,1.83,1.5,675.281,278.7819771,36.6156327
WASP-189 b,WASP-189,Transit,2020.0,CHaracterising ExOPlanets Satellite (CHEOPS),2.724033,18.14733975,632.47852993,3353.0,8000.0,2.36,2.03,99.731,225.686732,-3.0314874
WASP-19 b,WASP-19,Transit,2009.0,SuperWASP,0.78883852,15.86070769,366.77398168,2113.0,5616.0,1.006,0.965,268.325,148.4167672,-45.6591078
WASP-190 b,WASP-190,Transit,2019.0,WASP-South,5.367753,12.89035,317.83,1500.0,6400.0,1.6,1.35,542.251,7.7095292,-40.5734613
WASP-192 b,WASP-192,Transit,2019.0,WASP-South,2.8786765,13.78707,731.009,1620.0,5910.0,1.32,1.09,508.885,223.6587187,-38.7445469
WASP-193 b,WASP-193,Transit,2023.0,WASP-South,6.2463475,14.78464554,35.59678158,1250.0,6080.0,1.213,1.018,362.087,164.3491401,-29.9971229
WASP-194 b,WASP-194,Transit,2025.0,SuperWASP,3.183387,15.47960235,373.13054982,1693.0,6405.0,1.409,1.29,476.831,295.3877064,56.2178049
WASP-195 b,WASP-195,Transit,2025.0,SuperWASP,5.051928,10.31226224,33.05415433,1522.0,6300.0,1.578,1.3,484.852,247.5496427,49.895791
WASP-197 b,WASP-197,Transit,2025.0,SuperWASP,5.167228,14.44837612,403.32424848,1665.0,6050.0,2.112,1.36,483.675,160.6307133,28.1986255
WASP-2 b,WASP-2,Transit,2007.0,SuperWASP,2.152175,12.116929,295.89973,1311.0,5180.0,0.866,0.895,153.242,307.7255587,6.4293305
WASP-20 b,WASP-20,Transit,2015.0,SuperWASP,4.89964477,15.46839337,98.841,1362.0,5940.0,1.242,1.2,211.877,5.1605621,-23.9357894
WASP-21 b,WASP-21,Transit,2010.0,SuperWASP,4.322482,11.99,95.345,1333.0,5800.0,1.06,1.01,258.426,347.4928024,18.3961597
WASP-22 b,WASP-22,Transit,2010.0,SuperWASP,3.53269,13.78707,212.9461,1502.0,6000.0,1.24,1.46,317.652,52.8180374,-23.8197924
WASP-23 b,WASP-23,Transit,2010.0,SuperWASP,2.9444256,10.783,280.95,1076.55,5150.0,0.765,0.78,207.49,101.1275033,-42.7622296
WASP-24 b,WASP-24,Transit,2010.0,SuperWASP,2.34121,15.46842,394.1092,1772.0,6075.0,1.42,1.43,322.114,227.2154975,2.343286
WASP-25 b,WASP-25,Transit,2010.0,SuperWASP,3.7648337,13.80946422,179.25522155,1217.0,5697.0,0.884,0.962,211.416,195.3597581,-27.5222273
WASP-26 b,WASP-26,Transit,2010.0,SuperWASP,2.7566,13.56289,270.1555,1650.0,6034.0,1.22,0.86,252.759,4.6030424,-15.2674044
WASP-28 b,WASP-28,Transit,2014.0,SuperWASP,3.40883495,13.66374747,282.54945382,1456.0,6084.0,1.083,0.993,348.494,353.6162694,-1.5799849
WASP-29 b,WASP-29,Transit,2010.0,SuperWASP,3.92273,8.63093,73.1009,970.0,4800.0,0.79,0.77,87.5953,357.8791976,-39.9071215
WASP-3 b,WASP-3,Transit,2007.0,SuperWASP,1.84683,15.91678,772.3269,2020.0,6400.0,1.44,1.62,231.161,278.6317411,35.6614312
WASP-31 b,WASP-31,Transit,2010.0,SuperWASP,3.4059096,17.363,151.916,1423.7,6302.0,1.252,1.163,383.829,169.4388603,-19.0547781
WASP-32 b,WASP-32,Transit,2010.0,SuperWASP,2.71866,10.76064,835.8929,1388.0,6140.0,0.95,0.72,275.994,3.9617073,1.2005122
WASP-33 b,WASP-33,Transit,2010.0,SuperWASP,1.21987,17.855937,665.21819,2781.7,7430.0,1.444,1.495,121.944,36.7127375,37.5504441
WASP-34 b,WASP-34,Transit,2010.0,SuperWASP,4.31768,11.209,177.9848,1250.0,5700.0,0.91,0.96,132.096,165.3993679,-23.8609457
WASP-35 b,WASP-35,Transit,2011.0,SuperWASP,3.16158,14.5717,225.6593,1338.29,5990.0,1.08,1.05,202.218,76.0818912,-6.2297801
WASP-36 b,WASP-36,Transit,2011.0,SuperWASP,1.53736596,14.874343,750.39663,1733.0,5959.0,0.985,1.081,386.346,131.5803897,-8.0269855
WASP-37 b,WASP-37,Transit,2010.0,SuperWASP,3.577469,13.002,572.07,1232.5,5800.0,1.003,0.925,392.791,221.9438866,1.0650227
WASP-38 b,WASP-38,Transit,2010.0,SuperWASP,6.87188,13.78707,1093.3352,1250.0,6180.0,1.52,1.76,136.24,243.9597194,10.0324103
WASP-39 b,WASP-39,Transit,2011.0,SuperWASP,4.0552941,14.336311,89.31023,1166.0,5485.0,0.939,0.913,213.982,217.3266477,-3.4444994
WASP-4 b,WASP-4,Transit,2007.0,SuperWASP,1.338230994,15.12091496,381.3940884,1653.0,5436.0,0.912,0.899,267.206,353.5629149,-42.0617794
WASP-41 b,WASP-41,Transit,2012.0,SuperWASP,3.0524,12.3299,270.1555,1244.0,5545.0,0.83,0.81,163.371,190.6188034,-30.6398176
WASP-41 c,WASP-41,Radial Velocity,2015.0,La Silla Observatory,421.0,13.1,1010.6994,241.0,5545.0,0.87,0.93,163.371,190.6188034,-30.6398176
WASP-42 b,WASP-42,Transit,2012.0,SuperWASP,4.9816819,12.576498,167.49641,1021.0,5315.0,0.892,0.951,177.291,192.981203,-42.0736165
WASP-43 b,WASP-43,Transit,2011.0,SuperWASP,0.813475,10.424,565.714,1426.7,4400.0,0.6,0.58,86.7467,154.9081869,-9.8064431
WASP-44 b,WASP-44,Transit,2011.0,SuperWASP,2.423804,12.3299,276.5121,1337.0,5420.0,0.906,0.935,364.512,3.9032733,-11.9382645
WASP-45 b,WASP-45,Transit,2011.0,SuperWASP,3.126089,10.603714,306.38812,1153.0,5150.0,0.855,0.85,211.196,5.2377567,-35.998465
WASP-46 b,WASP-46,Transit,2011.0,SuperWASP,1.43036763,13.159366,607.0553,1636.0,5600.0,0.858,0.828,375.31,318.7370122,-55.8718634
WASP-47 b,WASP-47,Transit,2012.0,SuperWASP,4.159151,12.86,374.0,1275.0,5565.0,1.156,1.058,264.78,331.203092,-12.019067
WASP-47 c,WASP-47,Radial Velocity,2015.0,La Silla Observatory,589.57,,447.0,247.0,5565.0,1.156,1.058,264.78,331.203092,-12.019067
WASP-47 d,WASP-47,Transit,2015.0,K2,9.030501,3.65,15.5,885.0,5565.0,1.156,1.058,264.78,331.203092,-12.019067
WASP-47 e,WASP-47,Transit,2015.0,K2,0.78961,1.83,9.0,1992.0,5565.0,1.156,1.058,264.78,331.203092,-12.019067
WASP-48 b,WASP-48,Transit,2011.0,SuperWASP,2.14363,16.8135,254.264,2035.0,5920.0,1.58,0.88,454.144,291.1623865,55.4730273
WASP-49 b,WASP-49,Transit,2012.0,SuperWASP,2.78174,12.44199,117.5971,1400.0,5600.0,0.97,0.92,194.553,91.0897193,-16.9653901
WASP-5 b,WASP-5,Transit,2008.0,SuperWASP,1.6284279,12.184,502.15,1706.0,5700.0,1.029,0.96,309.137,359.3490277,-41.2772202
WASP-50 b,WASP-50,Transit,2011.0,SuperWASP,1.9551,13.069694,466.828704,1394.84,5400.0,0.843,0.892,184.848,43.6880738,-10.8980242
WASP-52 b,WASP-52,Transit,2012.0,SuperWASP,1.7497798,14.24,146.2,1315.0,5000.0,0.79,0.87,174.818,348.4947931,8.7610793
WASP-53 b,WASP-53,Transit,2017.0,Multiple Facilities,3.3098443,12.038466,677.61356,1053.0,4953.0,0.798,0.839,201.338,31.9091639,-20.661843
WASP-53 c,WASP-53,Radial Velocity,2017.0,Multiple Facilities,2840.0,,5196.5205,,4953.0,0.798,0.839,201.338,31.9091639,-20.661843
WASP-54 b,WASP-54,Transit,2012.0,SuperWASP,3.69364,17.71022,187.5197,1759.0,6100.0,1.76,1.08,251.303,205.4542456,-0.1281712
WASP-55 b,WASP-55,Transit,2012.0,SuperWASP,4.465631,14.72860064,186.2474465,1342.0,6096.0,1.09,1.071,297.462,203.7581951,-17.5034961
WASP-56 b,WASP-56,Transit,2012.0,SuperWASP,4.6171,10.53646,143.0235,1216.0,5600.0,0.96,0.71,321.084,183.3660401,23.055687
WASP-57 b,WASP-57,Transit,2012.0,SuperWASP,2.83891856,11.76945,204.68252,1338.0,5600.0,0.927,0.886,398.276,223.8199788,-2.0576866
WASP-58 b,WASP-58,Transit,2012.0,SuperWASP,5.01718,16.02887,308.2951,1270.0,5800.0,1.22,1.06,290.404,274.7012534,45.1722194
WASP-59 b,WASP-59,Transit,2012.0,SuperWASP,7.919585,8.687,274.276,670.0,4650.0,0.613,0.719,115.936,349.6229547,24.889277
WASP-6 b,WASP-6,Transit,2009.0,SuperWASP,3.3610026,12.5428494,148.42586607,1167.0,5438.0,0.79,0.854,197.119,348.1571282,-22.6741248
WASP-60 b,WASP-60,Transit,2012.0,SuperWASP,4.305,9.86392,174.8065,1479.0,5900.0,1.17,1.19,431.052,356.6667136,31.1559115
WASP-61 b,WASP-61,Transit,2012.0,SuperWASP,3.8559,15.80469,851.7844,1624.4,6250.0,1.55,1.82,488.66,75.2996637,-26.0541438
WASP-62 b,WASP-62,Transit,2012.0,SuperWASP,4.41195,14.79588,165.2716,1475.3,6230.0,1.23,1.11,175.631,87.1398205,-63.9883286
WASP-63 b,WASP-63,Transit,2012.0,SuperWASP,4.37808,15.80469,117.5971,1469.91,5550.0,1.86,1.28,290.684,94.3363562,-38.3233826
WASP-64 b,WASP-64,Transit,2012.0,SuperWASP,1.5732918,14.247,403.945,1689.0,5400.0,1.058,1.004,369.926,101.1149223,-32.8583878
WASP-65 b,WASP-65,Transit,2013.0,SuperWASP,2.3114243,12.464,492.62,1480.0,5600.0,1.01,0.93,273.703,133.3242982,8.5230171
WASP-66 b,WASP-66,Transit,2012.0,SuperWASP,4.08605,15.6926,746.9005,1569.7,6600.0,1.76,1.33,500.258,158.2250301,-34.9899074
WASP-67 b,WASP-67,Transit,2012.0,SuperWASP,4.61442,12.89035,136.6669,1003.0,5200.0,0.88,0.91,189.469,295.7438485,-19.9497314
WASP-68 b,WASP-68,Transit,2014.0,SuperWASP,5.0843,14.79588,343.2564,1490.0,5910.0,1.79,1.49,226.399,305.0957239,-19.3147271
WASP-69 b,WASP-69,Transit,2014.0,SuperWASP,3.86813881,11.21,82.58,971.0,4792.0,0.801,0.83,49.9605,315.0259661,-5.094857
WASP-7 b,WASP-7,Transit,2008.0,SuperWASP,4.9546416,14.90797,305.1168,1487.0,6400.0,1.432,1.276,162.303,311.0427558,-39.2254856
WASP-70 A b,WASP-70 A,Transit,2014.0,SuperWASP,3.7130203,13.047,187.512,1387.0,5763.0,1.215,1.106,222.355,315.4771912,-13.4333821
WASP-71 b,WASP-71,Transit,2012.0,SuperWASP,2.90367,13.22662,441.7837,2016.1,6050.0,1.82,0.76,362.715,29.2634506,0.7588247
WASP-72 b,WASP-72,Transit,2012.0,SuperWASP,2.21673,14.45961,731.009,2210.0,6250.0,2.18,2.78,434.754,41.0400779,-30.1690785
WASP-73 b,WASP-73,Transit,2014.0,SuperWASP,4.08722,15.91678,908.9938,1790.0,6030.0,2.55,2.52,316.678,319.9496969,-58.1489328
WASP-74 b,WASP-74,Transit,2015.0,SuperWASP,2.13775,15.24424,228.8376,1865.0,5990.0,1.42,0.98,149.216,304.538843,-1.0760033
WASP-75 b,WASP-75,Transit,2013.0,SuperWASP,2.484193,14.235,340.06,1710.0,6100.0,1.26,1.14,294.001,342.3858995,-10.6754686
WASP-76 b,WASP-76,Transit,2016.0,SuperWASP,1.80988198,20.78145022,284.13859586,2228.0,6329.0,1.756,1.458,194.459,26.632936,2.700389
WASP-77 A b,WASP-77 A,Transit,2012.0,SuperWASP,1.360029395,13.56,529.31142902,1674.0,5617.0,0.91,0.903,105.166,37.1555223,-7.0606675
WASP-78 b,WASP-78,Transit,2012.0,SuperWASP,2.17518,21.63337,352.7913,2469.7,6100.0,2.46,1.87,754.258,63.7562662,-22.1163901
WASP-79 b,WASP-79,Transit,2012.0,SuperWASP,3.662392,17.14974047,270.15414595,1716.2,6600.0,1.51,1.39,246.69,66.3709016,-30.6004362
WASP-8 b,WASP-8,Transit,2010.0,SuperWASP,8.15872,12.66617,807.2882,1059.0,5600.0,1.03,1.34,89.9606,359.9008737,-35.0313349
WASP-8 c,WASP-8,Radial Velocity,2013.0,SuperWASP,4323.0,12.5,3003.37,,5690.0,0.96,1.04,89.9606,359.9008737,-35.0313349
WASP-80 b,WASP-80,Transit,2012.0,SuperWASP,3.06785234,11.197791,170.99254,825.0,4143.0,0.586,0.577,49.7876,303.1667996,-2.1444369
WASP-81 b,WASP-81,Transit,2017.0,Multiple Facilities,2.7164762,16.017661,231.69807,1623.0,5870.0,1.283,1.08,398.505,304.2079924,3.2939492
WASP-82 b,WASP-82,Transit,2015.0,SuperWASP,2.70579,18.15858,371.8611,2190.0,6480.0,2.1,1.48,275.664,72.6605916,1.8938365
WASP-83 b,WASP-83,Transit,2015.0,SuperWASP,4.971252,11.65736,95.349,1120.0,5510.0,1.05,1.11,271.103,190.1519558,-19.2843527
WASP-84 b,WASP-84,Transit,2014.0,SuperWASP,8.52349648,10.72,220.0,732.0,5280.0,0.768,0.853,100.588,131.1069959,1.8598933
WASP-84 c,WASP-84,Transit,2023.0,Transiting Exoplanet Survey Satellite (TESS),1.4468849,1.95,15.2,1329.0,5280.0,0.768,0.853,100.588,131.1069959,1.8598933
WASP-85 A b,WASP-85 A,Transit,2016.0,K2,2.6556777,13.89916,402.05495,1452.0,6112.0,0.935,1.09,141.887,175.9080328,6.5637842
WASP-87 b,WASP-87,Transit,2016.0,Anglo-Australian Telescope,1.682795,15.524465,692.8694,2049.54,6450.0,1.627,1.204,298.392,185.3246821,-52.8408163
WASP-88 b,WASP-88,Transit,2014.0,SuperWASP,4.954,16.36514,133.4886,1772.0,6430.0,1.8,0.94,523.756,309.5112337,-48.4620833
WASP-89 b,WASP-89,Transit,2015.0,SuperWASP,3.3564227,11.65736,1875.197,1120.0,5130.0,0.88,0.92,290.946,313.9000261,-18.9714084
WASP-90 b,WASP-90,Transit,2016.0,SuperWASP,3.916243,18.27067,200.2329,1840.0,6430.0,1.98,1.55,466.433,315.5319489,7.0562793
WASP-91 b,WASP-91,Transit,2017.0,SuperWASP-South,2.798581,11.54527,425.8922,1160.0,4920.0,0.86,0.84,149.942,357.846434,-70.1528621
WASP-92 b,WASP-92,Transit,2016.0,SuperWASP,2.1746742,16.376349,255.85315,1871.0,6280.0,1.341,1.19,575.889,246.6920395,51.0411328
WASP-93 b,WASP-93,Transit,2016.0,SuperWASP,2.7325321,17.900773,467.2101,1942.0,6700.0,1.524,1.334,370.284,9.4587443,51.288778
WASP-94 A b,WASP-94 A,Transit,2014.0,SuperWASP,3.95019,17.71022,158.915,1604.0,6170.0,1.48,1.67,211.211,313.7832393,-34.1357512
WASP-94 B b,WASP-94 B,Radial Velocity,2014.0,SuperWASP,2.00839,14.1,196.411,,6040.0,1.35,1.24,208.696,313.7882932,-34.135724
WASP-95 b,WASP-95,Transit,2014.0,SuperWASP,2.18467,13.78707,457.6752,1570.0,5830.0,1.23,1.46,137.544,337.4578243,-48.0030988
WASP-96 b,WASP-96,Transit,2014.0,SuperWASP,3.4252602,13.45,152.55,1285.0,5540.0,1.05,1.06,352.464,1.0465696,-47.3606352
WASP-97 b,WASP-97,Transit,2014.0,SuperWASP,2.07276,12.77826,432.2488,1555.0,5640.0,1.08,1.18,151.068,24.6051389,-55.7720006
WASP-98 b,WASP-98,Transit,2014.0,SuperWASP,2.96264036,12.823096,293.03926,1171.0,5473.0,0.741,0.809,281.742,58.4290113,-34.3282716
WASP-99 b,WASP-99,Transit,2014.0,SuperWASP,5.75251,11.43318,772.3269,1480.0,6150.0,1.64,1.21,158.66,39.8976689,-50.0081934
WD 0806-661 b,WD 0806-661,Imaging,2011.0,Spitzer Space Telescope,,12.6,2542.627256,340.0,9552.0,,0.62,19.2444,121.7275683,-66.3058835
WD 1856+534 b,WD 1856+534,Transit,2020.0,Transiting Exoplanet Survey Satellite (TESS),1.4079405,10.4,4386.054,163.0,4710.0,0.0131,0.518,24.7359,284.415675,53.5090244
WISE J033605.05-014350.4 b,WISE J033605.05-014350.4,Imaging,2023.0,James Webb Space Telescope (JWST),2560.0,12.6,2622.08435775,325.0,415.0,,0.0131,,54.0210417,-1.7306944
WISEP J121756.91+162640.2 A b,WISEP J121756.91+162640.2 A,Imaging,2012.0,W. M. Keck Observatory,,10.468,6992.0,450.0,575.0,0.091,0.029,10.1,184.487125,16.4445
WISPIT 1 b,WISPIT 1,Imaging,2025.0,Paranal Observatory,,12.4,3305.4154328,,4670.0,1.1161,0.72,230.007,117.798555,-50.1376852
WISPIT 1 c,WISPIT 1,Imaging,2025.0,Paranal Observatory,,12.8,1684.4905571,,4670.0,1.1161,0.72,230.007,117.798555,-50.1376852
WISPIT 2 b,WISPIT 2,Imaging,2025.0,Paranal Observatory,,17.93436912,1541.46777395,,4400.0,1.418,1.08,134.907,290.8209991,-7.6820823
WISPIT 2 c,WISPIT 2,Imaging,2026.0,Multiple Observatories,,17.93436912,3178.28407,2050.0,4530.0,1.3,1.08,134.907,290.8209991,-7.6820823
WTS-1 b,WTS-1,Transit,2012.0,United Kingdom Infrared Telescope,3.352057,16.7,1274.44,1500.0,6250.0,1.15,1.2,2346.01,293.9850284,36.2962939
WTS-2 b,WTS-2,Transit,2014.0,United Kingdom Infrared Telescope,1.0187068,15.277867,355.9696,2000.0,5000.0,0.752,0.82,1030.76834437,293.7327826,36.8154936
Wendelstein-1 b,Wendelstein-1,Transit,2020.0,Haleakala Observatory,2.663416,11.5609626,188.15536,2198.0,4251.0,0.61,0.65,305.3,299.0506412,17.5699627
Wendelstein-2 b,Wendelstein-2,Transit,2020.0,Haleakala Observatory,1.7522239,12.9934728,232.33373,2470.0,4591.0,0.66,0.73,565.541,297.7909214,16.9125679
Wolf 1061 b,Wolf 1061,Radial Velocity,2015.0,La Silla Observatory,4.8869,1.21,1.91,,3342.0,0.307,0.294,4.30592,247.5748276,-12.6676866
Wolf 1061 c,Wolf 1061,Radial Velocity,2015.0,La Silla Observatory,17.8719,1.66,3.41,,3342.0,0.307,0.294,4.30592,247.5748276,-12.6676866
Wolf 1061 d,Wolf 1061,Radial Velocity,2015.0,La Silla Observatory,217.21,2.69,7.7,,3342.0,0.307,0.294,4.30592,247.5748276,-12.6676866
Wolf 1069 b,Wolf 1069,Radial Velocity,2023.0,Calar Alto Observatory,15.564,1.08,1.26,250.1,3158.0,0.1813,0.167,9.58341,306.5242477,58.5753044
Wolf 327 b,Wolf 327,Transit,2024.0,Transiting Exoplanet Survey Satellite (TESS),0.5734745,1.24,2.53,996.0,3542.0,0.406,0.405,28.5321,148.3783199,35.570548
Wolf 503 b,Wolf 503,Transit,2018.0,K2,6.00127,2.043,6.26,790.0,4716.0,0.689,0.688,44.526,206.8461979,-6.1393369
XO-1 b,XO-1,Transit,2006.0,XO,3.94153,12.77826,263.7989,1210.0,5750.0,0.88,0.88,163.553,240.5492745,28.1696248
XO-2 N b,XO-2 N,Transit,2007.0,XO,2.61585906,11.130537,199.91507,1328.0,5290.0,0.998,0.96,154.273,117.0267691,50.2251472
XO-2 S b,XO-2 S,Radial Velocity,2014.0,Roque de los Muchachos Observatory,18.22,10.9,82.63538582,,5325.0,1.02,0.98,151.398,117.0309753,50.2169068
XO-2 S c,XO-2 S,Radial Velocity,2014.0,Roque de los Muchachos Observatory,120.059,13.6,438.60320166,,5325.0,1.02,0.98,151.398,117.0309753,50.2169068
XO-2 S d,XO-2 S,Radial Velocity,2024.0,Multiple Observatories,4696.0,13.0,1179.14338997,,5325.0,1.02,0.98,151.398,117.0309753,50.2169068
XO-3 b,XO-3,Transit,2007.0,XO,3.19152309,14.79585452,4217.58296089,1890.0,6970.0,1.523,1.449,213.053,65.4695814,57.8172095
XO-4 b,XO-4,Transit,2010.0,Lowell Observatory,4.12508,14.01125,451.3186,1630.0,6397.0,1.45,1.1,272.655,110.3880285,58.2681094
XO-5 b,XO-5,Transit,2008.0,XO,4.1877558,12.78,378.2,1230.0,5430.0,1.13,1.04,276.211,116.7163868,39.0944695
XO-6 b,XO-6,Transit,2016.0,XO,3.7650007,23.20263,1398.452,1577.0,6720.0,1.93,1.47,235.479,94.7929552,73.8275672
XO-7 b,XO-7,Transit,2019.0,XO,2.8641424,15.389957,225.34147,1743.0,6250.0,1.48,1.405,234.149,277.4780753,85.2333208
YZ Cet b,YZ Cet,Radial Velocity,2017.0,La Silla Observatory,2.02087,0.913,0.7,471.2,3151.0,0.157,0.142,3.71207,18.1330792,-16.9962434
YZ Cet c,YZ Cet,Radial Velocity,2017.0,La Silla Observatory,3.05989,1.05,1.14,410.3,3151.0,0.157,0.142,3.71207,18.1330792,-16.9962434
YZ Cet d,YZ Cet,Radial Velocity,2017.0,La Silla Observatory,4.65626,1.03,1.09,356.7,3151.0,0.157,0.142,3.71207,18.1330792,-16.9962434
ZTF J1230-2655 b,ZTF J1230-2655,Transit,2025.0,Zwicky Transient Facility,0.23597766,13.78704626,7024.0077947,,10000.0,0.0123,0.646,186.69,187.5689308,-26.9309608
ZTF J1828+2308 b,ZTF J1828+2308,Transit,2025.0,Zwicky Transient Facility,0.1120067,11.13051784,6356.56814,,15900.0,0.0131,0.61,201.827,277.2031946,23.1439121
alf Ari b,alf Ari,Radial Velocity,2010.0,Bohyunsan Optical Astronomical Observatory,380.8,13.4,572.07,,4553.0,13.9,1.5,20.21019,31.793286,23.462421
alf Tau b,alf Tau,Radial Velocity,2015.0,Multiple Observatories,628.96,12.7,2056.3601,,4055.0,45.1,1.13,20.4332,68.980174,16.509201
b Cen AB b,b Cen A,Imaging,2021.0,Paranal Observatory,1790000.0,12.4,3464.3296363,,,,5.5,98.0935,220.4897992,-37.7936323
bet Cnc b,bet Cnc,Radial Velocity,2014.0,Bohyunsan Optical Astronomical Observatory,605.2,12.6,2479.0,,4092.1,47.2,1.7,89.0472,124.1286379,9.1853306
bet Pic b,bet Pic,Imaging,2008.0,Paranal Observatory,8617.50952,18.49485,3727.8093857,1612.0,8038.68,1.54416,1.795,19.7442,86.8212337,-51.066148
bet Pic c,bet Pic,Radial Velocity,2019.0,La Silla Observatory,1192.77951,12.5,3222.46221857,1250.0,8038.68,1.54416,1.795,19.7442,86.8212337,-51.066148
bet UMi b,bet UMi,Radial Velocity,2014.0,Bohyunsan Optical Astronomical Observatory,522.3,12.7,1938.7,,4126.0,38.3,1.4,38.77472,222.676495,74.155548
eps CrB b,eps CrB,Radial Velocity,2012.0,Bohyunsan Optical Astronomical Observatory,417.9,12.7,2129.461,,4406.0,21.0,1.7,69.8683,239.3965057,26.8776171
eps Eri b,eps Eri,Radial Velocity,2000.0,Multiple Observatories,2671.0,14.1,209.76674862,,5020.38,0.759106,0.82,3.2026,53.2284306,-9.4581715
eps Ind A b,eps Ind A,Radial Velocity,2019.0,La Silla Observatory,39400.0,12.6,2425.03074541,275.0,4760.0,0.679,0.781,3.63857,330.8714021,-56.7969023
eps Tau b,eps Tau,Radial Velocity,2006.0,Okayama Astrophysical Observatory,585.82,12.7,2285.18624633,,4877.0,12.35,2.57,47.52852,67.1546573,19.1802782
gam Cep b,gam Cep,Radial Velocity,2003.0,Multiple Observatories,913.0,12.7,2097.6674862,,4775.0,4.74,1.27,14.1024,354.8358233,77.6331009
gam Lib b,gam Lib,Radial Velocity,2018.0,Okayama Astrophysical Observatory,414.88,13.7,357.87478628,,4879.0,12.38,1.78,47.4017,233.8818636,-14.789502
gam Lib c,gam Lib,Radial Velocity,2018.0,Okayama Astrophysical Observatory,966.49,12.8,1662.56039702,,4879.0,12.38,1.78,47.4017,233.8818636,-14.789502
gam Psc b,gam Psc,Radial Velocity,2021.0,Okayama Astrophysical Observatory,555.1,13.6,425.89006538,,4742.0,11.2,0.99,41.3107,349.2946794,3.2823664
gam1 Leo b,gam1 Leo,Radial Velocity,2009.0,Bohyunsan Optical Astronomical Observatory,428.5,12.5,2790.43,,4330.0,31.88,1.23,39.8883,154.993208,19.841389
iot Dra b,iot Dra,Radial Velocity,2002.0,Lick Observatory,510.8544,12.4,3756.73177074,,4504.0,11.79,1.54,31.32832,231.2323227,58.9661403
iot Dra c,iot Dra,Radial Velocity,2021.0,La Silla Observatory,25000.0,12.2,4958.1231492,,4504.0,11.79,1.54,31.32832,231.2323227,58.9661403
kap And b,kap And,Imaging,2012.0,Subaru Telescope,,15.91675259,5498.4314411,1791.0,11327.0,2.109,2.768,50.0177,355.1025974,44.3338511
kap CrB b,kap CrB,Radial Velocity,2007.0,Lick Observatory,1253.68,13.4,635.66,,4840.0,4.68,1.33,30.0651,237.8080012,35.6558818
mu Leo b,mu Leo,Radial Velocity,2014.0,Bohyunsan Optical Astronomical Observatory,357.8,13.3,762.8,,4538.2,11.4,1.5,32.6081,148.1898673,26.0067142
mu2 Sco b,mu2 Sco,Imaging,2022.0,Paranal Observatory,,12.3,4576.7290608,,21700.0,5.6,9.1,,253.0838724,-38.0176339
nu Oct A b,nu Oct A,Radial Velocity,2016.0,University of Canterbury Mt John Observatory,402.4,13.3,696.04421133,,4910.0,5.04,1.57,21.1999,325.3702792,-77.3910853
nu Oph b,nu Oph,Radial Velocity,2012.0,Okayama Astrophysical Observatory,529.93,12.0,7057.73298,,4887.0,12.24,2.61,46.2107,269.7566013,-9.7741342
nu Oph c,nu Oph,Radial Velocity,2012.0,Okayama Astrophysical Observatory,3180.6,12.0,7838.32346,,4887.0,12.24,2.61,46.2107,269.7566013,-9.7741342
ome Ser b,ome Ser,Radial Velocity,2013.0,Okayama Astrophysical Observatory,278.59,14.0,233.92170755,,4724.0,10.99,1.01,76.7556,237.5732422,2.196304
omi CrB b,omi CrB,Radial Velocity,2012.0,Okayama Astrophysical Observatory,187.01,13.7,355.96781584,,4769.0,11.87,1.3,84.7883,230.0350768,29.6160222
omi UMa b,omi UMa,Radial Velocity,2012.0,Okayama Astrophysical Observatory,1569.81,13.0,1160.39151396,,5075.0,13.84,2.72,54.9149,127.5649503,60.7177048
pi Men c,HD 39091,Transit,2018.0,Transiting Exoplanet Survey Satellite (TESS),6.2678399,2.0189,3.63,1169.8,5998.0,1.17,1.07,18.2702,84.2992798,-80.4646041
pi Men d,HD 39091,Radial Velocity,2022.0,La Silla Observatory,124.64,3.72,13.38,,5998.0,1.19,1.07,18.2702,84.2992798,-80.4646041
psi1 Dra B b,psi1 Dra B,Radial Velocity,2015.0,McDonald Observatory,3117.0,13.5,486.2799,,6212.0,1.255735,1.19,22.7188,265.4925754,72.1557114
rho CrB b,rho CrB,Radial Velocity,1997.0,Fred Lawrence Whipple Observatory,39.849,13.7,347.995,614.0,5817.0,1.3617,1.0,17.4671,240.2600639,33.3001861
rho CrB c,rho CrB,Radial Velocity,2016.0,Multiple Observatories,102.036,5.68,27.442,448.1,5817.0,1.3617,1.0,17.4671,240.2600639,33.3001861
rho CrB e,rho CrB,Radial Velocity,2023.0,Lowell Observatory,12.904,1.75,3.71,,5817.0,1.3617,1.0,17.4671,240.2600639,33.3001861
tau Boo b,tau Boo,Radial Velocity,1996.0,Lick Observatory,3.3124568,12.8,1891.0,,6466.27,1.42588,1.32,15.6521,206.8134593,17.4571647
tau Cet f,tau Cet,Radial Velocity,2017.0,Multiple Observatories,636.13,1.81,3.93,,5310.0,0.83,0.783,3.60304,26.0093029,-15.9337987
tau Cet g,tau Cet,Radial Velocity,2017.0,Multiple Observatories,20.0,1.18,1.75,,5310.0,0.83,0.783,3.60304,26.0093029,-15.9337987
tau Cet h,tau Cet,Radial Velocity,2017.0,Multiple Observatories,49.41,1.19,1.83,,5310.0,0.83,0.783,3.60304,26.0093029,-15.9337987
tau Gem b,tau Gem,Radial Velocity,2013.0,Lick Observatory,305.5,12.1,6547.0,,4388.0,26.8,2.3,112.537,107.7847232,30.2449545
ups And b,ups And,Radial Velocity,1996.0,Lick Observatory,4.617033,14.0,218.531,,6156.77,1.56,1.3,13.4054,24.1983534,41.4038147
ups And c,ups And,Radial Velocity,1999.0,Multiple Observatories,241.258,12.3,4443.24112986,,6156.77,1.56,1.3,13.4054,24.1983534,41.4038147
ups And d,ups And,Radial Velocity,1999.0,Multiple Observatories,1276.46,12.5,3257.74117175,,6156.77,1.56,1.3,13.4054,24.1983534,41.4038147
ups Leo b,ups Leo,Radial Velocity,2021.0,Okayama Astrophysical Observatory,385.2,14.2,162.09248757,,4836.0,11.22,1.48,52.5973,174.2372188,-0.8235643
xi Aql b,xi Aql,Radial Velocity,2007.0,Okayama Astrophysical Observatory,136.97,13.4,616.90493799,,4841.0,10.86,1.74,56.1858,298.5624491,8.4611051
